chr1:173420412-173420765|ORR1E	chr13	88.397	1056	1225	122	1	1357	85865260	85866464	2354	0	1217.9	+
chr12:119049416-119049583|ORR1E	chr4	87.5	525	600	70	1572	2167	62610382	62610980	2168	0	688	-
chrX:114733609-114733753|ORR1D2	chr10	90.689	487	537	50	1596	2132	89770527	89771063	2145	0	715	+
chr17:64471574-64471891|ORR1E	chr17	90.026	343	381	33	347	724	20857191	20857569	2318	4.88e-135	488	-
chr7:134555408-134555722|ORR1D2	chr1	80.172	744	928	106	47	936	189348754	189349641	2315	1.28e-175	623	-
chr16:19778468-19778804|ORR1D2	chr2	91.563	369	403	26	1637	2035	46068326	46068724	2337	2.22e-153	549	-
chr12:40007284-40007457|ORR1E	chr17	91.842	349	380	30	1348	1726	20857190	20857569	2174	2.69e-147	529	-
chr12:12666040-12666336|ORR1E	chr6	84.937	609	717	91	3	708	35449018	35449728	2297	0	710	+
chr13:108056938-108057295|ORR1E	chr2	83.023	714	860	105	2	847	39540132	39540964	2358	0	741	-
chr13:21321119-21321380|ORR1E	chr17	79.409	806	1015	124	302	1270	43406265	43407240	2262	4.46e-180	638	+
chr1:36126287-36126356|ORR1E	chr2	91.272	366	401	29	569	965	46068326	46068724	2070	3.29e-151	542	+
chr14:120894688-120894875|ORR1D2	chr17	91.192	352	386	33	1346	1730	20857191	20857576	2188	1.26e-145	523	-
chr14:96847013-96847323|ORR1E	chr15	82.929	923	1113	151	943	2037	73530392	73531483	2311	0	966	+
chr2:124784660-124784976|ORR1E	chr20	94.015	377	401	22	1502	1901	17110850	17111249	2317	1.29e-170	606	+
chr3:22010678-22010840|ORR1E	chr2	85.781	923	1076	131	91	1164	104726135	104727190	2163	0	1120	+
chr6:112987079-112987239|ORR1D2	chr4	83.636	966	1180	123	3	1783	146124442	146126262	2161	2.07e-148	863.55	+
chr10:31519562-31519740|ORR1E	chr1	86.741	700	807	81	1390	2179	18800495	18801292	2179	0	874	-
chr9:14876303-14876411|ORR1E	chr8	82.431	624	757	105	356	1109	11707595	11708326	2109	1.5e-179	636	+
chr11:92097094-92097443|ORR1E	chr3	85.374	502	588	83	342	927	57031051	57031637	2350	1.31e-170	606	-
chr15:31137530-31137700|ORR1E	chr13	85.917	787	916	107	7	916	74823324	74824223	2171	0	957	+
chr14:94068722-94068888|ORR1D2	chr5	82.531	600	727	110	1438	2156	74114538	74115255	2167	1.2e-175	623	+
chr1:117427763-117427969|ORR1D2	chr15	80.378	553	688	108	1531	2207	97641805	97642476	2207	7.71e-138	497	-
chr1:122949501-122949748|ORR1D2	chr18	77.347	618	799	129	1	778	1364777	1365544	2248	3.76e-116	425	+
chr18:53166497-53166880|ORR1E	chr15	80.721	649	804	128	1551	2339	97641685	97642476	2384	6.18e-169	601	+
chr1:95231144-95231375|ORR1D2	chr9	79.94	801	1002	152	1246	2225	95633726	95634700	2232	0	691	+
chr6:107986718-107987023|ORR1D2	chr4	81.282	1103	1357	165	1	1305	140947004	140948323	2306	0	1016	+
chr10:5224582-5224839|ORR1D2	chr19	86.522	719	831	88	132	942	30796678	30797504	2258	0	893	-
chr11:34116846-34117078|ORR1E	chr5	88.723	653	736	80	1496	2231	132776169	132776901	2233	0	896	+
chr13:100247171-100247428|ORR1E	chr2	79.873	631	790	136	1	777	44160424	44161203	2258	1.28e-155	556	+
chr13:63394432-63394699|ORR1D2	chr17	81.52	794	974	102	1302	2258	1723997	1724909	2268	0	730	-
chr10:15493162-15493417|ORR1D2	chr1	84.603	511	604	81	3	603	2842582	2843176	2256	1.26e-165	590	+
chr5:71403786-71404138|ORR1E	chr14	79.286	1079	1294	194	3	2348	2898342	2900540	2353	0	1121	+
chr16:52540638-52540924|ORR1D2	chr11	81.733	613	750	97	947	1677	48253104	48253832	2287	1.28e-165	590	-
chr16:53409283-53409527|ORR1D2	chr11	80.358	1076	1339	201	922	2241	47299251	47300546	2245	0	959	-
chr16:15413709-15413802|ORR1E	chr2	91.507	431	471	38	1553	2021	120104053	120104523	2094	0	647	+
chr11:10460524-10460889|ORR1E	chr14	80.926	1468	1814	286	589	2366	85074830	85076619	2366	0	1378	+
chr6:67997026-67997230|ORR1D2	chr1	85.489	542	634	84	1573	2205	235553573	235554199	2205	0	654	+
chr5:144515288-144515476|ORR1E	chr1	87.284	810	928	115	1	928	235553267	235554191	2189	0	1057	+
chr6:148705844-148706157|ORR1E	chr2	87.87	623	709	74	3	701	194623202	194623908	2314	0	822	-
chr4:145430352-145430700|ORR1D2	chr12	86.535	437	505	62	194	696	38078868	38079368	2349	6.22e-154	551	-
chrX:165428970-165429252|ORR1E	chr10	90.936	311	342	31	1	342	89615053	89615394	2283	1.05e-126	460	+
chr13:8733235-8733324|ORR1E	chr1	88.206	875	992	115	1100	2090	235553127	235554117	2090	0	1182	+
chr10:53881683-53882032|ORR1E	chr20	78.358	1231	1571	209	444	1965	33181800	33183288	2350	0	896	+
chr18:46698376-46698473|ORR1E	chr1	88.854	837	942	92	3	935	235553099	235554036	2098	0	1146	+
chr3:141302792-141303110|ORR1D2	chr1	86.71	796	918	111	4	915	235553055	235553967	2319	0	1009	-
chr3:81847473-81847756|ORR1E	chr1	90.398	386	427	38	3	428	235553484	235553908	2284	3.61e-156	558	+
chr2:135500947-135501271|ORR1E	chr3	80.956	948	1171	157	798	1952	122804282	122805402	2325	0	867	-
chr14:44886745-44887161|ORR1E	chr1	85.235	635	745	103	1	742	235553095	235553835	2417	0	760	-
chr19:12161500-12161808|ORR1E	chr17	85.026	829	975	137	1333	2307	68517909	68518874	2309	0	983	-
chr18:6879286-6879372|ORR1E	chrX	87.723	786	896	95	1203	2087	30838688	30839579	2087	0	1031	-
chr7:36220869-36221187|ORR1E	chr1	82.278	1351	1642	204	1	1604	88896467	88898059	2319	0	1339	-
chr5:49853323-49853598|ORR1E	chr14	83.615	1582	1892	221	450	2276	61069546	61071413	2276	0	1694	-
chr12:92716324-92716614|ORR1E	chr2	85.086	542	637	86	1448	2075	31983527	31984163	2291	0	641	-
chr14:22002565-22002895|ORR1D2	chr15	80.779	1244	1540	208	558	2020	2300238	2301766	2331	0	1123	-
chr14:94058170-94058523|ORR1D2	chr15	78.89	938	1189	198	777	1944	70398692	70399848	2354	0	756	-
chr3:82207263-82207612|ORR1D2	chr2	82.824	786	949	117	1421	2344	167556631	167557558	2350	0	808	-
chr2:173469827-173470154|ORR1D2	chr3	79.764	1218	1527	205	1	1482	162262244	162263711	2328	0	1013	+
chr16:83497741-83498070|ORR1E	chr14	86.016	855	994	114	14	992	31545461	31546444	2330	0	1042	+
chr13:100250165-100250259|ORR1E	chr8	86.819	876	1009	115	1100	2095	70535122	70536125	2095	0	1110	-
chr13:17780002-17780320|ORR1E	chr5	85.322	808	947	102	1389	2315	21768066	21768995	2319	0	944	-
chr1:39061366-39061588|ORR1E	chr4	89.731	367	409	38	1	409	123942999	123943403	2223	1.66e-144	520	+
chrX:132685865-132686106|ORR1D2	chr2	83.686	831	993	119	1275	2242	241410188	241411162	2242	0	896	+
chr15:50512835-50513187|ORR1E	chr7	83.275	1195	1435	182	947	2353	81814043	81815447	2353	0	1267	-
chr5:105839863-105840238|ORR1D2	chr15	88.557	534	603	69	1774	2376	7579986	7580588	2376	0	732	-
chr4:39493712-39494022|ORR1E	chr5	83.461	1650	1934	235	391	2311	54506773	54508720	2311	0	1855.35	+
chr6:148318889-148319129|ORR1E	chr17	91.076	347	381	30	1852	2231	81480316	81480693	2241	2.8e-142	512	-
chr8:19098333-19098683|ORR1D2	chr10	85.458	811	949	131	1405	2351	97690802	97691745	2351	0	981	-
chr13:77777172-77777478|ORR1E	chr19	88.993	477	536	57	1708	2242	16243858	16244392	2307	0	662	-
chr7:43267110-43267380|ORR1D2	chr9	87.755	602	686	67	1592	2271	80357193	80357867	2271	0	785	-
chr6:148263117-148263342|ORR1E	chr8	88.908	529	595	56	1	586	104020722	104021315	2226	0	725	+
chr12:30972027-30972131|ORR1E	chr13	87.723	786	896	106	1214	2105	67855000	67855895	2105	0	1042	+
chr16:47716736-47716912|ORR1D2	chr15	81.935	576	703	112	1481	2177	97641746	97642439	2177	7.34e-163	580	-
chr6:112588093-112588431|ORR1E	chr4	82.95	1226	1478	177	3	1452	145707686	145709116	2339	0	1264	+
chr9:55996801-55996900|ORR1E	chr15	80.124	516	644	112	1	637	99902403	99903037	2100	2.07e-128	466	-
chr17:68152533-68152775|ORR1D2	chr5	81.351	602	740	116	10	736	74114492	74115222	2243	2.1e-163	582	-
chr14:15979297-15979397|ORR1E	chr18	82.453	827	1003	124	1126	2097	16198476	16199457	2101	0	830	-
chr5:77148052-77148417|ORR1E	chr14	78.423	1271	1604	208	568	2312	31020573	31022262	2366	0	951.9	+
chr1:64328930-64329257|ORR1E	chr9	83.447	1462	1752	218	3	1708	65723547	65725272	2328	0	1563	-
chr14:55272661-55272993|ORR1E	chr15	82.851	1174	1417	187	1	1395	28747666	28749048	2333	0	1219	-
chr10:31107924-31108118|ORR1E	chr1	81.893	891	1088	161	51	1133	26546729	26547785	2195	0	885	-
chr9:79295954-79296318|ORR1E	chr8	82.638	1109	1342	184	847	2175	80206096	80207401	2365	0	1142	-
chr2:15640139-15640447|ORR1E	chr17	83.734	1184	1414	171	909	2309	78573819	78575186	2309	0	1282	-
chr10:29108045-29108212|ORR1D2	chr1	83.068	834	1004	148	1169	2158	254730826	254731821	2168	0	893	-
chr3:81649360-81649781|ORR1D2	chr6	85.56	474	554	78	1870	2422	50184390	50184942	2422	2.94e-162	579	+
chr1:123719830-123720142|ORR1E	chr13	81.034	470	580	82	1298	1867	35061733	35062294	2313	1.79e-119	436	+
chr1:69321132-69321507|ORR1D2	chrX	82.1	688	838	130	1471	2305	145582749	145583569	2376	0	699	+
chr5:109838424-109838587|ORR1D2	chr1	80.668	918	1138	147	1073	2155	613949	615068	2164	0	815	-
chr16:64800438-64800784|ORR1D2	chr2	89.33	360	403	24	1350	1733	46068322	46068724	2347	4.94e-135	488	+
chr2:16542647-16542972|ORR1E	chr17	78.838	950	1205	195	958	2123	79389288	79390471	2326	0	758	-
chr18:50296082-50296311|ORR1E	chr18	83.274	931	1118	165	1007	2105	43550892	43552006	2230	0	1009	+
chr5:110005485-110005560|ORR1D2	chr9	81.148	1145	1411	179	730	2076	114062585	114063972	2076	0	1051	+
chr6:134437024-134437345|ORR1E	chr4	81.308	1927	2370	283	17	2320	167256027	167258302	2322	0	1775	-
chr13:117080055-117080452|ORR1E	chr2	86.198	1043	1210	138	1206	2398	48918457	48919654	2398	0	1282	-
chr3:145586281-145586451|ORR1E	chr2	81.596	501	614	74	1182	1791	234495733	234496311	2171	4.6e-130	472	-
chr5:8625794-8626105|ORR1E	chr14	81.766	574	702	101	1617	2312	15834015	15834695	2312	2.83e-157	562	+
chr9:8246087-8246414|ORR1D2	chr8	86.778	1196	1395	152	1	1361	5470614	5472034	2328	0	1358.5	+
chr18:80544401-80544650|ORR1D2	chr6	85.676	323	377	47	616	990	101310424	101310795	2250	1.37e-105	390	+
chrX:106775638-106775947|ORR1D2	chrX	86.29	535	620	76	1666	2282	71595718	71596331	2310	0	665	-
chr4:25246439-25246782|ORR1D2	chr2	85.551	598	699	75	1670	2344	60230058	60230754	2344	0	708	+
chr14:18109104-18109415|ORR1E	chr15	79.178	886	1119	168	771	1834	7617987	7619095	2312	0	715	+
chr5:110082611-110082797|ORR1E	chr1	82.039	1330	1621	209	3	1723	260300357	260301922	2187	0	1240.7	+
chr17:41064974-41065055|ORR1D2	chr10	83.676	692	827	116	1	810	85202006	85202830	2082	0	761	+
chr9:89301487-89301812|ORR1D2	chr8	86.198	637	739	79	1594	2319	89840662	89841390	2326	0	778	+
chr14:58492383-58492709|ORR1E	chr15	81.415	955	1173	156	358	1510	32627659	32628789	2327	0	902	-
chr5:6887702-6887866|ORR1E	chr15	84.404	460	545	73	189	721	97641723	97642267	2165	3.47e-146	525	+
chr16:32976103-32976246|ORR1E	chr11	81.738	1066	1263	116	513	1773	67808855	67810129	2144	5.55e-169	1108.65	+
chr11:5930532-5930930|ORR1E	chr8	86.58	729	842	90	1	824	72086132	72086968	2399	0	907	+
chr2:13874045-13874403|ORR1E	chr17	80.853	967	1196	158	941	2111	76951998	76953147	2359	0	874	-
chr14:74588885-74589096|ORR1E	chr15	83.941	852	1015	124	532	1529	49906765	49907757	2212	0	935	+
chrX:132917425-132917727|ORR1D2	chr18	78.632	552	702	120	1610	2303	1364865	1365544	2303	4.95e-120	438	-
chr5:85155080-85155429|ORR1E	chr14	81.238	1234	1519	212	858	2344	22902603	22904080	2350	0	1158	-
chr13:82772061-82772338|ORR1E	chr2	79.865	710	889	141	2	865	124871063	124871938	2278	2.11e-173	616	-
chrX:90138481-90138778|ORR1D2	chr15	79.54	692	870	165	17	876	19153667	19154533	2298	3.56e-171	608	-
chr12:25394476-25394782|ORR1D2	chr6	82.569	810	981	134	27	995	42043805	42044760	2307	0	830	+
chr1:13809878-13810218|ORR1E	chr2	84.985	583	686	81	1665	2339	139075215	139075889	2341	0	676	-
chr12:69229360-69229469|ORR1D2	chr11	84.241	294	349	44	1113	1454	26740420	26740764	2110	2.84e-87	329	+
chr9:35673712-35674053|ORR1E	chr8	85.539	349	408	56	3	409	19113613	19114018	2342	1.41e-115	424	+
chr4:67877159-67877525|ORR1E	chrX	80.944	480	593	84	38	614	138151945	138152524	2367	3.93e-121	442	-
chr7:107112795-107113122|ORR1D2	chr11	84.887	601	708	96	1627	2328	79454182	79454884	2328	0	704	-
chr7:107133137-107133471|ORR1D2	chr4	84.966	616	725	94	1618	2334	63199685	63200402	2335	0	721	+
chr14:69714403-69714681|ORR1E	chr15	84.913	923	1087	112	436	1508	44789791	44790839	2279	0	1051	-
chr5:148639320-148639544|ORR1D2	chr12	90.826	297	327	22	1781	2103	23993973	23994295	2225	8e-118	431	+
chr12:100170290-100170592|ORR1E	chr6	79.393	1125	1417	192	1	1337	119457266	119458662	2303	0	907	+
chr13:15323769-15324111|ORR1D2	chr17	81.988	1361	1660	211	6	1599	49847167	49848804	2343	0	1328	-
chr9:111046265-111046620|ORR1E	chr8	82.609	1178	1426	172	897	2292	111025512	111026891	2356	0	1190	+
chr6:37694872-37695174|ORR1D2	chr4	82.946	428	516	56	1374	1875	66353405	66353902	2303	1.78e-119	436	-
chr3:130093698-130093883|ORR1E	chr2	82.521	1809	2205	301	12	2185	218665145	218667604	2186	0	1699.55	+
chr14:17439053-17439270|ORR1D2	chr8	85.873	772	899	105	1319	2208	68814948	68815833	2218	0	937	-
chr4:84389252-84389596|ORR1D2	chr5	79.638	1451	1822	233	585	2336	98799628	98801381	2345	0	1182	+
chr2:121470634-121471003|ORR1D2	chr10	93.945	512	545	29	141	685	53343252	53343792	2370	0	821	+
chr2:121503186-121503522|ORR1D2	chr10	93.945	512	545	29	142	686	53343252	53343792	2337	0	821	+
chr17:87813781-87813944|ORR1E	chr17	89.728	297	331	33	1179	1508	60520867	60521197	2164	4.68e-115	422	+
chr16:96307081-96307197|ORR1D2	chr5	78.368	634	809	131	19	807	115327893	115328677	2117	5.75e-134	484	-
chr10:118921440-118921642|ORR1E	chr15	89.474	340	380	30	1826	2196	24239158	24239536	2203	4.66e-130	472	+
chr2:17048836-17048956|ORR1E	chr17	82.162	705	847	95	1001	1882	79874167	79875005	2121	3.52e-121	697.3	+
chr16:34739033-34739095|ORR1E	chr20	86.97	287	330	30	27	345	16678739	16679066	2063	3.54e-96	359	-
chr14:83629109-83629469|ORR1E	chr1	82.143	552	672	104	1452	2111	213156816	213157483	2361	2.89e-157	562	+
chr6:12445513-12445841|ORR1D2	chr2	83.892	651	776	101	1565	2326	197238805	197239570	2329	0	719	+
chr11:11304005-11304117|ORR1E	chr10	83.903	589	702	99	1289	1984	85202112	85202805	2113	0	658	-
chr9:12935242-12935544|ORR1E	chr10	83.314	714	857	135	1450	2302	85202100	85202952	2303	0	784	+
chr3:103690625-103690843|ORR1E	chr2	83.884	1067	1272	146	1	1224	191205028	191206288	2219	0	1158	+
chr18:90082938-90083100|ORR1D2	chr2	83.844	493	588	75	418	998	31343394	31343968	2163	3.44e-151	542	-
chr18:90083667-90083843|ORR1D2	chr18	84.596	983	1162	123	1	1148	83347871	83348990	2177	0	1103	-
chr8:36332360-36332449|ORR1D2	chr16	80.483	1134	1409	185	1	1370	55907760	55909117	2090	0	996	+
chr15:53395256-53395497|ORR1D2	chr7	77.31	1672	2124	275	1	2237	84701562	84704095	2242	0	1192.25	+
chr13:95316541-95316841|ORR1E	chr2	82.345	1250	1521	217	1	1742	26575492	26577124	2301	2.11e-178	1196.05	+
chr4:117531595-117531713|ORR1E	chr5	82.472	1021	1238	131	833	2038	130995521	130996704	2119	0	1005	-
chr8:36267917-36268144|ORR1E	chr16	83.475	788	944	111	982	1891	55965682	55966614	2228	0	837	-
chr17:55893653-55893732|ORR1E	chr15	85.366	280	328	39	1713	2038	98067525	98067845	2080	7.79e-88	331	+
chr15:59459505-59459828|ORR1E	chr7	83.161	805	968	115	819	1765	91011503	91012443	2324	0	841	-
chr7:143037212-143037562|ORR1D2	chrX	81.156	758	934	123	1444	2330	59408539	59409466	2351	0	701	+
chr17:44129168-44129340|ORR1D2	chrX	84.346	722	856	118	71	917	15564379	15565227	2173	0	824	-
chr10:15399933-15400091|ORR1E	chr1	83.176	880	1058	144	908	1938	9771906	9772956	2159	0	937	+
chr9:24136464-24136677|ORR1D2	chr8	80.448	539	670	106	670	1330	22658267	22658920	2214	4.66e-135	488	-
chr10:66859034-66859311|ORR1E	chr20	79.338	983	1239	184	16	1219	21720773	21721974	2278	0	804	+
chr11:116712021-116712176|ORR1D2	chr12	85.754	307	358	37	328	684	9993704	9994048	2156	2.22e-98	366	-
chr1:152697567-152697645|ORR1D2	chr3	88.854	279	314	21	1585	1889	161186790	161187098	2079	1.28e-100	374	+
chr12:75806379-75806675|ORR1E	chr6	85.485	1331	1557	193	723	2262	94524602	94526142	2297	0	1592	+
chr8:108414024-108414369|ORR1E	chr13	90	315	350	32	1390	1737	36917350	36917698	2346	2.33e-123	449	+
chr9:93699858-93700030|ORR1D2	chr8	85.99	1025	1192	134	1	1172	94282245	94283423	2173	0	1245	-
chr3:132968439-132968647|ORR1E	chr8	87.857	369	420	47	1	419	87897168	87897584	2209	1.29e-135	490	-
chr4:112435076-112435164|ORR1E	chr5	79.17	954	1205	172	161	1344	127684852	127685998	2089	0	761	+
chr11:40854434-40854794|ORR1E	chr10	84.949	1229	1454	164	3	1496	25248635	25250213	2361	0	1312.9	+
chr4:89604694-89605013|ORR1E	chr5	88.962	1409	1640	179	24	1619	104323425	104325045	2320	0	1616.9	+
chr4:16071036-16071307|ORR1E	chrX	80.723	469	581	89	1518	2082	31125996	31126569	2272	8.17e-118	431	-
chr7:140264745-140264968|ORR1E	chr1	86.028	431	501	55	1249	1734	195067359	195067859	2224	1.28e-145	523	+
chr12:32181221-32181533|ORR1E	chr6	84.96	1175	1383	172	4	1365	48773601	48774968	2313	0	1369	-
chr17:12655978-12656191|ORR1E	chr5	82.656	529	640	79	1261	1882	97237803	97238428	2214	4.56e-150	538	+
chr7:82110125-82110281|ORR1E	chr1	84.334	969	1149	130	340	1478	136064411	136065519	2157	0	1079	+
chr7:63977511-63977851|ORR1D2	chr13	85.205	478	561	72	1773	2324	91539287	91539845	2341	2.21e-158	566	-
chr3:83568569-83568901|ORR1E	chr17	86.124	360	418	53	1795	2210	27604774	27605188	2333	3e-122	446	-
chr12:12493467-12493815|ORR1E	chr6	83.487	723	866	93	770	1624	35270969	35271795	2349	0	761	-
chr1:90505658-90505880|ORR1E	chr9	85.492	1921	2247	266	3	2223	91103722	91105934	2223	0	2289	+
chr10:8204141-8204449|ORR1D2	chr1	85.469	847	991	70	1356	2309	2666749	2667702	2309	0	965	+
chr10:8328630-8328845|ORR1E	chr1	78.447	1263	1610	193	701	2210	2784277	2785832	2216	0	909	-
chr1:6412893-6413021|ORR1D2	chr17	82.122	712	867	118	1136	1987	81082371	81083215	2129	0	708	-
chr1:86423943-86424248|ORR1E	chr10	80.074	430	537	82	11	536	72734515	72735037	2306	3.94e-101	375	+
chr7:13630234-13630464|ORR1D2	chr2	77.415	569	735	141	1504	2229	120103527	120104245	2231	8.08e-113	414	+
chr13:3514078-3514304|ORR1D2	chr4	82.059	526	641	102	602	1238	30898601	30899232	2227	5.93e-149	534	+
chr2:14302521-14302680|ORR1D2	chr2	84.098	862	1025	113	234	1211	170759024	170760045	2160	0	944	+
chr2:126685378-126685641|ORR1E	chr15	77.452	529	683	127	1	672	19153821	19154487	2264	2.31e-103	383	-
chrX:68443583-68443901|ORR1E	chrX	84.67	1066	1259	167	229	1472	146998719	146999966	2319	0	1232	+
chr7:117906153-117906411|ORR1E	chr1	80.634	1145	1420	186	1	1360	172179067	172180457	2259	0	1016	+
chr13:81204199-81204538|ORR1E	chr2	80.27	952	1186	176	847	2001	11451991	11453149	2340	0	841	+
chr15:24662034-24662378|ORR1E	chr2	88.806	357	402	41	1362	1760	46068325	46068725	2345	1.37e-135	490	-
chr15:65589773-65590013|ORR1D2	chr11	85.8	574	669	57	1509	2148	76522283	76522942	2241	0	675	+
chr1:191166373-191166566|ORR1E	chr13	78.52	1855	2300	279	1	2189	102745694	102748155	2194	0	1546.6	+
chr3:53774611-53774912|ORR1D2	chr2	80.911	1314	1624	185	746	2302	137865555	137867120	2302	0	1166	-
chr10:5188248-5188468|ORR1E	chr1	78.387	943	1203	161	63	1220	41660217	41661365	2221	0	689	+
chr15:29309711-29310064|ORR1E	chr2	81.7	1259	1541	214	1	1507	80313373	80314879	2354	0	1221	+
chr16:23732240-23732367|ORR1E	chr11	81.567	531	651	95	149	791	77110718	77111351	2128	7.38e-143	514	+
chr18:20639401-20639766|ORR1E	chr7	89.805	599	667	59	1	659	56239876	56240541	2366	0	846	+
chr2:80275260-80275614|ORR1E	chr3	83.705	601	718	87	1649	2354	65193669	65194368	2355	0	651	+
chr3:80258205-80258520|ORR1D2	chr19	87.879	899	1023	95	1316	2316	52339738	52340753	2316	0	1175	+
chr4:83288517-83288890|ORR1D2	chr2	91.75	367	400	28	412	806	46068326	46068725	2374	6.28e-154	551	-
chr5:112129826-112130143|ORR1E	chr12	86.695	404	466	56	1	463	44514886	44515348	2318	2.89e-142	512	+
chr7:145124188-145124557|ORR1E	chr2	91.315	368	403	30	1413	1810	46068322	46068724	2370	2.92e-152	545	-
chr8:18133538-18133789|ORR1E	chr16	82.55	984	1192	160	44	1220	71664412	71665570	2252	0	1005	+
chrX:18044722-18045126|ORR1D2	chr3	89.532	325	363	31	1	356	91238637	91238999	2405	1.85e-124	453	+
chr14:57685873-57686052|ORR1E	chr2	89.62	354	395	31	511	901	46068336	46068724	2180	9.85e-137	494	+
chr7:39643290-39643611|ORR1D2	chr1	81.958	1172	1430	183	10	1407	91302102	91303488	2322	0	1142	-
chr10:8619351-8619606|ORR1E	chr1	89.931	393	437	37	355	784	3037861	3038297	2256	1.28e-155	556	+
chr10:8807545-8807867|ORR1E	chr1	83.285	1673	2039	279	215	2320	3203814	3205889	2323	0	1575.1	+
chr10:8973886-8974245|ORR1D2	chr1	82.781	1149	1388	172	1001	2356	3385635	3386987	2360	0	1177	-
chr12:88263929-88264228|ORR1E	chr6	79.27	1216	1534	244	743	2255	107281708	107283188	2300	0	1003	-
chr12:72730481-72730565|ORR1D2	chr6	81.35	759	933	122	83	987	91410010	91410918	2085	0	712	+
chr10:62491800-62491884|ORR1E	chr9	90.154	293	325	28	654	976	39504541	39504863	2085	1.62e-114	420	-
chr3:33561423-33561747|ORR1E	chr2	83.575	1384	1656	175	694	2319	116362658	116364246	2325	0	1461	+
chr5:111815324-111815672|ORR1D2	chr12	79.452	779	932	135	887	1916	44831502	44832429	2349	2.93e-142	815.1	+
chr5:4179232-4179501|ORR1E	chr4	79.825	455	570	94	1018	1572	29714236	29714799	2270	2.98e-107	396	-
chr3:10260919-10261178|ORR1E	chr12	80.19	591	737	106	166	864	29279838	29280572	2260	2.18e-143	516	-
chr7:41378230-41378388|ORR1D2	chr1	81.332	623	766	97	1402	2138	92894235	92894983	2159	7.28e-163	580	-
chr15:3290533-3290881|ORR1E	chr2	85.896	877	1021	105	420	1425	52517863	52518859	2349	0	1051	+
chr5:9015320-9015643|ORR1E	chr2	91.691	320	349	24	1981	2324	46068376	46068724	2324	2.94e-132	479	-
chr17:86122880-86123148|ORR1D2	chr2	87.701	328	374	31	1911	2269	46068352	46068725	2269	4.91e-115	422	-
chrX:36781357-36781702|ORR1D2	chrX	84.848	588	693	82	1578	2265	116017015	116017689	2346	0	676	+
chr3:133394521-133394804|ORR1E	chr2	83.747	912	1089	142	390	1472	221894384	221895443	2284	0	998	-
chr16:65127864-65128065|ORR1E	chr15	80.656	467	579	88	6	571	31127770	31128337	2202	1.02e-116	427	-
chr18:36868236-36868471|ORR1D2	chr11	81.86	537	656	104	1375	2018	48827602	48828254	2236	4.6e-150	538	-
chr17:94291216-94291542|ORR1D2	chr9	84.724	538	635	62	598	1204	111870366	111870993	2327	1.68e-169	603	-
chr9:107207087-107207346|ORR1E	chr15	78.053	473	606	111	2	595	19023777	19024372	2260	3.01e-97	363	-
chr7:38334390-38334503|ORR1E	chr9	81.729	747	914	132	1220	2114	60288715	60289612	2114	0	730	-
chr7:41271721-41271836|ORR1E	chr9	83.043	764	920	129	1209	2116	60288710	60289614	2116	0	809	-
chr1:69937601-69937880|ORR1D2	chr9	77.866	1759	2259	347	80	2280	71440705	71442868	2280	0	1260	+
chr11:30965963-30966365|ORR1E	chr14	82.991	1254	1511	179	938	2403	104697972	104699449	2403	0	1295	-
chr10:9699048-9699396|ORR1E	chr1	80.389	455	566	75	30	577	4126443	4126990	2349	8.57e-108	398	-
chr5:31754681-31754881|ORR1E	chr6	84.485	697	825	82	1394	2201	24690278	24691073	2201	0	773	-
chr15:35494354-35494655|ORR1E	chr2	83.359	546	655	92	1328	1967	223596203	223596855	2302	1.29e-165	590	-
chr1:44508250-44508572|ORR1D2	chr10	88.281	339	384	30	576	946	13400918	13401299	2323	2.98e-122	446	+
chr15:68612246-68612445|ORR1E	chr7	80.514	1128	1401	211	247	1608	100475961	100477338	2200	0	1018	+
chr18:80178493-80178714|ORR1E	chr18	78.797	773	981	139	1153	2088	73628667	73629623	2222	2.68e-167	595	-
chrX:18634043-18634383|ORR1E	chr11	84.1	402	478	65	1863	2332	23544570	23545044	2341	6.46e-124	451	-
chr8:73693762-73694120|ORR1D2	chr19	81.883	1148	1402	181	611	1983	12287109	12288466	2359	0	1114	+
chrX:94548157-94548507|ORR1E	chrX	83.594	749	896	95	905	1762	59433874	59434755	2351	0	793	-
chr3:140111969-140112364|ORR1E	chr2	79.801	482	604	90	1780	2356	223152234	223152832	2396	1.12e-111	411	-
chr18:14542768-14543079|ORR1D2	chr2	83.475	591	708	93	5	702	31343259	31343952	2312	4.56e-180	638	+
chr11:74204630-74204894|ORR1E	chr10	80.702	782	969	132	1302	2263	59068930	59069850	2265	0	702	+
chrX:159237411-159237558|ORR1D2	chrX	88.5	708	800	70	731	1528	35638758	35639537	2148	0	948	-
chr14:103375472-103375801|ORR1E	chr15	79.323	1312	1654	224	674	2252	80205645	80207255	2330	0	1051	-
chr13:32570783-32571108|ORR1E	chr17	80.606	1118	1387	174	10	1352	31866916	31868251	2326	0	983	-
chr3:109335555-109335861|ORR1E	chr2	81.228	1402	1726	219	1	1694	197007041	197008693	2307	0	1295	+
chr14:13234528-13234788|ORR1E	chr2	79.417	436	549	102	1	543	172472663	172473206	2261	1.07e-101	377	-
chr4:4153916-4154124|ORR1E	chr5	82.831	1417	1739	260	484	2200	17201963	17203722	2209	0	1302.45	+
chr9:77403183-77403456|ORR1E	chr8	84.302	1552	1841	208	204	2020	78263088	78264871	2274	0	1724	+
chr6:128467253-128467600|ORR1E	chr4	81.29	378	465	41	1849	2310	161744557	161744978	2348	6.81e-89	335	-
chrX:15767587-15767897|ORR1E	chr8	85.843	382	445	52	1874	2311	68815312	68815752	2311	2.95e-127	462	+
chr3:100665697-100665957|ORR1E	chr2	81.454	997	1224	125	605	1773	188071134	188072310	2261	0	909	+
chr11:14839670-14839912|ORR1E	chr16	86.261	383	444	53	1704	2142	18110670	18111110	2243	3.67e-131	475	+
chr5:86479215-86479577|ORR1E	chr14	79.765	1427	1789	254	1	1720	21595694	21597443	2363	0	1199	-
chr5:116113586-116113678|ORR1E	chr1	78.317	242	309	60	365	670	4943506	4943810	2093	3.86e-46	193	+
chr17:34487025-34487238|ORR1D2	chr20	79.58	1196	1499	208	16	1586	4279379	4280906	2214	0	951.9	+
chr1:6041162-6041392|ORR1E	chr8	81.413	438	538	80	1347	1882	36392910	36393429	2231	4.83e-115	422	-
chr14:14367419-14367613|ORR1E	chr8	81.776	350	428	65	1657	2075	90857431	90857854	2195	2.94e-92	346	+
chr9:55972832-55973196|ORR1E	chr15	76.23	465	610	119	1	599	19023777	19024371	2365	2.5e-78	300	-
chr7:83911927-83912263|ORR1D2	chr1	79.744	1059	1328	201	223	1506	137889533	137890836	2337	0	900	+
chr1:82146305-82146613|ORR1E	chr9	89.051	1556	1890	237	1	2305	83465955	83468161	2309	0	1472.5	+
chr9:40960336-40960623|ORR1E	chr8	83.199	1238	1488	137	846	2288	41328988	41330407	2288	0	1258	+
chr17:57407799-57408210|ORR1D2	chr9	84.036	1574	1873	209	561	2409	2303290	2305096	2412	0	1720	-
chr7:76282790-76283094|ORR1E	chr1	87.451	899	1028	88	1189	2187	130071722	130072737	2305	0	1146	-
chr4:16623513-16623786|ORR1D2	chr18	80.409	275	342	57	86	419	59416168	59416507	2274	6.83e-64	252	+
chr14:76013600-76013918|ORR1D2	chr15	79.096	1110	1383	184	42	1349	51328929	51330284	2319	1.03e-146	912	+
chr3:103689149-103689313|ORR1D2	chr2	84.901	984	1159	102	8	1126	191204614	191205739	2165	0	1103	-
chr5:149538580-149538904|ORR1E	chr12	81.729	1919	2348	319	1	2325	5484981	5487241	2325	0	1858	+
chr5:149241247-149241516|ORR1D2	chr12	84.266	557	661	73	85	726	5797939	5798587	2270	2.1e-173	616	+
chr13:40788389-40788666|ORR1E	chr12	81.481	352	432	56	1280	1707	27037299	27037710	2278	2.38e-88	333	+
chr7:38469364-38469439|ORR1E	chr9	82.935	763	920	131	1169	2076	60288709	60289614	2076	0	806	-
chr18:55362736-55362995|ORR1D2	chr18	83.1	1067	1284	170	1005	2255	48782366	48783635	2260	0	1125	-
chr10:100654180-100654484|ORR1E	chrX	81.818	756	924	110	1425	2304	50451445	50452354	2305	0	723	-
chr19:12194435-12194769|ORR1E	chr1	81.751	775	948	135	160	1095	209175143	209176064	2335	0	758	+
chrX:42431371-42431752|ORR1E	chrX	83.533	2019	2417	271	1	2382	121290548	121292872	2382	0	2141	-
chr10:11354736-11354978|ORR1E	chr1	84.268	541	642	78	1614	2242	5749526	5750157	2243	4.49e-170	604	-
chr5:70309231-70309608|ORR1D2	chr14	80.625	1265	1569	224	823	2377	37858105	37859607	2378	0	1140	-
chr18:73830956-73831270|ORR1E	chr18	83.297	1152	1383	163	953	2314	67415017	67416352	2315	0	1212	-
chr16:73590013-73590264|ORR1D2	chr11	82.229	546	664	95	1480	2131	12247770	12248422	2252	5.96e-154	551	+
chr10:11537778-11538069|ORR1D2	chr1	85.827	327	381	40	555	926	5927223	5927598	2292	3.89e-106	392	-
chr7:108435768-108436004|ORR1E	chr1	83.425	906	1086	147	123	1189	162302251	162303322	2237	0	977	-
chr10:11600583-11600890|ORR1D2	chr1	77.726	499	642	98	2	622	5988068	5988685	2308	6.65e-94	351	+
chr4:51355740-51355994|ORR1D2	chr5	76.294	1474	1932	339	1	1859	65701751	65703636	2255	0	920	+
chr17:40892361-40892710|ORR1E	chr9	80.87	465	575	87	1734	2292	20011014	20011581	2350	8.45e-118	431	-
chrX:134898463-134898867|ORR1D2	chrX	82.931	447	539	53	1876	2395	98078786	98079304	2405	2.39e-123	449	+
chr3:148246937-148247262|ORR1E	chr5	76.151	463	608	121	1	599	74114475	74115067	2326	8.85e-78	298	-
chr12:51411562-51411821|ORR1E	chr6	85.313	790	926	83	1	897	68832793	68833694	2260	0	907	-
chr10:11948388-11948735|ORR1D2	chr1	84.029	805	958	127	975	1923	6301839	6302779	2348	0	898	+
chr4:10059123-10059465|ORR1E	chr1	83.055	348	419	65	206	623	192431298	192431711	2343	4e-101	375	-
chr4:37666687-37666823|ORR1E	chr6	78.479	609	776	120	1318	2069	83295142	83295894	2137	7.57e-128	464	+
chr2:60133140-60133463|ORR1E	chr3	81.891	1524	1861	232	500	2303	44599386	44601198	2324	0	1472	-
chr8:125319494-125319584|ORR1E	chr1	78.555	337	429	56	1218	1633	147422447	147422852	2091	2.26e-63	250	-
chr14:73910831-73911036|ORR1E	chr8	80.477	371	461	58	249	707	66806037	66806467	2206	1.38e-85	324	+
chr3:119902903-119903164|ORR1D2	chr2	81.256	1669	2054	231	12	1948	207993273	207995289	2262	0	1519	-
chr13:51744052-51744106|ORR1E	chr17	80.606	665	825	97	19	789	13480302	13481117	2055	2.49e-162	579	-
chr10:12344908-12345219|ORR1E	chr1	84.233	1560	1852	206	1	1815	6690799	6692601	2312	0	1724	+
chr2:158891487-158891783|ORR1D2	chr15	88.398	320	362	35	184	543	94802009	94802365	2297	2.97e-117	429	+
chr1:162557430-162557490|ORR1D2	chr13	87.07	532	611	59	1	598	74907134	74907737	2061	0	673	+
chr18:5287985-5288106|ORR1D2	chr17	88.235	435	493	52	1	491	52472386	52472874	2122	5.53e-164	584	-
chr2:126395081-126395171|ORR1E	chr15	85.278	307	360	28	221	568	35673757	35674103	2091	7.78e-93	348	-
chr18:34098618-34098957|ORR1E	chr18	84.022	752	895	116	1424	2314	25703915	25704786	2340	0	835	-
chr5:123089062-123089201|ORR1E	chr12	81.759	1376	1683	212	340	1972	33475533	33477170	2140	0	1319	-
chr10:19141614-19141774|ORR1E	chr1	82.643	1657	1972	243	1	2146	13852841	13854975	2161	0	1737.55	+
chr2:53538622-53538796|ORR1E	chr3	83.575	1155	1382	174	193	1559	38019365	38020708	2175	0	1245	+
chr1:96694914-96695225|ORR1E	chr9	81.667	294	360	62	953	1309	97062168	97062526	2312	3.16e-77	296	-
chr16:20582647-20582819|ORR1D2	chr2	80.963	370	457	36	393	803	183874190	183874641	2173	8.2e-83	315	+
chr6:145601241-145601402|ORR1E	chr4	79.281	1037	1308	176	486	1769	178573681	178574917	2162	0	826	+
chr4:109612622-109612915|ORR1E	chr5	80.225	1213	1512	223	727	2187	124370489	124371975	2294	0	1066	-
chr1:193064649-193064739|ORR1E	chr13	83.358	1107	1328	162	53	1360	104596694	104597982	2091	0	1173	-
chr18:5288461-5288595|ORR1D2	chr17	91.957	343	373	30	1264	1636	52470772	52471144	2135	1.23e-145	523	-
chr10:13358091-13358404|ORR1E	chr1	83.092	860	1035	126	892	1887	7745308	7746332	2314	0	896	-
chr10:42068490-42068776|ORR1E	chr20	83.71	555	663	94	669	1323	45552940	45553596	2287	7.61e-173	614	-
chr4:26160858-26160941|ORR1E	chr5	78.001	1241	1591	233	1	1533	40044374	40045905	2084	0	891	-
chrX:89728699-89729025|ORR1D2	chr5	85.593	303	354	43	1328	1673	153572768	153573121	2327	8.61e-98	364	+
chr6:14268343-14268700|ORR1D2	chr4	84.779	919	1084	118	1284	2358	42538526	42539571	2358	0	1044	-
chrX:120924637-120924856|ORR1D2	chr17	87.785	424	483	47	1746	2219	55614538	55615017	2220	4.54e-155	555	-
chr18:3247919-3248228|ORR1E	chr3	80.097	330	412	63	1864	2256	131147176	131147587	2310	5.29e-75	289	-
chr4:88052713-88053055|ORR1D2	chr5	83.611	1153	1379	152	867	2195	102533433	102534787	2343	0	1227	-
chr4:145201406-145201745|ORR1D2	chr15	85.223	421	494	48	330	801	5268794	5269284	2340	6.37e-134	484	+
chr1:172623656-172623850|ORR1E	chr13	82.323	1262	1523	178	14	2195	85088969	85091176	2195	0	1226.45	+
chr15:40134297-40134592|ORR1D2	chrX	78.534	450	573	102	1730	2296	41197751	41198308	2296	1.42e-95	357	-
chr10:15251907-15252018|ORR1E	chr1	79.409	914	1151	178	973	2071	9634321	9635464	2112	0	758	+
chr1:114548147-114548477|ORR1E	chr9	80.117	411	513	92	1824	2331	109483146	109483653	2331	1.43e-100	374	+
chr14:61460551-61460635|ORR1E	chr15	82.893	1075	1307	139	561	1800	35630984	35632288	2085	5.39e-169	990.85	+
chr15:59772015-59772350|ORR1E	chr7	82.104	1514	1844	178	1	1739	91329552	91331348	2336	0	1437	-
chr10:16412319-16412659|ORR1E	chr1	78.742	1152	1463	228	905	2327	10908710	10910129	2341	0	902	+
chr19:29505624-29505965|ORR1D2	chr1	80.887	1113	1376	166	1022	2342	227267897	227269230	2342	0	994	+
chr8:59792572-59792897|ORR1E	chr16	79.438	877	1104	176	816	1894	30232891	30233968	2326	0	734	+
chr1:102021287-102021492|ORR1E	chrX	82.386	435	528	66	218	721	76844448	76844972	2206	6.13e-119	435	+
chr8:33073204-33073549|ORR1E	chr16	85.163	838	984	129	1362	2340	51649916	51650887	2346	0	992	+
chrX:128969014-128969342|ORR1E	chr11	84.058	348	414	48	2	402	14131605	14132013	2329	2.38e-103	383	+
chr1:5880460-5880774|ORR1E	chr15	81.129	589	726	79	107	788	26238924	26239635	2315	2.87e-147	529	-
chr2:127300686-127301018|ORR1E	chr3	84.435	396	469	51	832	1299	114521118	114521565	2333	3.88e-121	442	-
chr6:74359779-74360036|ORR1E	chr18	81.343	436	536	74	1733	2254	47074191	47074714	2258	2.94e-112	412	+
chr10:17406412-17406542|ORR1E	chr1	80.032	1014	1267	160	682	1921	12013209	12014409	2131	0	852	+
chr10:17406752-17406806|ORR1D2	chr1	80.032	1014	1267	160	342	1581	12013209	12014409	2055	0	852	+
chr10:95690808-95691101|ORR1E	chr2	80	292	365	60	1476	1827	61778456	61778820	2294	1.48e-65	257	-
chr9:27686667-27686828|ORR1E	chr8	89.939	742	825	62	186	991	26077687	26078509	2162	0	1044	+
chr1:101274335-101274526|ORR1E	chr13	80.574	954	1184	197	18	1192	2413250	2414409	2192	0	881	+
chr17:51303060-51303277|ORR1E	chr9	81.059	1883	2240	243	12	2209	4173904	4176217	2218	0	1950.35	+
chr13:93287957-93288292|ORR1E	chr2	86.01	996	1158	126	157	1305	24531216	24532346	2336	0	1208	-
chr17:42042522-42042759|ORR1D2	chr9	80.431	970	1206	186	1037	2230	18923471	18924638	2238	0	874	+
chr8:128225154-128225426|ORR1E	chr19	89.56	1927	2231	221	3	2271	56232721	56234908	2273	0	2241.05	+
chr19:14343940-14344111|ORR1E	chr1	80.856	1511	1874	225	312	2159	211537630	211539366	2172	0	1256.85	+
chr2:174577189-174577491|ORR1E	chr3	82.586	958	1160	136	1071	2194	163372890	163374019	2303	0	963	-
chr18:84818647-84818868|ORR1D2	chr18	79.466	1161	1461	198	1	1404	78185778	78187193	2222	0	942	+
chr2:122716383-122716695|ORR1E	chr3	82.06	1418	1728	189	4	1654	109789461	109791144	2313	0	1362	-
chr14:121000684-121000905|ORR1E	chr15	78.693	831	1056	152	582	1599	98098375	98099395	2222	1.58e-179	636	+
chr10:19563624-19563948|ORR1E	chr1	82.021	1916	2336	303	18	2305	14302368	14304634	2325	0	1879	+
chr10:19614363-19614609|ORR1E	chr1	81.316	309	380	48	351	729	14355740	14356097	2247	1.85e-74	287	-
chr7:24862866-24863191|ORR1E	chr7	92.369	460	498	23	1495	1989	112743871	112744356	2326	0	695	-
chr1:169442747-169443088|ORR1E	chr9	88.63	304	343	35	1712	2053	42410277	42410616	2342	8.48e-113	414	+
chr10:19765462-19765772|ORR1E	chr1	81.126	1801	2220	328	129	2311	14497790	14499955	2311	0	1694	-
chr2:13882701-13882779|ORR1E	chr17	84.502	1723	2039	272	1	2013	76957061	76959081	2079	0	1975	+
chr9:95092801-95093157|ORR1E	chr8	82.353	1031	1254	159	1	1989	95647392	95649293	2357	1.04e-156	970.9	+
chr15:102388659-102388936|ORR1D2	chr5	88.131	297	337	32	1944	2278	130493798	130494128	2278	1.07e-106	394	-
chr4:34581598-34581750|ORR1E	chr5	81.638	778	987	142	1	2093	49140304	49142416	2153	1.35e-85	572.85	+
chr2:92464571-92464898|ORR1E	chr3	82.832	1954	2359	294	1	2318	78431750	78434038	2328	0	2010	+
chr10:20297000-20297200|ORR1E	chr1	81.939	431	526	85	309	834	15075499	15076014	2201	1.7e-119	436	-
chr10:21207409-21207739|ORR1E	chr1	81.702	1027	1257	145	371	1574	16020151	16021375	2331	0	968	-
chrX:65028207-65028528|ORR1E	chr1	81.205	337	415	73	20	434	55083500	55083909	2322	3.13e-87	329	+
chr7:47139963-47140249|ORR1D2	chr4	82.863	382	461	48	227	672	181468704	181469148	2287	6.49e-104	385	+
chr10:27548384-27548716|ORR1E	chr1	78.153	1041	1332	198	844	2142	17742730	17744001	2333	0	761	-
chr2:118588109-118588488|ORR1D2	chr3	82.462	489	593	58	1816	2380	105552795	105553369	2380	1.08e-131	477	+
chr9:8682326-8682555|ORR1E	chr9	78.289	476	608	99	74	663	12694232	12694824	2230	1.07e-96	361	+
chrX:90138779-90139114|ORR1D2	chr1	77.419	456	589	110	1755	2336	18249201	18249773	2336	3.15e-87	329	+
chr10:26785038-26785351|ORR1E	chr1	85.556	385	450	41	371	805	18539983	18540423	2314	2.3e-123	449	-
chr13:28856516-28856776|ORR1E	chr17	86.228	1966	2280	226	14	2261	35762100	35764323	2261	0	2390	+
chr15:98514542-98514779|ORR1E	chr1	87.85	470	535	59	138	669	234528778	234529309	2238	1.24e-175	623	-
chr6:12095820-12096111|ORR1D2	chr4	82.153	893	1087	150	1233	2292	40211242	40212311	2292	0	893	-
chr12:68183975-68184146|ORR1E	chr7	78.476	587	748	123	1358	2072	67168464	67169206	2172	4.63e-125	455	+
chr13:41955829-41955940|ORR1D2	chr17	84.721	865	1021	121	1112	2112	22794604	22795609	2112	0	989	+
chr13:7838754-7839089|ORR1E	chr17	80.229	1684	2099	276	275	2329	62599530	62601533	2336	0	1448	-
chr10:33556871-33557172|ORR1E	chr9	78.821	361	458	88	1848	2299	50762825	50763279	2302	2.44e-78	300	+
chr17:18108050-18108400|ORR1D2	chr1	79.477	1460	1837	279	563	2351	59047315	59049101	2351	0	1214	-
chr17:18169330-18169681|ORR1D2	chr1	79.337	1459	1839	278	564	2352	59047315	59049101	2352	0	1197	-
chr15:25314411-25314780|ORR1D2	chr2	79.179	1042	1316	190	6	1280	75745901	75747173	2370	0	835	-
chr3:61927707-61928027|ORR1E	chr9	82.669	415	502	66	1770	2255	109576069	109576565	2321	3.88e-116	425	+
chr4:6658708-6659058|ORR1E	chr5	82.796	539	651	93	1221	1857	19829374	19830019	2351	7.99e-158	564	+
chr6:148283276-148283462|ORR1E	chr4	84.161	1881	2235	248	2	2184	181199782	181201962	2187	0	2069	+
chr10:93114876-93114962|ORR1D2	chr7	84.894	680	801	98	43	834	27638172	27638958	2087	0	787	+
chr8:35136663-35136981|ORR1E	chr16	78.341	716	876	107	1038	2319	57068234	57069582	2319	8.34e-118	648.85	+
chr10:25052084-25052374|ORR1D2	chr1	81.503	1551	1903	251	1	1849	20332704	20334559	2291	0	1471	-
chr10:25036744-25037276|ORR1D2	chr1	86.364	342	396	42	2138	2527	20341059	20341448	2533	5.49e-115	422	-
chr10:25031735-25032059|ORR1E	chr1	87.119	886	1017	100	1326	2316	20344505	20345516	2325	0	1123	-
chr10:24635588-24635844|ORR1E	chr1	85.567	415	485	61	1292	1771	20768516	20768996	2257	2.19e-138	499	-
chr10:24570229-24570581|ORR1D2	chr1	83.833	1203	1435	200	198	1610	20831461	20832885	2353	0	1336	-
chr10:24436696-24436881|ORR1E	chr1	87.195	1035	1187	138	16	1189	20944997	20946182	2186	0	1338	+
chr10:24205278-24205639|ORR1E	chr1	81.856	1791	2188	282	213	2362	21180722	21182832	2362	0	1735	+
chr1:96211429-96211485|ORR1D2	chr10	79.321	257	324	53	15	330	96012486	96012803	2057	8.1e-53	215	-
chr13:98662190-98662536|ORR1D2	chr2	83.949	659	785	100	1575	2346	30017160	30017931	2347	0	728	-
chr5:88790835-88791029|ORR1D2	chr14	80.828	742	918	103	295	1171	19299290	19300175	2195	0	652	-
chr10:23002602-23002914|ORR1D2	chr1	83.848	353	421	56	399	815	22522465	22522877	2313	1.41e-105	390	-
chr16:26927585-26927784|ORR1E	chr3	84.929	417	491	49	1212	1684	150098425	150098908	2200	1.3e-130	473	-
chr15:84137169-84137299|ORR1D2	chr7	80.251	1280	1595	217	308	1854	115272866	115274410	2131	0	1110	+
chr7:98181174-98181464|ORR1E	chr1	81.122	593	731	75	766	1479	152475548	152476232	2291	1.02e-146	527	+
chrX:79673615-79673951|ORR1E	chrX	83.871	1222	1457	183	5	1442	43765486	43766909	2337	0	1341	-
chr8:96970430-96970772|ORR1E	chr19	81.92	1101	1344	163	1038	2343	8036303	8037604	2343	0	1062	-
chr16:8622157-8622337|ORR1E	chr10	81.059	1485	1832	187	390	2170	6995357	6997079	2181	0	1314	+
chr4:25339305-25339635|ORR1E	chr5	86.032	696	809	89	1543	2331	39059186	39059990	2331	0	846	-
chr10:31070157-31070488|ORR1E	chr1	81.579	1178	1444	192	1	1416	26564030	26565427	2332	0	1125	-
chr16:94241249-94241562|ORR1D2	chr13	96.97	960	990	21	1326	2314	65940422	65941403	2314	0	1653	+
chr18:24178695-24179053|ORR1E	chr18	81.324	1241	1526	189	871	2359	15454705	15456171	2359	0	1151	-
chr1:59755257-59755617|ORR1D2	chr9	85.221	790	927	104	941	1852	61184747	61185655	2361	0	922	-
chr8:83859594-83859930|ORR1D2	chr19	82.878	910	1098	124	762	1816	24285421	24286497	2337	0	928	-
chr10:30490520-30490694|ORR1E	chr1	82.399	1406	1716	231	449	2167	27167313	27169139	2175	0	1310.05	+
chr10:29739017-29739364|ORR1E	chr1	79.421	1262	1589	225	1	1550	28032501	28034026	2348	0	1029	+
chr2:17671730-17671975|ORR1D2	chr17	78.636	1038	1320	185	1	1280	80405008	80406270	2246	0	785	-
chr10:29028072-29028419|ORR1E	chr1	80.061	1843	2302	321	12	2246	28815791	28818021	2348	0	1581	-
chr11:5816340-5816448|ORR1E	chr14	79.051	400	506	62	809	1291	80693744	80694228	2109	1.33e-80	307	-
chr13:73591550-73591903|ORR1E	chr1	84.859	510	601	64	863	1444	29696075	29696667	2354	7.94e-163	580	-
chr13:97064340-97064585|ORR1E	chr2	83.418	654	784	101	691	1471	28377551	28378308	2246	0	701	-
chr17:31701063-31701381|ORR1E	chr20	80.874	967	1190	151	22	1435	9804568	9805927	2319	8.11e-138	850.25	+
chr2:50530511-50530711|ORR1E	chr3	84.423	439	520	54	7	514	34974479	34974983	2201	1.66e-134	486	-
chr7:4202827-4203171|ORR1E	chr1	84.745	1311	1547	155	852	2344	70008103	70009622	2345	0	1474	+
chr16:68767919-68768239|ORR1E	chr11	79.208	1200	1515	224	63	1542	6884282	6885740	2321	0	968	-
chr1:95059722-95060056|ORR1D2	chr20	80.78	290	359	57	1	353	53967907	53968259	2335	1.94e-69	270	-
chr13:70749804-70750220|ORR1E	chr1	83.6	627	750	89	1556	2276	32536937	32537681	2417	0	673	+
chr4:40415202-40415541|ORR1E	chr14	88.953	306	344	33	454	793	9026207	9026549	2340	1.82e-114	420	-
chr5:100728774-100729044|ORR1D2	chr14	79.384	1843	2284	303	3	2266	8887007	8889230	2271	0	1563.7	+
chr18:57598386-57598722|ORR1E	chr19	80.882	330	408	63	48	451	9722434	9722830	2337	1.48e-80	307	+
chr10:96328486-96328803|ORR1D2	chr7	81.674	771	944	117	690	1604	31039915	31040831	2318	0	734	-
chr17:56938948-56939184|ORR1D2	chr1	78.859	470	596	82	119	708	183510877	183511434	2237	2.97e-97	363	-
chr10:82773566-82773882|ORR1E	chr7	78.599	808	1028	151	846	1843	20957716	20958704	2317	2.14e-173	616	-
chr1:55291303-55291468|ORR1E	chr9	83.297	1157	1389	149	2	1344	56782873	56784224	2166	0	1203	+
chr4:53335387-53335654|ORR1E	chr5	81.484	1285	1577	191	743	2268	67971625	67973151	2268	0	1201	+
chr15:57027897-57028167|ORR1E	chr7	78.605	676	860	137	1433	2265	88482213	88483052	2271	3.64e-146	525	-
chr13:89341573-89341892|ORR1E	chr2	85.827	981	1143	127	1178	2308	20427895	20429014	2320	0	1181	+
chrX:32990914-32991053|ORR1D2	chrX	77.886	560	719	83	1136	1798	17210755	17211453	2140	1.02e-101	377	-
chrX:71442975-71443135|ORR1E	chr9	84.015	678	807	78	1357	2159	498388	499147	2161	0	728	+
chr5:120094739-120095120|ORR1E	chr18	84.722	305	360	40	376	723	54574802	54575158	2382	3.19e-92	346	+
chr10:4484995-4485268|ORR1D2	chr1	83.883	687	819	82	1025	1841	40948064	40948834	2274	0	736	-
chr13:113548972-113549210|ORR1D2	chr2	87.077	566	650	62	1600	2239	45185581	45186218	2239	0	715	-
chr10:4780791-4781077|ORR1E	chr1	78.477	536	683	99	1580	2232	41303407	41304071	2287	1.79e-109	403	-
chr10:4991998-4992308|ORR1D2	chr1	82.733	987	1193	136	140	1281	41485139	41486312	2311	0	998	-
chr1:167531267-167531609|ORR1D2	chr13	82.759	1578	1886	222	553	2343	79679746	79681708	2343	0	1611.2	+
chr10:5299384-5299715|ORR1E	chr1	82.958	959	1156	139	235	1351	41758999	41760135	2332	0	990	+
chr10:5384574-5384657|ORR1E	chr1	79.671	1258	1579	226	552	2084	41848712	41850241	2084	0	1050	+
chr7:134038043-134038261|ORR1D2	chr1	84.068	1926	2291	247	2	2200	188833389	188835653	2219	0	2100	+
chr10:5558851-5559180|ORR1D2	chr1	81.376	970	1192	173	19	1181	41991190	41992361	2330	0	926	+
chr10:5689601-5689888|ORR1D2	chr1	82.087	1251	1524	191	827	2288	42117186	42118689	2288	0	1227	-
chr10:5706275-5706592|ORR1E	chr1	79.825	1733	2171	303	184	2318	42133678	42135749	2318	0	1458	-
chr10:5854435-5854798|ORR1E	chr1	86.483	659	762	83	1611	2364	42260176	42260925	2364	0	819	-
chr10:6137023-6137344|ORR1D2	chr1	82.558	923	1118	177	1213	2322	42537061	42538168	2322	0	968	-
chr11:32126070-32126229|ORR1E	chr10	80.856	1039	1285	160	383	1632	15529296	15530529	2160	0	931	-
chr10:7122459-7122813|ORR1E	chr1	81.193	1239	1526	212	552	2039	43502260	43503748	2355	0	1158	+
chr18:20795616-20795969|ORR1E	chr18	82.411	417	506	65	919	1419	12078991	12079477	2354	1.83e-114	420	-
chr9:114485121-114485199|ORR1E	chr8	81.026	632	780	100	854	1615	114167981	114168730	2079	9.06e-162	577	-
chr12:34226737-34226949|ORR1E	chr6	82.259	1289	1567	184	702	2213	50928580	50930107	2213	0	1267	+
chr2:17951976-17952347|ORR1E	chr17	79.723	806	1011	144	194	1179	80713051	80714025	2372	0	675	-
chr17:4968928-4969244|ORR1D2	chr1	82.222	1327	1581	184	1	2317	45537072	45539202	2317	0	1376.55	+
chr17:4980180-4980547|ORR1D2	chr1	80.645	1375	1705	252	673	2368	45555460	45557095	2368	0	1249	+
chr5:45303805-45304030|ORR1E	chr14	80.054	887	1108	131	4	1053	65795714	65796789	2226	0	739	+
chr17:5672768-5672994|ORR1E	chr1	83.003	962	1159	144	97	1227	46250815	46251948	2227	0	1000	-
chr17:5746382-5746702|ORR1D2	chr1	83.896	870	1037	125	640	1647	46318580	46319603	2321	0	952	-
chr6:107993728-107993947|ORR1E	chr4	82.474	400	485	59	92	558	140949125	140949601	2220	6.26e-109	401	-
chr13:111536461-111536519|ORR1E	chr2	81.994	847	1033	115	746	1747	43130245	43131237	2059	0	811	+
chr1:131412095-131412417|ORR1E	chr13	85.411	1247	1460	141	1	1432	42853950	42855365	2323	0	1450	+
chr9:124265585-124265872|ORR1E	chr9	79.465	743	935	165	33	959	110952094	110953009	2288	4.52e-180	638	-
chr7:127080179-127080416|ORR1E	chr1	80.078	619	773	115	1439	2192	47417638	47418390	2238	4.61e-150	538	+
chrX:99970136-99970502|ORR1D2	chrX	85.408	837	980	94	73	1048	65068631	65069565	2367	0	972	+
chr19:23680850-23681126|ORR1D2	chr1	84.018	552	657	62	1	652	221270076	221270694	2277	3.55e-166	592	+
chr13:55895720-55895933|ORR1E	chr17	77.91	1506	1933	277	34	1900	8725213	8727061	2214	0	1066	-
chr11:43148878-43148993|ORR1E	chr10	85.226	698	819	87	1265	2077	27630566	27631356	2116	0	811	-
chr19:56253318-56253603|ORR1E	chr1	78.67	970	1233	175	762	1928	255283154	255284364	2286	0	739	+
chr17:10675003-10675342|ORR1E	chr1	90.517	713	824	91	1208	2339	50039483	50040602	2340	1.39e-125	843.6	+
chr15:84551072-84551417|ORR1D2	chr7	82.19	1666	2027	240	9	1983	115681118	115683075	2346	0	1631	-
chr15:95906742-95907055|ORR1E	chr7	80.062	1783	2254	283	3	2166	127046983	127049201	2314	0	1310.05	+
chr7:116625609-116625974|ORR1D2	chr1	85.601	1623	1896	194	532	2364	170873118	170874997	2366	0	1916	+
chr1:138480749-138481022|ORR1E	chr1	74.866	280	374	73	83	446	50741172	50741534	2274	2.56e-33	150	-
chr17:9921364-9921715|ORR1E	chr1	81.187	1204	1483	188	660	2106	50789578	50791005	2352	0	1109	-
chr6:107749883-107750028|ORR1E	chr4	81.582	815	999	120	1177	2143	140693079	140694045	2146	0	767	+
chr17:9743349-9743658|ORR1E	chr1	82.488	1790	2170	275	1	2129	50975779	50977884	2310	0	1805	+
chr11:52390042-52390380|ORR1D2	chr10	93.995	407	433	16	1	426	36559285	36559714	2339	0	647	+
chr6:122565372-122565712|ORR1D2	chr10	83.497	764	915	79	1	869	36558754	36559642	2341	0	787	+
chr17:8994189-8994526|ORR1D2	chr1	80.296	1622	2008	252	164	2208	51756823	51758791	2338	0	1372.75	+
chr17:8888200-8888439|ORR1E	chr1	77.675	842	1084	169	88	1121	51863619	51864679	2240	9.7e-167	593	-
chr17:8606779-8607107|ORR1E	chr1	83.141	1080	1299	156	817	2099	52138196	52139447	2329	0	1127	-
chr1:179650452-179650638|ORR1D2	chr13	83.31	594	713	94	1250	1941	91390232	91390940	2187	5.58e-179	634	+
chr1:35971544-35971896|ORR1D2	chr9	82.148	520	633	65	1761	2352	38192333	38192958	2353	2.29e-138	499	-
chr11:35716173-35716536|ORR1D2	chr10	82.059	526	641	78	53	681	20167959	20168574	2364	2.95e-142	512	-
chr17:7331894-7332148|ORR1D2	chr1	81.807	670	819	102	924	1724	52948509	52949298	2255	0	643	-
chr17:13152955-13153108|ORR1E	chr1	82.098	986	1201	146	999	2154	53620033	53621209	2154	0	963	-
chr17:13028361-13028568|ORR1E	chr1	80.229	1404	1750	233	528	2208	53620045	53621750	2208	0	1210	-
chr17:7406581-7406764|ORR1E	chr1	80.562	1376	1708	224	527	2168	53620085	53621750	2184	0	1216	-
chr17:13181035-13181354|ORR1E	chr1	80.572	958	1189	174	565	1745	53640380	53641519	2320	0	863	-
chr17:13674989-13675318|ORR1E	chr1	82.425	1733	2091	270	6	2058	53805146	53807210	2330	0	1706.2	+
chr15:49079546-49079805|ORR1E	chr7	78.649	1444	1836	280	426	2230	80332207	80333961	2260	0	1116	+
chr17:14724765-14725054|ORR1E	chr1	79.533	1259	1583	209	1	1553	55725502	55726999	2290	0	1022	-
chr9:111074041-111074301|ORR1E	chr8	81.186	794	978	126	1305	2261	111051076	111052016	2261	0	734	-
chr17:15411530-15411814|ORR1E	chr1	78.469	1261	1607	225	1	1532	56359099	56360659	2285	0	939	+
chr13:91253440-91253795|ORR1D2	chr20	78.544	410	522	81	183	691	9875829	9876332	2356	8.9e-83	315	-
chr17:16772978-16773324|ORR1D2	chr1	83.255	1059	1272	149	840	2062	57818927	57820183	2347	0	1110	-
chr17:17583328-17583653|ORR1E	chr1	78.669	1442	1833	246	536	2326	58321458	58323187	2326	0	1085	-
chr17:17637402-17637722|ORR1E	chr1	83.794	1153	1376	125	5	1339	58376590	58377908	2321	0	1216	+
chr17:20358291-20358643|ORR1D2	chr1	78.521	1444	1839	295	556	2329	59047298	59049101	2353	0	1116	-
chr17:18584379-18584708|ORR1D2	chr1	77.715	1095	1409	266	559	1947	59047704	59049084	2330	0	819	-
chr17:18930794-18931137|ORR1D2	chr1	77.426	1053	1360	239	636	1961	59047704	59049029	2344	0	749	-
chr17:19380569-19380914|ORR1D2	chr1	84.453	440	521	80	1411	1930	59047704	59048224	2346	2.93e-142	512	-
chr3:50594420-50594747|ORR1E	chr16	79.268	325	410	76	3	403	73237857	73238266	2328	1.15e-71	278	+
chr6:63027909-63028235|ORR1E	chr4	83.053	593	714	81	1648	2327	92166413	92167120	2327	2.78e-172	612	+
chr8:33990058-33990438|ORR1D2	chr16	81.292	1221	1502	185	454	1906	58163644	58165098	2381	0	1129	-
chr7:23343508-23343871|ORR1E	chr1	80.184	1540	1904	240	389	2328	68097180	68099046	2364	0	1315.75	+
chr5:97684449-97684727|ORR1D2	chr14	84.099	1941	2308	255	3	2257	11879604	11881852	2279	0	2126	-
chr15:99065305-99065630|ORR1E	chr7	80.889	364	450	59	1840	2280	130225989	130226420	2326	3.14e-87	329	-
chr8:77623744-77624025|ORR1E	chr19	80.241	666	830	101	844	1630	30326382	30327191	2282	2.16e-158	566	-
chr7:56013146-56013482|ORR1E	chr3	94.595	490	518	23	36	548	117490998	117491515	2337	0	797	-
chr4:55355880-55356090|ORR1D2	chr5	82.182	1130	1375	137	810	2152	70095624	70096922	2211	0	1083	-
chr7:16232202-16232482|ORR1D2	chr1	83.063	358	431	49	1041	1457	76923726	76924146	2281	1.81e-99	370	-
chr1:43120493-43120831|ORR1E	chr9	84.049	685	815	104	1040	1845	45385511	45386308	2339	0	761	-
chr7:116320246-116320570|ORR1D2	chr1	82.992	527	635	72	761	1373	170560719	170561339	2325	3.7e-151	542	-
chr3:149143329-149143531|ORR1D2	chr1	78.902	273	346	40	224	558	77584501	77584824	2203	1.88e-49	204	-
chr5:115757442-115757788|ORR1D2	chr12	86.931	439	505	55	1	502	40845151	40845647	2347	1.33e-155	556	+
chrX:77808789-77808855|ORR1E	chrX	82.525	1719	2083	261	16	2034	41876643	41878686	2067	0	1735	-
chr7:19667292-19667611|ORR1D2	chr10	84.27	300	356	40	276	623	87841185	87841532	2320	2.42e-88	333	+
chr13:59575100-59575473|ORR1D2	chr17	87.528	393	449	43	1933	2374	5098450	5098892	2374	1.38e-140	507	+
chr7:19945325-19945587|ORR1E	chr1	80.377	1200	1502	197	18	1560	79598922	79600353	2263	0	953.8	+
chr7:24113137-24113456|ORR1D2	chr1	81.413	1463	1797	200	1	1740	79676743	79678462	2320	0	1345	+
chr7:111604124-111604225|ORR1D2	chr1	82.654	1744	2110	285	21	2102	165734091	165736147	2102	0	1794	+
chr7:24661638-24661923|ORR1E	chr1	81.401	709	871	108	1197	2061	80246629	80247451	2286	0	662	-
chr8:68294651-68294709|ORR1E	chr16	86.136	876	1017	103	1056	2059	21393332	21394323	2059	0	1062	+
chr2:164550799-164551133|ORR1D2	chr3	82.744	796	962	113	1286	2224	153276507	153277438	2335	0	808	-
chr14:68035208-68035521|ORR1E	chr15	83.398	1507	1807	212	1	1770	42255678	42257433	2314	0	1594	+
chr1:4848151-4848399|ORR1D2	chr7	81.671	352	431	55	1691	2119	111260802	111261210	2249	1.81e-89	337	-
chr1:4848546-4848657|ORR1D2	chr7	81.671	352	431	55	1296	1724	111260802	111261210	2112	1.7e-89	337	-
chr16:45372469-45372815|ORR1E	chr11	83.933	350	417	60	1932	2344	55447400	55447813	2347	3.98e-106	392	-
chr1:160842550-160842674|ORR1E	chr13	83.826	1135	1354	155	1	1341	73105403	73106705	2125	0	1229	-
chr7:28671215-28671461|ORR1D2	chr1	79.86	571	715	81	729	1386	83961299	83962007	2247	7.96e-128	464	-
chr10:117449699-117450064|ORR1D2	chr7	81.169	500	616	69	825	1425	53058499	53059082	2366	6.53e-124	451	-
chr7:28800092-28800440|ORR1E	chr1	82.353	406	493	53	1415	1887	84089344	84089822	2349	8.57e-108	398	-
chr7:28803186-28803518|ORR1E	chr1	78.703	728	925	125	298	1191	84093328	84094211	2333	6.17e-154	551	-
chr16:8794858-8795223|ORR1D2	chr10	86.543	373	431	58	6	436	6818393	6818823	2366	3.88e-131	475	+
chr16:15680480-15680767|ORR1D2	chr11	80.522	463	575	55	1718	2286	85214108	85214631	2288	5.02e-105	388	-
chr7:127220244-127220576|ORR1D2	chr1	84.492	474	561	67	145	698	181838878	181839425	2333	1.73e-149	536	-
chr7:30698244-30698464|ORR1E	chr1	83.79	1132	1351	122	401	1734	85947141	85948411	2221	0	1192	-
chr7:30806057-30806182|ORR1E	chr1	80.414	1152	1417	175	735	2095	86063199	86064617	2126	5.58e-159	1013.65	+
chr7:30891986-30892305|ORR1E	chr1	79.541	1242	1528	197	802	2300	86141481	86142976	2320	0	1098.2	+
chr7:31017008-31017304|ORR1D2	chr1	85.351	839	983	107	29	999	86252707	86253664	2297	0	983	-
chr7:31089700-31090048|ORR1D2	chr1	83.794	455	543	65	31	562	86328453	86328983	2349	1.06e-136	494	-
chr7:31130943-31131064|ORR1E	chr1	86.352	1507	1797	178	1	1731	86366817	86368610	2122	0	1528.55	+
chr7:31156343-31156721|ORR1D2	chr1	83.698	1951	2331	259	77	2362	86392793	86395047	2379	0	2087	+
chr7:31156721-31157063|ORR1E	chr1	83.737	1694	2023	223	1	1984	86393092	86395047	2343	0	1816	+
chr7:31164757-31165074|ORR1E	chr1	81.264	1054	1297	150	697	1942	86401410	86402664	2318	0	963	-
chr1:10418343-10418644|ORR1D2	chr20	86.053	290	337	42	1634	1967	21706527	21706861	2302	1.42e-95	357	-
chr7:34125761-34126088|ORR1E	chr1	78.689	1118	1371	165	237	1576	86755810	86757172	2328	0	995.6	+
chr13:112980380-112980538|ORR1D2	chr3	79.261	279	352	59	1810	2157	23106349	23106690	2159	2.35e-58	233	+
chr7:34680127-34680460|ORR1E	chr1	91.79	805	877	63	2	870	87300283	87301158	2334	0	1212	-
chr7:34849764-34850062|ORR1E	chr1	79.115	1583	1903	231	1	1999	87470859	87472944	2299	4.6e-170	1576.05	+
chr15:6191053-6191378|ORR1E	chr2	81.975	1519	1853	244	86	1881	55326207	55328026	2326	0	1489	-
chr9:57429106-57429462|ORR1D2	chr8	82.073	1085	1322	151	180	1450	57830787	57832073	2357	0	1050	-
chr15:96183128-96183372|ORR1E	chr7	81.796	1392	1682	224	1	2023	127326071	127328155	2245	0	1366.1	+
chr12:116300184-116300387|ORR1D2	chr6	82.816	1894	2287	251	1	2204	137235125	137237352	2204	0	1916	+
chr14:40939686-40939917|ORR1E	chr20	81.984	314	383	58	1573	1952	49189533	49189907	2232	8.43e-83	315	+
chr16:34738714-34739032|ORR1D2	chr15	82.222	296	360	50	330	680	95228110	95228464	2319	8.82e-78	298	+
chr7:38028624-38028949|ORR1E	chr1	91.525	378	413	28	1	412	90715268	90715674	2326	2.84e-157	562	-
chr7:38029287-38029622|ORR1D2	chr1	82.107	1159	1340	138	684	2085	90714752	90716097	2336	0	1360.4	+
chr7:39664310-39664654|ORR1E	chr1	82.023	1346	1641	202	733	2339	91322412	91323993	2345	0	1310	-
chr7:40620839-40621183|ORR1E	chr1	82.95	1912	2305	295	1	2246	92295827	92298092	2345	0	1989	+
chr7:38443917-38444231|ORR1E	chr1	82.431	746	905	134	381	1278	92756584	92757470	2315	0	767	+
chr7:38861393-38861707|ORR1E	chr1	82.541	747	905	133	381	1278	92756584	92757470	2315	0	773	+
chr7:39404274-39404579|ORR1E	chr1	81.498	718	881	134	395	1266	92756601	92757461	2306	0	697	+
chr7:41114571-41114923|ORR1E	chr1	80.831	506	626	95	1488	2097	92836696	92837312	2353	6.45e-129	468	+
chr7:41316714-41317069|ORR1E	chr1	80.354	499	621	99	1490	2096	92836696	92837307	2356	2.34e-123	449	+
chr7:38383917-38384267|ORR1E	chr1	80.837	502	621	98	1489	2097	92836701	92837312	2351	6.45e-129	468	+
chr17:92413286-92413576|ORR1D2	chr1	79.423	1405	1769	280	342	2082	93625138	93626850	2291	0	1173	-
chr7:42970599-42970824|ORR1E	chr1	79.628	1071	1345	171	18	1327	93617313	93618589	2226	0	870	+
chr7:43185031-43185267|ORR1E	chr1	80.059	815	1018	158	17	1012	93032800	93033794	2237	0	713	+
chr7:43221401-43221622|ORR1E	chr1	78.937	802	1016	170	20	1012	93032800	93033794	2222	0	651	+
chr7:42638279-42638517|ORR1E	chr1	79.862	813	1018	158	15	1012	93032805	93033795	2239	0	701	+
chr7:43258997-43259192|ORR1D2	chr1	78.148	633	810	97	532	1298	93617814	93618586	2196	3.65e-121	442	+
chr7:43636336-43636651|ORR1E	chr1	83.217	1909	2294	259	80	2316	94071566	94073790	2316	0	1988	-
chr18:47016045-47016274|ORR1E	chr18	87.184	517	593	72	18	609	39802152	39802741	2230	0	671	+
chr7:44741382-44741463|ORR1E	chr1	87.275	631	723	70	362	1075	95233316	95234025	2082	0	806	-
chr16:89760219-89760397|ORR1E	chr17	78.273	281	359	50	1	338	74680381	74680732	2179	5.17e-50	206	-
chr7:45972092-45972404|ORR1E	chr1	81.223	1142	1406	163	843	2198	96441904	96443258	2313	0	1040	-
chr3:38418605-38418947|ORR1E	chr1	81.273	677	833	87	1559	2342	96574682	96575494	2343	1.01e-171	610	-
chr7:46184325-46184603|ORR1E	chr1	80.531	364	452	64	1417	1847	96684907	96685355	2279	3.98e-86	326	+
chr3:96806087-96806404|ORR1D2	chr2	84.412	1370	1623	177	739	2318	184348539	184350128	2318	0	1526	-
chr7:46739083-46739428|ORR1D2	chr1	75.833	797	1051	186	400	1403	97264709	97265738	2346	4.97e-130	472	-
chr15:51870929-51871266|ORR1E	chr7	92.865	820	883	60	1	882	83182100	83182980	2338	0	1279	-
chr5:100082010-100082348|ORR1E	chr14	80.041	1167	1458	197	106	1532	9520212	9521606	2339	0	994	-
chr7:47319502-47319829|ORR1D2	chr1	83.01	1456	1754	230	609	2326	97796627	97798348	2328	0	1526	+
chr7:47206042-47206368|ORR1D2	chr1	82.232	1444	1756	238	622	2327	97796627	97798358	2327	0	1447	+
chr7:47996922-47997189|ORR1D2	chr1	81.259	555	683	93	609	1258	97796627	97797307	2268	1.69e-144	520	+
chr7:48898334-48898688|ORR1D2	chr1	82.377	1982	2406	308	1	2343	98602279	98604631	2355	0	1988	+
chr7:48938224-48938460|ORR1E	chr1	85.294	609	714	82	1343	2054	98642362	98643054	2237	0	715	-
chr7:49135120-49135398|ORR1E	chr1	81.818	1107	1353	162	27	1325	98844049	98845371	2279	0	1059	-
chr7:49152873-49153159|ORR1E	chr1	84.673	1022	1207	136	1112	2286	98858690	98859879	2287	0	1158	-
chr7:49177549-49177874|ORR1D2	chr1	77.11	1673	2066	283	1	2048	98882124	98884156	2326	0	1459.2	+
chr7:49510924-49511277|ORR1E	chr1	83.61	806	964	109	1	933	99226965	99227910	2354	0	859	-
chr7:49783456-49783571|ORR1E	chr1	84.628	512	605	55	1	587	99498703	99499287	2116	5.55e-159	568	-
chr7:50518997-50519179|ORR1E	chr1	79.548	1373	1726	258	509	2180	100217269	100218953	2183	0	1144	+
chr7:50802252-50802621|ORR1E	chr1	79.831	1884	2360	349	99	2370	100512664	100514984	2370	0	1604	-
chr7:51040619-51040911|ORR1E	chr1	82.451	888	1077	147	5	1076	100685960	100686999	2293	0	904	+
chr13:82438522-82438780|ORR1E	chr2	79.183	1396	1763	269	520	2244	12754871	12756573	2259	0	1133	-
chr7:53570519-53570841|ORR1D2	chr1	80.979	1852	2287	330	28	2260	104200154	104202389	2323	0	1716	-
chr5:38402384-38402739|ORR1D2	chr14	82.635	1637	1981	221	1	1935	72408513	72410416	2356	0	1639	-
chr11:43755423-43755685|ORR1D2	chr1	81.765	278	340	57	1269	1606	105975559	105975895	2263	3.12e-72	279	-
chr11:43755687-43756004|ORR1E	chr1	81.765	278	340	57	1588	1925	105975559	105975895	2318	3.2e-72	279	-
chr7:93136108-93136409|ORR1E	chr1	78.633	1450	1844	253	279	2076	147228468	147230216	2302	0	1092	-
chr7:55968217-55968535|ORR1E	chr1	83.011	772	930	106	2	920	106828886	106829774	2319	0	795	+
chr9:77391271-77391502|ORR1D2	chr8	82.623	756	915	117	301	1196	78253075	78253966	2232	0	771	-
chr7:56061080-56061328|ORR1D2	chr1	82.696	1405	1699	181	437	2075	106916519	106918164	2249	0	1404	+
chr7:56291679-56291829|ORR1E	chr1	79.853	543	680	97	358	1029	107181656	107182303	2151	9.86e-127	460	+
chr7:56937962-56938306|ORR1D2	chr1	78.5	628	800	100	519	1277	107835511	107836279	2345	3.87e-126	459	-
chr2:150346077-150346334|ORR1D2	chr9	77.851	471	605	93	2	592	104627084	104627661	2258	1.82e-89	337	+
chr7:58328402-58328708|ORR1E	chr1	81.929	603	736	106	920	1641	109228173	109228895	2307	7.73e-168	597	-
chr7:58858952-58859262|ORR1E	chr1	84.027	626	745	96	931	1662	109764579	109765313	2311	0	695	-
chr5:64835375-64835663|ORR1E	chr14	82.866	1412	1717	187	50	1895	43470925	43472808	2289	0	1302.45	+
chr7:102317769-102317970|ORR1D2	chr3	83.036	372	448	44	1706	2127	146949918	146950359	2202	1.05e-101	377	+
chr7:63701637-63701717|ORR1D2	chr1	81.803	971	1187	155	721	1872	117325444	117326604	2081	0	939	-
chr7:63930104-63930448|ORR1D2	chr1	81.434	1658	2036	230	358	2345	117540172	117542107	2345	0	1530	-
chr2:83628431-83628641|ORR1D2	chr3	82.764	1639	2001	250	1	2209	68721013	68723166	2211	0	1507.65	+
chr7:64460352-64460681|ORR1E	chr1	83.333	1921	2348	320	15	2330	118031230	118033598	2330	0	1777.45	+
chr12:82568458-82568840|ORR1E	chr6	80.841	1655	2026	252	46	2382	102215259	102217505	2383	0	1498.15	+
chr7:64770935-64771336|ORR1D2	chr1	83.927	919	1095	94	1	1033	118302357	118303431	2402	0	972	+
chr7:65588101-65588376|ORR1E	chr1	84.118	572	680	59	1612	2275	119152960	119153606	2276	2.72e-172	612	-
chr7:66154276-66154461|ORR1E	chr1	79.398	343	432	38	1431	1824	119730378	119730796	2186	1.41e-65	257	+
chr6:100659789-100660104|ORR1E	chr4	83.008	1552	1927	245	6	1928	133293457	133295297	2316	0	1293.9	+
chr7:66652227-66652521|ORR1D2	chr1	79.509	1838	2277	289	1	2295	120229511	120231726	2295	0	1552.3	+
chr7:67406985-67407293|ORR1D2	chr1	84.768	512	604	64	1724	2303	121019882	121020481	2309	7.79e-163	580	+
chr7:68164141-68164497|ORR1E	chr1	79.254	1020	1287	159	622	1841	121766044	121767289	2357	0	798	-
chr7:68173803-68174134|ORR1D2	chr1	79.748	1390	1743	223	61	1703	121774826	121776538	2332	0	1144	-
chr7:68683275-68683620|ORR1D2	chr1	81.654	1491	1826	237	3	1774	122310215	122311996	2346	0	1426	+
chr7:68880727-68881080|ORR1E	chr1	83.063	1844	2220	285	172	2354	122505956	122508121	2354	0	1932	-
chr16:92861785-92862141|ORR1E	chr11	81.094	1334	1645	240	1	1617	32107235	32108836	2357	0	1249	-
chr18:89193405-89193906|ORR1E	chr18	87.158	319	366	41	2106	2471	82455687	82456046	2502	1.17e-111	411	-
chr7:70136852-70137164|ORR1E	chr1	84.491	1983	2347	284	7	2311	123794388	123796696	2313	0	2244	-
chr7:71283667-71284043|ORR1D2	chr1	82.396	1933	2346	343	1	2316	124984503	124986808	2377	0	1980	-
chr7:71646991-71647325|ORR1D2	chr1	79.672	1944	2440	334	7	2335	125341193	125343581	2335	0	1609	-
chr15:59820271-59820591|ORR1E	chr7	81.567	354	434	25	1937	2321	91375390	91375817	2321	1.47e-80	307	-
chr7:72911577-72911945|ORR1E	chr1	83.578	1878	2247	288	149	2367	126675364	126677557	2369	0	2030	-
chr7:74424630-74424965|ORR1E	chr1	88.116	1675	1975	207	7	2014	128252979	128254894	2336	0	1804.05	+
chr7:74497294-74497609|ORR1E	chr1	82.52	1775	2151	261	248	2316	128324065	128326182	2316	0	1783	+
chr7:75213688-75213902|ORR1E	chr1	84.179	1261	1498	157	763	2215	129060909	129062371	2215	0	1380	+
chr7:75392674-75392858|ORR1D2	chr1	83.435	1166	1352	144	1	2153	129252873	129255149	2185	0	1355.65	+
chr14:14492363-14492678|ORR1D2	chr15	80.332	1493	1809	198	522	2316	10828708	10830488	2316	0	1408.85	+
chr7:76163928-76164288|ORR1E	chr1	82.927	1712	2068	274	5	2361	129988300	129990333	2361	0	1683.4	+
chr7:76400553-76400782|ORR1E	chr1	81.777	1086	1328	172	1	1284	130183754	130185055	2230	0	1048	+
chr7:77849402-77849713|ORR1E	chr1	81.749	1505	1841	255	5	1814	131764234	131766024	2312	0	1463	-
chr7:82971273-82971577|ORR1E	chr1	83.411	1619	1941	224	5	1873	136948844	136950758	2305	0	1711	-
chr9:121597683-121597818|ORR1E	chr8	77.735	1222	1572	208	84	1538	121264367	121265913	2136	0	833	-
chr7:80575777-80576124|ORR1D2	chr1	83.044	1386	1669	192	723	2348	134540588	134542208	2348	0	1430	-
chr13:44579373-44579554|ORR1E	chr17	87.121	575	660	65	1497	2140	20114348	20115003	2182	0	730	-
chr7:82118167-82118501|ORR1E	chr1	82.362	523	635	76	1033	1663	136077507	136078109	2335	1.74e-144	520	-
chr9:106843133-106843304|ORR1D2	chr8	79.471	991	1247	135	891	2096	107501835	107503001	2172	0	773	-
chr7:82795533-82795832|ORR1E	chr1	85.202	1664	1953	227	182	2095	136780109	136782038	2300	0	1949	-
chr7:82876752-82877091|ORR1E	chr1	80.84	1502	1858	228	524	2326	136864625	136866409	2340	0	1341	-
chr7:82890329-82890684|ORR1D2	chr1	82.353	1555	1855	209	490	2356	136879801	136881603	2356	0	1596	+
chr7:83035251-83035614|ORR1E	chr1	82.785	1760	2126	266	11	2097	137006037	137008101	2364	0	1807	+
chr7:83541820-83542087|ORR1E	chr1	83.404	1965	2356	256	4	2268	137497102	137499413	2268	0	2060	+
chr5:64619836-64619949|ORR1D2	chr14	83.218	1086	1305	165	2	1280	43687902	43689178	2114	0	1147	-
chr3:65473255-65473466|ORR1D2	chr2	81.74	667	816	107	32	811	149695648	149696457	2212	0	643	-
chr7:84710347-84710614|ORR1D2	chr1	82.812	583	704	89	4	690	138676816	138677504	2268	5.87e-169	601	-
chr7:87988527-87988851|ORR1D2	chr1	77.202	745	965	116	802	1711	141748332	141749247	2325	6.37e-129	468	-
chr7:88469060-88469374|ORR1D2	chr1	84.757	1316	1575	188	1	1538	142234618	142236189	2315	0	1337.6	+
chr8:82759165-82759567|ORR1E	chr19	81.81	877	1072	126	721	1772	25329565	25330587	2403	0	835	-
chr7:88955649-88956011|ORR1E	chr1	83.264	1995	2396	320	1	2363	142790907	142793254	2363	0	2128	-
chr7:89252859-89253166|ORR1E	chr1	80.794	1792	2218	299	13	2174	143123992	143126138	2308	0	1618	+
chr7:89640865-89641212|ORR1E	chr1	81.276	777	956	143	1400	2348	143543646	143544572	2348	0	741	-
chr7:89901873-89902164|ORR1E	chr1	84.333	506	600	50	89	674	143789934	143790503	2292	7.84e-153	547	-
chr3:78615886-78615959|ORR1E	chr4	83.023	357	430	66	456	881	104118181	104118607	2074	2.11e-103	383	-
chr5:99828560-99828881|ORR1E	chr14	82.559	1368	1657	212	716	2322	9764469	9766098	2322	0	1387	-
chr13:90622406-90622720|ORR1E	chr8	80.381	295	367	66	1	364	89826001	89826364	2315	1.48e-70	274	+
chr11:118135331-118135642|ORR1E	chr10	84.889	382	450	54	433	875	103373387	103373829	2312	3.84e-121	442	+
chr7:92199549-92199748|ORR1D2	chr1	84.286	767	910	110	432	1315	146277504	146278406	2200	0	857	-
chr10:41752240-41752446|ORR1E	chr2	78.882	508	644	107	50	676	227598729	227599360	2207	3.72e-111	409	+
chr2:143237151-143237239|ORR1E	chr3	78.81	848	1076	145	1045	2089	130578650	130579673	2089	0	647	+
chr7:92606060-92606408|ORR1E	chr1	82.598	1704	2063	212	1	2013	146660274	146662239	2349	0	1685	+
chr7:96778475-96778658|ORR1E	chr1	84.768	768	906	104	1287	2182	151130209	151131090	2184	0	878	-
chr7:96975981-96976343|ORR1D2	chr1	82.623	1235	1513	176	1	2360	151326991	151329216	2363	0	1101.05	+
chr7:97724019-97724240|ORR1D2	chr1	77.778	448	576	86	563	1121	152044266	152044816	2222	2.33e-83	316	-
chr18:67517577-67517720|ORR1E	chr11	79.218	324	409	64	573	977	77714122	77714513	2144	8.27e-68	265	-
chr7:98809495-98809849|ORR1D2	chr1	77.279	1653	2139	298	1	2050	153107961	153110000	2355	0	1085	+
chr7:99093028-99093228|ORR1E	chr1	79.271	348	439	74	2	432	153389762	153390191	2201	1.4e-75	291	+
chr7:99531725-99531896|ORR1D2	chr1	83.638	1237	1479	180	724	2172	153833962	153835408	2172	0	1334	+
chr7:99532009-99532189|ORR1D2	chr1	83.959	1408	1677	204	440	2086	153833962	153835603	2181	0	1546	+
chr7:100769552-100769884|ORR1E	chr1	85.761	1578	1840	202	117	1920	155124767	155126582	2333	0	1892	-
chr15:67874715-67875045|ORR1E	chr7	76.938	407	529	69	418	901	99648132	99648652	2331	7e-64	252	+
chr7:101873242-101873339|ORR1D2	chr1	81.2	406	500	55	418	902	156238663	156239138	2098	2.15e-98	366	-
chr7:101888761-101889072|ORR1D2	chr1	84.381	416	493	65	1132	1616	156252170	156252658	2312	1.36e-130	473	+
chr18:18204557-18204884|ORR1E	chr18	83.683	1318	1575	204	1	1559	9494365	9495902	2328	0	1435	-
chr5:146016415-146016469|ORR1E	chr5	87.479	524	599	65	1	595	97802092	97802684	2055	0	682	+
chr9:50972222-50972562|ORR1D2	chr8	80.928	802	991	112	571	1540	51292072	51293006	2341	0	712	+
chr2:19591926-19592213|ORR1E	chr2	78.474	401	511	82	1525	2010	149263040	149263547	2288	4.02e-81	309	-
chr7:105690861-105691237|ORR1E	chr1	85.113	789	927	99	718	1638	160035927	160036820	2377	0	911	+
chr2:21631691-21631890|ORR1D2	chr17	83.613	796	952	148	1	948	84081606	84082553	2200	0	887	-
chr14:8803399-8803520|ORR1D2	chr19	75.853	289	381	70	1517	1890	33904822	33905187	2122	1.42e-40	174	-
chr7:109209900-109210225|ORR1E	chr1	83.631	797	953	124	1380	2326	163203717	163204643	2326	0	867	+
chr7:109276574-109276826|ORR1E	chr1	86.102	1109	1288	127	11	1263	163273587	163274857	2253	0	1339	-
chr7:109357910-109358252|ORR1E	chr1	81.75	766	937	113	3	910	163371198	163372105	2343	0	730	+
chr7:110276563-110276768|ORR1D2	chr1	83.912	1111	1324	148	849	2137	164320677	164321970	2206	0	1205	-
chr8:85450356-85450731|ORR1D2	chr19	82.826	463	559	69	782	1324	21610944	21611491	2376	3.89e-131	475	-
chr7:110570553-110570871|ORR1E	chr1	84.929	1753	2056	182	1	2315	164660043	164662512	2319	0	1906.65	+
chr7:110709503-110709846|ORR1E	chr1	82.756	1982	2395	264	1	2334	164826938	164829244	2344	0	1997	-
chr7:110956527-110956911|ORR1E	chr1	79.025	1183	1497	199	890	2351	165070196	165071612	2385	0	918	+
chr7:111199488-111199772|ORR1E	chr1	89.1	1594	1789	143	540	2285	165320098	165321877	2285	0	2176	-
chr7:111383760-111384059|ORR1E	chr1	81.156	1127	1360	151	998	2300	165512589	165514037	2300	0	1088.7	+
chr7:111445610-111445958|ORR1E	chr1	85.454	1639	1918	208	86	1966	165566467	165568350	2349	0	1930	-
chr7:111800803-111801107|ORR1E	chr1	83.85	1947	2322	294	35	2297	165924937	165927236	2305	0	2135	-
chr7:111999398-111999754|ORR1D2	chr1	86.086	1522	1768	154	627	2357	166119768	166121480	2357	0	1818	-
chr7:112162546-112162752|ORR1D2	chr1	83.274	468	562	63	629	1176	166284200	166284744	2207	4.64e-135	488	-
chr7:112173288-112173405|ORR1E	chr1	83.36	1027	1232	106	1	1162	166292946	166294148	2118	0	1048	+
chr7:112176846-112177193|ORR1D2	chr1	82.172	1710	2081	259	332	2348	166296181	166298213	2348	0	1685	-
chr7:112186869-112187223|ORR1E	chr1	81.028	1845	2277	262	1	2192	166305419	166307610	2355	0	1655	-
chr7:112205093-112205276|ORR1E	chr1	84.545	1842	2226	241	4	2182	166324153	166326406	2184	0	1758.45	+
chr7:112219429-112219770|ORR1E	chr1	83.154	1507	1794	210	266	1997	166339042	166340796	2342	0	1569.4	+
chr7:112405047-112405368|ORR1E	chr1	83.333	1360	1632	178	1	1555	166519895	166521509	2322	0	1421	-
chr7:113045603-113045904|ORR1E	chr1	82.376	832	1010	125	1303	2302	167153125	167154091	2302	0	830	-
chr7:113104301-113104651|ORR1E	chr1	82.609	1273	1536	193	770	2322	167214368	167216059	2351	0	1249.25	+
chr7:113872945-113873157|ORR1E	chr1	87.883	631	718	80	1	714	168045385	168046099	2213	0	837	+
chr6:135450647-135450838|ORR1E	chr4	80.562	1836	2279	296	1	2192	168302855	168305073	2192	0	1618	-
chr7:114145853-114146186|ORR1E	chr1	81.69	1160	1420	188	1	1389	168326783	168328161	2334	0	1116	-
chr7:114360612-114360986|ORR1D2	chr1	82.943	851	1026	118	6	993	168568829	168569835	2375	0	872	-
chr7:114740827-114741063|ORR1E	chr1	82.747	729	881	115	71	937	168989588	168990445	2237	0	750	+
chr7:116260502-116260686|ORR1D2	chr1	79.548	739	929	103	1312	2183	170497515	170498413	2185	2.05e-163	582	+
chr7:116491187-116491475|ORR1E	chr1	84.746	1296	1546	195	38	2276	170738058	170740228	2289	0	1348.05	+
chr7:116661995-116662323|ORR1D2	chr1	83.237	1301	1563	161	1	1521	170907332	170908835	2329	0	1341	+
chr16:14343831-14344166|ORR1E	chr10	83.052	985	1186	109	7	1121	693167	694331	2336	0	992	+
chr7:117302904-117303219|ORR1E	chr1	80.591	1219	1461	184	418	2273	171569468	171571293	2316	2.2e-153	1238.8	+
chr7:117557299-117557384|ORR1E	chr1	85.21	1256	1474	152	1	1446	171819616	171821051	2086	0	1454	-
chr7:117710340-117710463|ORR1E	chr1	91.284	1776	2032	173	1	2102	171964953	171967001	2124	0	2145.1	+
chr13:34784656-34784982|ORR1E	chr17	87.14	454	521	57	432	943	30131770	30132289	2327	2.18e-163	582	-
chr7:118079992-118080313|ORR1E	chr1	81.042	1898	2342	271	68	2322	172382210	172384465	2322	0	1705	-
chr7:118275190-118275540|ORR1E	chr1	81.364	1074	1320	150	140	1391	172581570	172582861	2351	0	987	-
chr7:118499181-118499500|ORR1E	chr1	85.797	1480	1725	190	288	1998	172809693	172811376	2320	0	1777	+
chr7:118500196-118500406|ORR1D2	chr1	86.326	827	958	105	1229	2174	172810433	172811376	2211	0	1020	-
chr7:118522194-118522436|ORR1E	chr1	82.254	686	834	94	800	1593	172832294	172833113	2243	0	671	+
chr7:118637538-118637807|ORR1D2	chr1	80.986	460	568	77	1721	2270	172951826	172952380	2270	4.91e-115	422	-
chr7:118865382-118865700|ORR1E	chr1	87.077	694	797	69	1299	2085	173205815	173206587	2319	0	870	-
chr7:118988063-118988284|ORR1E	chr1	79.603	1860	2260	273	28	2222	173332612	173334837	2222	0	1748.95	+
chr7:119012763-119013106|ORR1D2	chr1	83.875	749	893	86	925	1788	173358965	173359828	2344	0	798	-
chr13:56188067-56188219|ORR1E	chr1	80.282	399	497	56	1417	1900	173389907	173390374	2153	1.73e-89	337	+
chr12:81839869-81840082|ORR1D2	chr6	82.394	1027	1241	158	211	1584	101543458	101544758	2214	7.41e-168	1001.3	+
chr7:120883558-120883764|ORR1E	chr1	83.451	827	991	107	1	944	175436439	175437419	2207	0	869	-
chr7:120901648-120902007|ORR1E	chr1	82.775	692	836	99	693	1517	175450873	175451674	2360	0	704	-
chr13:111640421-111640500|ORR1D2	chr2	83.927	919	1095	143	642	1724	43238823	43239896	2080	0	1016	-
chr7:121130895-121131152|ORR1E	chr1	81.545	1246	1528	154	5	1466	175678836	175680301	2258	0	1142	-
chr7:121516680-121516986|ORR1E	chr1	89.22	778	872	74	1166	2028	176091688	176092548	2307	0	1072	-
chr1:58824505-58824860|ORR1D2	chr9	84.086	782	930	114	1367	2272	60292368	60293287	2356	0	867	-
chr7:121891700-121892027|ORR1E	chr1	84.83	1523	1860	250	1	1818	176456169	176458105	2328	0	1413.6	+
chr7:122317565-122317902|ORR1E	chr1	83.97	1561	1859	208	69	1885	176861605	176863415	2338	0	1700	+
chr7:122604990-122605265|ORR1D2	chr1	85.73	757	883	97	1002	1874	177133102	177133965	2276	0	905	-
chr7:123108089-123108418|ORR1E	chr1	80.605	1709	2111	250	1	2156	177629143	177631254	2330	0	1455.4	+
chr1:151530239-151530540|ORR1E	chr13	78.703	898	1141	164	341	1446	63623609	63624705	2302	0	688	+
chr1:136099149-136099477|ORR1E	chr13	89.209	744	834	71	1503	2328	47541842	47542664	2329	0	1024	-
chr7:126053409-126053731|ORR1E	chr1	85.32	1668	1955	184	1	1883	180625207	180627130	2323	0	1925	-
chr7:126096666-126096847|ORR1E	chr1	81.104	485	598	94	793	1376	180667540	180668132	2182	1e-126	460	+
chr7:126668447-126668743|ORR1E	chr1	81.946	1221	1490	167	2	1456	181267174	181268596	2297	0	1168	-
chr7:128197734-128198080|ORR1D2	chr1	81.894	493	602	89	1	588	182780621	182781216	2347	1.37e-135	490	+
chr16:8784896-8785131|ORR1E	chr10	83.243	611	734	74	787	1480	6833365	6834089	2236	2.66e-177	628	+
chr9:103683963-103684294|ORR1E	chr8	81.152	1141	1406	182	955	2330	104270284	104271636	2332	0	1051	-
chr7:130757520-130757794|ORR1E	chr1	77.823	1351	1736	241	19	1692	185319499	185321152	2275	0	941	-
chr16:92315962-92316254|ORR1E	chr11	83.568	773	925	115	277	1170	31546675	31547593	2293	0	832	-
chr7:131419774-131420085|ORR1E	chr1	80.587	1530	1885	215	1	1818	186201821	186203657	2312	0	1315.75	+
chr7:131469523-131469846|ORR1E	chr1	86.603	1146	1338	147	1	1357	186250509	186251926	2324	0	1296.75	+
chr7:132305994-132306280|ORR1E	chr1	81.058	873	1077	135	259	1293	187096516	187097565	2287	0	795	-
chr7:132873099-132873418|ORR1D2	chr1	85.323	1122	1315	150	1039	2320	187659131	187660435	2320	0	1319	-
chr7:133193530-133193681|ORR1D2	chr1	83.308	549	659	82	1505	2152	187985631	187986272	2152	2.02e-163	582	-
chr7:134575939-134576280|ORR1E	chr1	87.931	1020	1160	114	3	1154	189368768	189369909	2342	0	1343	-
chr7:135871043-135871296|ORR1E	chr1	79.702	1017	1276	177	1025	2254	190677495	190678734	2254	0	846	-
chr7:136646792-136646943|ORR1E	chr1	82.712	1153	1394	180	775	2152	191459687	191461035	2152	0	1182	-
chr7:136919662-136919736|ORR1D2	chr1	79.056	268	339	43	10	348	191733832	191734142	2075	1.37e-50	207	-
chr7:137492633-137492923|ORR1E	chr1	82.04	1914	2333	276	11	2285	192293874	192296121	2291	0	1855	+
chr7:138193891-138194241|ORR1D2	chr1	81.784	1742	2130	251	1	2047	192996846	192998921	2351	0	1657	-
chr7:138224297-138224643|ORR1E	chr1	82.017	1984	2419	300	1	2347	193026012	193028367	2347	0	1932	+
chrX:158451815-158452175|ORR1D2	chrX	84.95	1095	1289	146	768	2042	36488234	36489488	2361	0	1262	+
chr7:139649633-139649993|ORR1E	chr1	81.053	1881	2323	297	1	2361	194447569	194449896	2361	0	1622.6	+
chr7:139684608-139684722|ORR1D2	chr1	84.794	1500	1769	165	362	2114	194482512	194484192	2115	0	1681	-
chr7:139684727-139684850|ORR1E	chr1	84.517	1392	1647	156	490	2124	194482633	194484192	2124	0	1537	-
chr9:123523601-123523906|ORR1E	chr8	79.36	1315	1657	198	313	1937	123169675	123171219	2306	0	1033	-
chr7:142342015-142342328|ORR1E	chr1	81.219	1299	1595	213	2	1585	197494735	197496268	2314	0	1167.55	+
chr7:142349380-142349738|ORR1E	chr1	80.888	1257	1554	169	1	1516	197500507	197501970	2359	0	1107	-
chr7:142423258-142423516|ORR1E	chr1	80.032	1499	1873	228	414	2240	197574667	197576439	2259	0	1253	-
chr9:77671081-77671430|ORR1D2	chr8	82.754	691	835	82	1564	2350	78549518	78550338	2350	0	688	-
chr7:144384187-144384347|ORR1E	chr1	80.628	1851	2254	228	1	2159	199548958	199551204	2161	0	1680.55	+
chr7:144991791-144991918|ORR1D2	chr1	85.324	1610	1948	239	1	2120	200154383	200156411	2128	0	1550.4	+
chr7:144991947-144992233|ORR1D2	chr1	86.142	1477	1787	222	1	1964	200154538	200156411	2287	0	1425.95	+
chr7:145183327-145183601|ORR1E	chr1	87.893	559	636	49	1654	2275	200346041	200346662	2275	0	723	-
chr19:3753795-3754105|ORR1E	chr1	81.682	874	1070	103	419	1456	200989664	200990672	2311	0	804	+
chr5:108236886-108237230|ORR1D2	chr9	80.108	298	372	46	1355	1725	13239567	13239911	2345	7.05e-64	252	+
chr14:31975892-31976111|ORR1E	chr16	83.623	1394	1667	200	4	1644	7170387	7172006	2220	0	1498	-
chr7:41084783-41085126|ORR1E	chr1	77.945	311	399	76	1367	1761	202274988	202275378	2344	5.48e-60	239	+
chr19:5005457-5005689|ORR1E	chr1	81.489	766	940	118	684	1601	202301739	202302644	2233	0	721	-
chr19:6384223-6384306|ORR1E	chr1	85.224	1563	1834	170	303	2084	203689651	203691435	2084	0	1792	+
chr19:7393586-7393895|ORR1D2	chr1	81.15	762	939	119	314	1222	204575913	204576823	2310	0	701	-
chr19:7694227-7694518|ORR1E	chr1	83.044	622	749	92	684	1410	204948885	204949620	2292	0	647	-
chr19:8117425-8117743|ORR1E	chr1	82.113	1951	2376	328	7	2319	205278677	205281018	2319	0	1943	-
chr19:7910367-7910693|ORR1E	chr1	83.025	1932	2327	339	18	2316	205278677	205280975	2327	0	2058	-
chr19:8207692-8208005|ORR1E	chr1	83.519	1946	2330	322	14	2313	205278678	205280975	2314	0	2119	-
chr19:8170596-8170853|ORR1E	chr1	82.11	537	654	103	6	650	205217298	205217946	2258	7.72e-153	547	+
chr19:8642084-8642430|ORR1E	chr1	82.768	1470	1765	178	603	2346	205544019	205545845	2347	1.68e-174	1440.2	+
chr14:87249332-87249606|ORR1D2	chr1	90.608	328	362	30	1804	2163	205955913	205956272	2275	1.04e-131	477	+
chr19:11192548-11192917|ORR1E	chr1	83.562	1459	1746	224	290	1989	207867967	207869695	2370	0	1576	+
chr12:77018390-77018759|ORR1E	chr6	80.55	1288	1599	224	799	2370	95719620	95721158	2370	0	1149	-
chr19:12734016-12734343|ORR1E	chr1	83.177	1503	1807	220	328	2090	209851711	209853477	2328	0	1576	-
chr19:14695590-14695746|ORR1E	chr1	81.986	1602	1954	250	269	2143	211894169	211896099	2157	0	1565	-
chr19:15021844-15022153|ORR1E	chr1	80.116	689	860	97	975	1814	212272319	212273124	2310	1.3e-160	573	+
chr13:85402721-85403017|ORR1E	chr2	84.647	612	723	100	1582	2297	16058519	16059237	2297	0	710	-
chr19:16378728-16379070|ORR1D2	chr1	84.469	533	631	66	1730	2343	213660642	213661257	2343	1.02e-166	593	-
chr19:16637447-16637815|ORR1D2	chr1	82.574	1033	1251	151	599	1835	213928314	213929511	2369	0	1040	+
chr8:85447680-85448022|ORR1D2	chr19	77.849	724	930	135	735	1633	21612973	21613862	2343	1.05e-141	510	+
chr1:120293849-120294181|ORR1E	chr13	81.883	1035	1264	173	221	1449	31423943	31425185	2333	0	1014	+
chr9:6479798-6480098|ORR1D2	chr2	84.009	394	469	60	214	679	188141990	188142446	2301	1.78e-119	436	+
chr19:17152525-17152765|ORR1E	chr1	82.128	579	705	100	5	685	214552771	214553473	2241	7.56e-163	580	+
chr19:17750827-17751173|ORR1D2	chr1	81.827	1774	2168	312	14	2150	215175375	215177491	2347	0	1746	+
chr19:17801872-17802169|ORR1E	chr1	83.029	954	1149	139	377	1487	215228802	215229932	2298	0	990	+
chr3:93535411-93535558|ORR1D2	chr2	85.254	503	590	65	1567	2148	179204850	179205425	2148	4.33e-165	588	+
chr19:18663963-18664218|ORR1E	chr1	83.024	939	1131	148	413	1522	216087458	216088565	2256	0	985	+
chr19:18735958-18736267|ORR1D2	chr1	82.396	791	960	126	901	1840	216154937	216155873	2310	0	797	-
chr19:18766285-18766626|ORR1E	chr1	83.374	1018	1221	170	1016	2213	216195289	216196499	2342	0	1099	+
chr19:20875902-20876280|ORR1D2	chr1	84.267	632	750	78	694	1424	218370030	218370758	2379	0	695	+
chr19:21179946-21180254|ORR1D2	chr1	83.896	1155	1379	176	49	1376	218674285	218675730	2309	0	1198.9	+
chr19:21357788-21357996|ORR1E	chr1	78.83	1348	1710	230	1	1670	218853686	218855303	2209	0	1031	-
chr19:21636844-21637200|ORR1E	chr1	82.859	1339	1616	168	5	1541	219168858	219170443	2357	0	1349	-
chr19:21695416-21695681|ORR1E	chr1	76.392	1592	2084	247	265	2266	219241822	219243742	2266	0	896	-
chr14:121830124-121830467|ORR1D2	chr17	83.054	446	537	62	1835	2344	33552567	33553101	2344	1.08e-126	460	-
chr19:21895567-21895906|ORR1D2	chr1	81.116	1774	2187	322	173	2313	219442179	219444320	2340	0	1666	-
chr5:100697637-100697696|ORR1D2	chr14	79.894	302	378	30	1685	2038	8919932	8920287	2060	6.22e-59	235	+
chr3:8903921-8904206|ORR1E	chr19	78.216	377	482	83	1814	2284	30410771	30411241	2286	5.23e-75	289	+
chr8:34255086-34255440|ORR1E	chr16	83.428	589	706	94	2	701	57927887	57928575	2355	6.02e-179	634	-
chr19:25551264-25551551|ORR1D2	chr1	79.495	1322	1663	251	137	1762	223189557	223191166	2288	0	1099	-
chr19:26114308-26114634|ORR1E	chr1	81.509	1944	2385	295	1	2327	223702949	223705245	2327	0	1827	-
chr19:27124245-27124559|ORR1E	chr1	84.301	1423	1688	204	3	1657	224703876	224705535	2315	0	1592	+
chr6:123213914-123214295|ORR1E	chr18	80.049	329	411	66	1676	2081	24205163	24205562	2382	1.52e-75	291	-
chr19:28435905-28436238|ORR1E	chr1	87.715	764	871	70	1135	1996	226149891	226150733	2334	0	981	+
chr19:29157251-29157580|ORR1E	chr1	79.238	645	814	106	1092	1867	226887424	226888212	2330	3.76e-141	508	-
chr19:29462489-29462820|ORR1E	chr1	82.984	673	811	105	933	1727	227214498	227215291	2332	0	702	-
chr19:31834292-31834658|ORR1D2	chr1	83.075	1983	2387	265	37	2358	229714446	229716758	2367	0	2041	-
chr19:32179683-32179826|ORR1E	chr1	81.572	602	738	103	1290	2017	230051605	230052319	2144	2.6e-162	579	+
chr19:32183807-32183953|ORR1E	chr1	80.24	1492	1846	226	5	2008	230054435	230056417	2147	0	1264.45	+
chr19:32360597-32360850|ORR1E	chr1	82.609	1691	2047	242	1	1970	230233743	230235752	2254	0	1703	-
chr19:32362743-32363087|ORR1D2	chr1	84.87	718	846	102	977	1817	230236649	230237473	2345	0	830	+
chr19:32406852-32406988|ORR1E	chr1	86.356	500	579	71	544	1120	230276391	230276963	2137	3.28e-176	625	-
chr19:34262346-34262607|ORR1E	chr1	83.779	971	1159	153	1	1138	231770075	231771219	2262	0	1066	-
chr16:18743331-18743623|ORR1E	chr11	81.018	1289	1591	206	678	2246	82257073	82258589	2293	0	1177	+
chr1:56260804-56261138|ORR1D2	chr9	81.964	768	937	119	598	1494	57752286	57753212	2335	0	749	+
chr19:36533220-36533545|ORR1D2	chr1	87.974	673	765	55	1563	2326	234251180	234251908	2326	0	869	+
chr19:37559489-37559588|ORR1E	chr1	82.584	863	1045	124	486	1521	235327362	235328357	2100	0	869	-
chr19:37725447-37725748|ORR1D2	chr1	80.769	1701	2106	292	12	2056	235498025	235500078	2302	0	1541	-
chr19:39059571-39059962|ORR1E	chr1	81.6	1765	2163	273	1	2113	237076362	237078449	2392	0	1674	-
chr19:39092250-39092535|ORR1E	chr1	83.462	1085	1300	175	1	1282	238265002	238266279	2286	0	1173	-
chr18:56606914-56607234|ORR1E	chr18	84.043	316	376	43	584	945	50084846	50085218	2321	3.11e-92	346	+
chr5:55613166-55613306|ORR1E	chr14	79.231	1545	1950	309	65	1981	55254437	55256323	2141	0	1269	+
chr19:41474934-41475252|ORR1E	chr1	80.658	1422	1763	236	607	2319	240290407	240292114	2319	0	1269	-
chr19:43200927-43201154|ORR1E	chr1	79.976	667	834	95	445	1236	242064703	242065506	2228	2.12e-153	549	-
chr18:77689785-77690030|ORR1E	chr18	83.13	409	492	53	674	1151	71220525	71221000	2246	4.86e-115	422	+
chr19:43974181-43974547|ORR1E	chr1	77.473	509	657	93	688	1310	242860995	242861630	2367	4.1e-91	342	-
chr18:25390664-25390932|ORR1D2	chr18	77.728	1033	1329	188	971	2255	16700718	16701982	2269	0	715	-
chr9:121675021-121675263|ORR1E	chr1	80.054	297	371	58	1255	1614	244045393	244045758	2243	1.12e-66	261	+
chr19:47224711-47225090|ORR1E	chr1	79.598	1385	1740	213	54	1703	246117365	246119052	2380	0	1116	-
chr19:49473903-49474208|ORR1E	chr1	80.528	641	796	97	59	844	248394338	248395085	2306	3.65e-156	558	-
chr19:52531399-52531739|ORR1E	chr1	81.06	1729	2133	306	220	2303	251535013	251537096	2341	0	1611	+
chr9:75645391-75645555|ORR1D2	chr11	88.579	318	359	33	636	989	33146632	33146987	2165	2.8e-117	429	-
chr19:54035077-54035318|ORR1E	chr1	78.194	710	908	112	396	1279	253049620	253050465	2242	6.06e-139	501	-
chr19:56400443-56400563|ORR1E	chr1	80.645	375	465	50	1681	2116	255439672	255440125	2121	1.33e-85	324	-
chr1:103183168-103183503|ORR1E	chr13	80.039	830	1037	168	568	1578	18336687	18337710	2336	0	732	+
chr19:57100122-57100434|ORR1E	chr1	77.707	1105	1422	184	1	1319	256150797	256152188	2313	0	747	+
chr19:57522031-57522156|ORR1D2	chr1	81.818	936	1144	159	691	1808	256583479	256584599	2126	0	915	+
chr8:71591455-71591571|ORR1E	chr16	92.857	442	476	33	12	486	18301697	18302172	2117	0	689	-
chr19:58784241-58784505|ORR1E	chr1	82.196	1298	1618	216	405	2034	257924443	257926093	2265	9.68e-177	1064.95	+
chr19:58865250-58865534|ORR1E	chr1	82.936	1716	2060	267	1	2014	258009489	258011693	2285	0	1736.6	+
chr10:96175746-96176067|ORR1E	chr7	80.845	1646	2036	253	1	1968	30858608	30860574	2322	0	1472	+
chr19:59252743-59252904|ORR1E	chr1	81.441	961	1180	149	1	1123	258404525	258405691	2162	0	902	+
chr19:59405598-59405961|ORR1D2	chr1	85.194	702	824	78	30	823	258569684	258570493	2364	0	806	-
chr19:59626552-59626902|ORR1E	chr1	82.943	744	897	113	1471	2351	258785497	258786369	2351	0	773	-
chr19:59783551-59783888|ORR1E	chr1	85.521	2020	2362	204	14	2338	258935106	258937366	2338	0	2340	+
chrX:5413961-5414329|ORR1D2	chrX	80.511	851	1057	135	516	1554	135508077	135509080	2369	0	745	-
chr14:17511413-17511725|ORR1E	chr3	80.577	307	381	50	14	380	113440148	113440518	2313	5.33e-70	272	+
chr19:60616373-60616510|ORR1E	chr1	85.424	715	837	69	1318	2138	259751931	259752730	2138	0	821	-
chr19:60710297-60710572|ORR1D2	chr1	83.419	1947	2334	238	1	2246	259849195	259851467	2276	0	2028	-
chr2:150121340-150121542|ORR1E	chr3	86.179	530	615	59	1486	2097	138784307	138784898	2203	0	641	+
chr16:14354802-14355139|ORR1D2	chr10	82.872	1108	1337	182	1029	2338	666788	668104	2338	0	1157	-
chrX:160243734-160244104|ORR1E	chrX	83.875	1238	1476	172	37	1466	34602578	34604033	2371	0	1347	+
chr16:65128068-65128143|ORR1D2	chr2	80.217	296	369	67	5	369	102535830	102536196	2076	4.78e-70	272	+
chr16:14088498-14088818|ORR1E	chr10	81.804	1079	1319	186	1036	2321	1802039	1803336	2321	0	1057	-
chr16:12782360-12782585|ORR1E	chr10	85.338	1587	1885	214	325	2226	2807160	2809032	2226	0	1665.35	+
chr16:12764295-12764514|ORR1E	chr10	86.887	709	816	87	1123	1936	2821569	2822366	2220	0	896	-
chr16:12312887-12313046|ORR1D2	chr10	86.152	871	1011	109	1	985	3286637	3287642	2160	0	1062	-
chr16:11976816-11977100|ORR1E	chr10	81.453	1357	1666	202	600	2217	3635808	3637414	2285	0	1266	-
chr16:11666940-11667254|ORR1E	chr10	84.097	312	371	47	1947	2315	3970788	3971148	2315	8.62e-93	348	+
chr16:11468223-11468517|ORR1E	chr10	79.106	1363	1723	208	397	2041	4165810	4167458	2295	0	1048	+
chr16:11448704-11449051|ORR1E	chr10	82.846	1428	1726	189	47	2348	4186723	4189116	2348	0	1364.2	+
chr16:11429807-11430152|ORR1E	chr10	79.904	1491	1866	242	501	2342	4204990	4206746	2346	0	1245	+
chr16:11233067-11233242|ORR1D2	chr10	87.582	670	765	77	418	1176	4383242	4383994	2176	0	870	-
chr16:10524644-10524932|ORR1E	chr10	82.216	1937	2356	270	3	2280	5141743	5144027	2289	0	1892	+
chr16:9970167-9970375|ORR1E	chr10	79.528	404	508	73	932	1433	5657872	5658354	2209	2.3e-88	333	-
chr16:9515734-9516014|ORR1E	chr10	81.825	1031	1260	161	1	1245	6104828	6106034	2281	0	996	-
chr16:7997536-7997791|ORR1E	chr10	80.364	794	988	144	1278	2256	7582699	7583645	2256	0	704	-
chr16:5905427-5905749|ORR1D2	chr10	79.94	797	997	100	1316	2242	9664874	9665840	2323	0	641	-
chr16:5622073-5622417|ORR1E	chr10	82.441	493	598	82	1	580	9940497	9941089	2345	6.34e-139	501	-
chr16:5537645-5537962|ORR1E	chr10	82.821	1193	1463	177	1	2070	10018947	10021042	2318	0	1064	+
chr16:5537406-5537570|ORR1E	chr10	80.088	904	1109	142	1002	2079	10020391	10021493	2165	1.27e-130	811.3	+
chr16:5401120-5401402|ORR1E	chr10	80.807	1891	2329	288	1	2283	10159718	10161957	2283	0	1648.25	+
chr16:4920594-4920893|ORR1E	chr10	77.273	1490	1843	180	2	1896	10654020	10655871	2300	0	1224.55	+
chr1:131998089-131998403|ORR1D2	chr13	83.104	986	1175	144	49	2294	43442148	43444420	2315	2.75e-177	1026.95	+
chr11:109305837-109306162|ORR1D2	chr10	89.011	324	364	34	1960	2323	94279338	94279695	2326	2.99e-122	446	+
chr16:3895433-3895684|ORR1E	chr10	80.941	1737	2146	285	179	2252	11630735	11632828	2252	0	1583	+
chr12:21430217-21430555|ORR1D2	chr6	83.979	629	749	70	1	728	40978382	40979101	2339	0	673	-
chr5:6308789-6309067|ORR1D2	chr4	80.636	583	723	91	998	1700	27627525	27628218	2279	7.91e-143	514	-
chr19:27976301-27976692|ORR1E	chr5	79.73	354	444	58	1530	1951	142809726	142810159	2392	4.24e-76	292	+
chr11:32474885-32475000|ORR1E	chr10	82.53	411	498	74	1590	2082	17056338	17056827	2116	3.54e-116	425	+
chr11:32768872-32769072|ORR1E	chr10	81.664	432	529	64	26	538	17355196	17355707	2201	3.71e-111	409	-
chr11:32769179-32769257|ORR1E	chr10	83.131	616	741	85	1	723	17355196	17355914	2079	1.14e-180	640	-
chr7:106407618-106407981|ORR1D2	chr20	79.191	274	346	66	1723	2066	17573403	17573744	2364	7.16e-59	235	-
chr11:33002949-33003070|ORR1D2	chr10	80.183	263	328	49	30	349	17594729	17595048	2122	8.3e-58	231	-
chr11:34066855-34066911|ORR1E	chr10	80.271	1424	1774	241	346	2057	18660887	18662613	2057	0	1236	-
chr11:35237905-35238248|ORR1E	chr10	86.861	595	685	76	1210	1888	19686951	19687627	2344	0	754	-
chr11:37105595-37105931|ORR1D2	chr10	83.775	1993	2379	267	1	2337	21575958	21578259	2337	0	2145	+
chr11:40595331-40595645|ORR1E	chr10	85.397	1345	1575	155	774	2308	25056734	25058273	2315	0	1565	+
chr16:78790042-78790356|ORR1E	chr11	82.355	1937	2352	301	1	2311	17502581	17504859	2315	0	1940	-
chr2:110559933-110560236|ORR1E	chr3	81.444	891	1094	143	386	1469	97144926	97145969	2304	0	841	-
chr11:42811540-42811893|ORR1E	chr10	79.612	1109	1393	205	347	1688	27298205	27299569	2354	0	926	+
chr11:43940372-43940753|ORR1E	chr10	84.047	648	771	87	1	747	28421211	28421969	2382	0	710	-
chr11:43968813-43968984|ORR1E	chr10	84.8	848	1000	101	1180	2172	28446983	28447938	2172	0	957	-
chr11:43994314-43994453|ORR1E	chr10	84.371	1398	1661	206	347	2084	28472633	28474363	2140	0	1480.1	+
chr11:44447133-44447460|ORR1E	chr10	78.969	950	1203	148	446	1602	28940209	28941352	2328	0	723	-
chr11:44476556-44476834|ORR1D2	chr10	82.632	1080	1307	162	41	1332	28967417	28968673	2279	0	1096	-
chr11:44501043-44501282|ORR1D2	chr10	82.197	591	719	105	895	1601	28990456	28991163	2240	7.5e-168	597	-
chr11:45069927-45070332|ORR1D2	chr10	85.652	394	460	56	1952	2406	29561451	29561905	2406	3.94e-131	475	+
chr11:45214162-45214464|ORR1E	chr10	83.039	1973	2376	269	1	2303	29701114	29703428	2303	0	2032	+
chr11:46924696-46924974|ORR1D2	chr10	80.327	1082	1347	191	7	1312	31306468	31307781	2279	0	952	-
chr11:47111101-47111443|ORR1E	chr10	84.401	514	609	66	889	1486	31491511	31492101	2343	4.76e-160	571	-
chr11:47752686-47753054|ORR1E	chr10	84.82	799	942	113	1	928	32108313	32109238	2369	0	920	-
chr11:48787845-48788219|ORR1E	chr10	80.383	504	627	79	244	858	33156351	33156945	2375	1.84e-119	436	+
chr11:52487923-52488237|ORR1D2	chr10	82.833	772	932	110	1412	2315	33900478	33901387	2315	0	789	-
chr11:49596544-49596859|ORR1D2	chr10	83.298	788	946	113	1394	2316	33900493	33901416	2316	0	830	-
chr11:52180599-52180914|ORR1D2	chr10	84.103	656	780	95	34	799	33902276	33903040	2316	0	726	-
chr11:49772421-49772576|ORR1E	chr10	80.469	927	1152	130	347	1435	34091297	34092416	2156	0	793	+
chr11:49973653-49973960|ORR1E	chr10	79.978	731	914	129	569	1466	34287564	34288439	2308	3.55e-176	625	-
chr11:51367488-51367701|ORR1E	chr10	82.319	1929	2368	288	1	2214	35619418	35621780	2214	0	1711.9	+
chr11:51407493-51407712|ORR1E	chr10	89.922	464	516	44	1703	2216	35660060	35660569	2220	0	658	-
chr11:51677666-51677906|ORR1E	chr10	86.965	427	491	44	356	835	35932162	35932643	2241	5.97e-149	534	-
chr11:52011555-52011869|ORR1E	chr10	81.042	949	1171	145	726	1873	36274387	36275503	2315	0	861	-
chr2:73247164-73247522|ORR1D2	chr3	82.367	1430	1752	242	190	2006	58121866	58123849	2359	0	1310.05	+
chr11:53085542-53085861|ORR1E	chr10	86.766	2039	2350	244	1	2316	37238547	37240863	2320	0	2555	+
chr11:53096828-53097191|ORR1D2	chr10	83.627	1471	1759	210	188	1918	37250696	37252404	2364	0	1581	-
chr11:53128642-53128892|ORR1E	chr10	82.077	1644	2003	239	301	2251	37277196	37279130	2251	0	1600	-
chr11:53449756-53450088|ORR1E	chr10	81.384	800	983	129	8	973	37614312	37615257	2333	0	752	-
chr9:105576508-105576795|ORR1E	chr8	81.492	295	362	58	215	575	106209564	106209917	2288	5.24e-75	289	+
chr11:55084713-55084973|ORR1E	chr10	83.163	1304	1568	166	1	1484	39205973	39207526	2261	0	1343	-
chr11:55381176-55381355|ORR1D2	chr10	80.494	652	810	99	1094	1883	39502566	39503336	2180	2.06e-158	566	-
chr11:55405772-55405877|ORR1D2	chr10	83.842	1510	1801	208	3	1749	39523737	39525508	2106	0	1637	-
chr17:94622399-94622659|ORR1E	chr9	80.535	542	673	74	1	647	111587824	111588465	2261	8.01e-128	464	+
chr11:55756911-55757263|ORR1E	chr10	82.749	1262	1520	201	1	2162	39898198	39900326	2353	0	1258.75	+
chr13:43450459-43450648|ORR1D2	chr17	85.321	279	327	33	477	797	74994513	74994830	2190	1.37e-85	324	-
chr11:56621908-56622232|ORR1E	chr10	80.891	1648	2016	274	346	2304	40788615	40790498	2325	0	1516.2	+
chr11:56664083-56664423|ORR1E	chr10	83.032	1840	2216	301	150	2341	40840116	40842280	2341	0	1940	-
chr13:54149781-54149968|ORR1E	chr17	84.349	1086	1310	142	9	1387	10453806	10455096	2188	0	1046.9	+
chr11:57986974-57987279|ORR1E	chr10	80.694	581	720	88	531	1243	42166597	42167272	2306	2.88e-142	512	+
chr11:58018473-58018595|ORR1E	chr10	82.57	829	1004	94	674	1636	42200716	42201679	2123	0	809	-
chr11:58116611-58116767|ORR1E	chr10	86.192	618	717	65	1	705	42293187	42293881	2157	0	745	-
chr11:59633211-59633529|ORR1D2	chr10	84.53	765	905	120	1420	2319	44424589	44425478	2319	0	878	+
chr14:122066396-122066660|ORR1E	chr15	82.596	1434	1839	272	24	2265	99158497	99160993	2265	9.81e-167	977.55	+
chr11:61795046-61795277|ORR1E	chr10	79.845	618	774	105	1476	2232	46468370	46469109	2232	5.99e-144	518	-
chr5:76704872-76705021|ORR1E	chr14	85.029	869	1022	143	138	1155	31471483	31472498	2150	0	1031	-
chr11:62761840-62762125|ORR1E	chr10	81.081	420	518	75	1730	2227	47442951	47443465	2286	3.88e-106	392	-
chr11:62891397-62891726|ORR1D2	chr10	84.025	810	964	113	1142	2101	47561540	47562466	2330	0	889	+
chr12:75564162-75564397|ORR1D2	chr6	82.734	1467	1792	197	28	2079	94283864	94285947	2236	0	1320.5	+
chr11:63908531-63908710|ORR1E	chr10	85.832	418	487	59	1401	1884	48580084	48580563	2180	3.52e-141	508	-
chr11:64085971-64086235|ORR1E	chr10	81.253	1855	2283	328	1	2265	48748259	48750459	2265	0	1753	-
chr11:64752404-64752761|ORR1D2	chr10	81.358	1572	1912	249	495	2358	49418827	49420720	2358	0	1484.85	+
chr11:65680975-65681271|ORR1D2	chr10	80.017	1690	2106	281	126	2286	50335529	50337599	2297	0	1387	+
chr11:65751059-65751378|ORR1E	chr10	82	656	800	82	1540	2307	50408893	50409662	2320	1.28e-175	623	-
chr11:67500383-67500714|ORR1E	chr10	83.49	1598	1914	226	481	2332	52195910	52197795	2332	0	1701	-
chr11:68770083-68770389|ORR1D2	chr10	82.119	969	1180	143	213	1383	53479339	53480459	2307	0	948	-
chr11:70079945-70080163|ORR1E	chr10	82.853	1644	2012	268	21	2219	54805674	54807647	2219	0	1504.8	+
chr11:70080190-70080252|ORR1E	chr10	80.402	1493	1843	255	2	2031	54805894	54807703	2063	0	1308.15	+
chr11:70495098-70495201|ORR1E	chr10	83.174	608	731	109	73	799	55208172	55208892	2104	0	656	+
chr1:85779891-85779995|ORR1D2	chr9	82.01	1765	2160	283	1	2097	86449750	86451928	2105	0	1612.15	+
chr11:71664668-71664802|ORR1D2	chr10	84.502	458	542	52	2	517	56294738	56295273	2135	1.24e-140	507	-
chr1:95076908-95077116|ORR1D2	chr5	87.613	290	331	32	1885	2207	164380948	164381277	2209	3.77e-101	375	-
chr11:71991665-71991984|ORR1D2	chr10	81.818	1914	2327	291	1	2320	56614460	56616875	2320	0	1802.15	+
chr11:72782141-72782497|ORR1E	chr10	83.45	1669	2000	216	409	2334	57399582	57401540	2357	0	1753	+
chr16:35759592-35759696|ORR1E	chr11	84.334	323	383	53	3	382	65004319	65004697	2105	6.01e-99	368	+
chr16:35759696-35759822|ORR1D2	chr11	82.779	423	511	70	1	508	65004202	65004697	2127	1.27e-120	440	+
chr11:74534455-74534753|ORR1E	chr10	84.148	499	593	70	1711	2299	59406829	59407401	2299	1.69e-154	553	+
chr11:76703529-76703806|ORR1D2	chr10	79.219	1536	1865	218	340	2204	61545543	61547473	2278	0	1443.05	+
chr11:77406372-77406703|ORR1D2	chr10	82.505	1311	1589	172	685	2221	62258838	62260372	2332	0	1297	+
chr16:22231856-22231923|ORR1D2	chr10	81.379	354	435	43	1647	2068	63438579	63438988	2068	1.68e-84	320	+
chr11:78765337-78765700|ORR1E	chr10	85.874	1745	2107	264	1	2014	63660725	63662900	2364	1.34e-155	1707.15	+
chr11:78805691-78805988|ORR1E	chr10	83.396	1994	2391	247	3	2296	63701415	63703752	2298	0	2078	-
chr11:79258759-79259062|ORR1E	chr10	82.868	653	788	103	1528	2299	64222215	64222986	2304	0	678	-
chr11:79829630-79829976|ORR1E	chr10	79.194	1907	2408	315	1	2330	64784020	64786319	2347	0	1500	-
chr11:82668089-82668416|ORR1E	chr10	82.55	1718	2082	266	3	2258	67602226	67604243	2328	0	1650.15	+
chr11:82836001-82836321|ORR1E	chr10	82.071	1783	2158	236	49	2321	67769096	67771200	2321	0	1690.05	+
chr11:83362203-83362267|ORR1E	chr10	80	816	1020	128	134	1131	68159809	68160774	2065	0	684	-
chr11:84462888-84463167|ORR1D2	chr10	83.815	435	519	40	417	926	69343163	69343646	2280	1.75e-124	453	+
chr1:151519878-151520221|ORR1D2	chr13	83.167	1166	1402	169	924	2271	63598688	63600076	2344	0	1219	-
chr11:85686235-85686494|ORR1E	chr10	86.065	1087	1263	125	1	1258	70532472	70533688	2260	0	1310	-
chr18:24703037-24703244|ORR1E	chr18	85.517	496	580	61	1039	1600	15979395	15979969	2208	5.76e-164	584	+
chr11:87149711-87150064|ORR1D2	chr10	82.309	1217	1477	180	301	1738	71964337	71965807	2354	0	1153.3	+
chr11:87263760-87264044|ORR1E	chr10	79.167	456	576	73	1681	2240	72088467	72089011	2285	5.09e-95	355	+
chr3:133518866-133519179|ORR1D2	chr13	79.68	349	438	62	1357	1782	55487633	55488055	2314	1.47e-75	291	+
chr11:87720720-87720797|ORR1D2	chr10	76.727	633	825	90	519	1294	72522573	72523344	2078	2.13e-98	366	-
chr11:88430189-88430540|ORR1E	chr10	82.97	2023	2386	235	45	2352	73228197	73230701	2352	0	2164.1	+
chr11:88789929-88790280|ORR1D2	chr7	85.131	292	343	49	1607	1949	132051079	132051419	2352	2.44e-93	350	+
chr11:89028576-89028915|ORR1E	chr10	79.786	821	1029	116	1297	2272	73844081	73845070	2340	0	664	-
chr11:89095332-89095445|ORR1E	chr10	84.105	672	799	83	396	1183	73919651	73920416	2114	0	732	+
chr11:92277960-92278155|ORR1E	chr10	79.187	1461	1845	253	1	1775	77194309	77196092	2196	0	1158	-
chr1:66884396-66884711|ORR1D2	chr8	77.331	423	547	81	1801	2315	107698987	107699522	2316	2.47e-73	283	-
chr11:94029888-94030144|ORR1E	chr10	86.556	470	543	54	1302	1841	78979106	78979632	2257	7.61e-163	580	-
chr11:94314880-94315210|ORR1E	chr10	84.118	1119	1325	142	699	2324	79270521	79272191	2331	0	1183.7	+
chr1:85928670-85928923|ORR1E	chr9	84.722	1582	1872	182	3	1842	86578642	86580426	2254	0	1664.4	+
chr7:142981969-142982297|ORR1E	chr7	76.221	359	471	80	26	478	115614543	115614999	2329	1.97e-54	220	-
chr11:97726098-97726428|ORR1D2	chr10	80.89	649	780	100	1210	2238	82716700	82717674	2331	3.93e-111	652.65	+
chr11:98660515-98660627|ORR1E	chr10	79.269	1258	1587	213	542	2068	83621891	83623421	2113	0	1002	-
chr11:99259865-99260205|ORR1D2	chr10	82.348	1936	2351	305	57	2341	84212700	84215006	2341	0	1941	-
chr11:99538096-99538416|ORR1D2	chr10	82.973	1978	2377	262	3	2320	84496419	84498751	2321	0	1949.4	+
chr12:79711074-79711452|ORR1E	chr6	81.007	1190	1469	164	370	1791	98530583	98531983	2379	0	1061	-
chr11:103436328-103436676|ORR1E	chr10	81.369	511	628	68	1156	1756	88386759	88387364	2349	2.32e-128	466	-
chr11:105752352-105752475|ORR1E	chr10	83.929	893	1064	125	439	1482	90679559	90680596	2124	0	976	+
chr11:106562820-106563063|ORR1E	chr10	79.091	696	880	120	521	1362	91492499	91493352	2244	7.68e-153	547	+
chr9:21133175-21133527|ORR1D2	chr14	81.844	293	358	51	312	665	1778282	1778629	2353	5.39e-75	289	-
chr11:107997089-107997313|ORR1E	chr10	84.245	385	457	57	738	1186	92951852	92952301	2225	8e-118	431	+
chr11:109203854-109203912|ORR1D2	chr10	82.913	854	1030	149	996	2016	94172635	94173646	2059	0	902	-
chr11:109218855-109219046|ORR1E	chr10	89.625	1028	1147	98	1	1140	94189563	94190695	2192	0	1439	+
chr11:109344459-109344549|ORR1D2	chr10	83.062	1378	1659	186	2	1606	94316466	94318083	2091	0	1419	+
chr8:107146264-107146388|ORR1E	chr19	79.31	1015	1270	163	47	1295	35052498	35053869	2125	9.6e-137	806.55	+
chr11:109792051-109792334|ORR1D2	chr10	79.217	1515	1876	258	4	2105	94771017	94773222	2284	0	1300.55	+
chr17:36514837-36514948|ORR1E	chr14	82.965	263	317	43	1747	2056	78839661	78839973	2112	3.76e-71	276	+
chr14:59122168-59122441|ORR1E	chr10	77.8	382	491	82	1805	2274	95291906	95292390	2274	1.13e-71	278	+
chr7:48274681-48275016|ORR1E	chr10	80.342	282	351	56	1989	2334	95868803	95869145	2336	1.95e-64	254	+
chr11:110954576-110954936|ORR1E	chr10	82.712	1464	1770	233	636	2361	95941118	95942858	2361	0	1506	-
chr11:111227401-111227771|ORR1E	chr10	85.101	1308	1537	160	854	2368	96212666	96214155	2371	0	1506	+
chr11:111791995-111792051|ORR1D2	chr10	79.787	600	752	87	1092	1795	96784520	96785254	2057	1.55e-134	486	+
chr11:111792087-111792281|ORR1D2	chr10	79.787	994	1235	144	1000	2195	96784520	96785797	2195	1.66e-134	813.2	+
chr2:59393396-59393754|ORR1D2	chr3	82.752	806	974	108	847	1804	43874231	43875160	2359	0	813	+
chr11:113334845-113335196|ORR1E	chr10	77.364	1873	2335	284	1	2352	98368689	98370981	2352	0	1509.55	+
chr11:114220632-114220926|ORR1D2	chr10	83.128	1737	2078	242	1	2294	99252747	99254945	2295	0	1764.15	+
chr11:114238318-114238675|ORR1E	chr10	86.775	748	862	77	1517	2358	99271895	99272739	2358	0	926	+
chr11:114288359-114288805|ORR1D2	chr10	86.289	944	1094	97	1225	2304	99324448	99325502	2447	0	1140	+
chr11:114513996-114514301|ORR1E	chr10	78.797	799	1014	112	764	1691	99549457	99550453	2306	1.67e-164	586	+
chr15:60542050-60542400|ORR1D2	chr7	82.54	624	756	102	435	1175	92088060	92088800	2351	4.64e-180	638	-
chr12:102499816-102500066|ORR1E	chr5	78.531	278	354	37	1322	1663	133302114	133302440	2251	3.21e-47	196	-
chr11:116632719-116632909|ORR1D2	chr10	77.731	925	1190	182	382	1537	101867820	101868960	2191	0	652	-
chr1:128057347-128057676|ORR1D2	chr13	82.267	1132	1376	133	1003	2326	39542492	39543808	2330	0	1086	+
chr11:117174898-117175205|ORR1E	chr10	79.088	711	899	133	730	1624	102384029	102384876	2308	6.06e-159	568	-
chrX:12563243-12563590|ORR1D2	chrX	81.24	498	613	63	1031	1604	10231845	10232444	2348	8.39e-123	448	-
chr11:118095059-118095348|ORR1E	chr10	86.514	1549	1806	210	27	1891	103322751	103324588	2290	0	1774.6	+
chr11:121734141-121734407|ORR1E	chr10	83.661	1234	1475	184	1	1441	106994022	106995473	2267	0	1336	-
chr5:109839067-109839156|ORR1D2	chr19	83.207	659	792	102	883	1654	57312153	57312933	2090	0	697	+
chr16:62800134-62800461|ORR1E	chr11	81.512	1880	2312	296	4	2327	156743	158955	2328	0	1662.5	+
chr16:64614636-64614967|ORR1E	chr11	78.289	732	935	112	1438	2331	2272593	2273477	2332	6.26e-144	518	-
chr16:64685795-64686122|ORR1D2	chr11	80.826	1078	1276	124	808	2102	2356308	2357536	2328	0	1131.45	+
chr16:64987201-64987389|ORR1E	chr11	81.97	982	1198	152	2	1189	2698444	2699587	2189	0	957	-
chr18:20564201-20564280|ORR1E	chr11	75.947	341	449	69	277	699	3127224	3127659	2080	1.07e-46	195	+
chr16:65408865-65409165|ORR1E	chr11	78.636	519	660	97	1215	1847	3173971	3174613	2301	8.39e-108	398	-
chr16:65496065-65496393|ORR1D2	chr11	80.863	1931	2388	334	1	2329	3287213	3289536	2329	0	1764	+
chr16:65568804-65569113|ORR1D2	chr11	82.14	906	1103	146	1219	2303	3369156	3370225	2310	0	898	-
chr16:66017486-66017599|ORR1E	chr11	84.663	276	326	38	1270	1590	3861393	3861711	2114	7.98e-83	315	-
chr16:66259585-66259836|ORR1E	chr11	81.757	726	888	116	1375	2242	4107310	4108171	2252	0	701	+
chr16:68733951-68734217|ORR1E	chr11	83.316	809	971	128	7	949	6853000	6853964	2267	0	865	-
chr16:72262688-72263046|ORR1E	chr11	82.471	1228	1489	189	910	2359	10830532	10831987	2359	0	1238	-
chr16:74648521-74648596|ORR1E	chr11	78.539	860	1095	182	1	1079	13266770	13267827	2076	0	671	-
chr16:75983854-75984174|ORR1D2	chr11	80.027	1747	2183	333	195	2321	14608255	14610390	2321	0	1520	+
chr16:76409308-76409684|ORR1D2	chr11	81.883	1157	1413	179	1	1367	15013323	15014704	2377	0	1120	-
chr16:76977141-76977495|ORR1D2	chr11	78.373	395	504	58	1	498	15576406	15576864	2355	3.25e-72	279	-
chr16:77246798-77247113|ORR1E	chr11	78.671	1018	1294	221	4	1279	15818429	15819685	2316	0	809	+
chr16:77355530-77355675|ORR1E	chr11	80.304	897	1117	181	330	1424	15933279	15934378	2146	0	808	-
chr16:79565575-79565771|ORR1E	chr11	82.495	1164	1411	219	782	2183	18287020	18288411	2197	0	1212	-
chr16:79878091-79878383|ORR1D2	chr11	82.981	1336	1610	178	717	2286	18632208	18633761	2293	0	1367	+
chr16:84799773-84800093|ORR1E	chr11	80.796	467	578	80	1	568	23854792	23855348	2321	1.4e-115	424	-
chr16:84887479-84887788|ORR1D2	chr11	82.583	1963	2377	279	10	2310	23940753	23943070	2310	0	1971	-
chr16:84949253-84949523|ORR1E	chr11	80.871	947	1171	138	978	2082	24014520	24015670	2271	0	843	+
chr16:84985382-84985709|ORR1E	chr11	80.374	1761	2191	311	1	2116	24048175	24050321	2328	0	1554	+
chr16:85538409-85538603|ORR1E	chr11	77.564	1740	2187	310	1	2194	24651201	24653299	2195	0	1364.2	+
chr16:86826780-86827044|ORR1E	chr11	82.79	1751	2115	263	157	2265	26009152	26011171	2265	0	1796	+
chr16:86939115-86939463|ORR1E	chr11	80.595	1923	2386	358	1	2347	26120327	26122646	2349	0	1744	-
chr14:96357628-96357798|ORR1E	chr15	81.759	1013	1239	157	61	1264	72947385	72948589	2171	0	972	+
chr3:83746307-83746558|ORR1D2	chr2	78.632	1494	1900	281	2	1845	169063542	169065372	2252	0	1144	-
chr16:88331176-88331507|ORR1D2	chr11	82.752	878	1061	130	9	1065	27637903	27638914	2332	0	896	-
chr16:89887503-89887666|ORR1D2	chr11	83.069	1467	1766	198	378	2076	29137032	29138763	2164	0	1511	-
chr16:90187652-90187974|ORR1D2	chr11	77.467	887	1145	159	242	1338	29421199	29422292	2323	1.01e-166	593	+
chr16:91097918-91098192|ORR1D2	chr11	85.044	1723	2026	207	272	2275	30350187	30352138	2275	0	1975	+
chr16:91789765-91790103|ORR1D2	chr11	77.635	663	854	130	1	829	31035725	31036542	2339	2.98e-127	462	-
chr16:91890392-91890500|ORR1E	chr11	84.286	295	350	45	1	347	31136208	31136550	2109	2.2e-88	333	-
chr16:92840718-92841035|ORR1E	chr11	81.509	1944	2385	316	1	2303	32088063	32090404	2318	0	1845	+
chr16:92880734-92880892|ORR1E	chr11	81.379	354	435	53	752	1164	32124220	32124648	2159	2.91e-87	329	+
chr16:93086735-93087087|ORR1E	chr11	84.389	746	884	84	245	1078	32337873	32338752	2353	0	819	+
chr16:93246024-93246345|ORR1E	chr11	88.502	1016	1148	107	1	1141	32504857	32505986	2322	0	1365	-
chr16:93572451-93572771|ORR1E	chr11	83.887	682	813	96	718	1512	32827447	32828242	2321	0	743	-
chr16:94066287-94066589|ORR1D2	chr11	81.684	1376	1772	239	382	2208	33394870	33396514	2303	6.05e-159	887.3	+
chr16:94067944-94068114|ORR1D2	chr11	78.116	1028	1316	197	902	2171	33395985	33397255	2171	0	750	-
chr16:94239643-94239932|ORR1D2	chr11	82.909	456	550	81	149	695	33571680	33572219	2290	2.24e-133	483	+
chr16:94245951-94246284|ORR1D2	chr11	83.611	653	781	79	46	799	33576404	33577162	2334	0	688	-
chr16:94247170-94247241|ORR1E	chr11	83.611	653	781	79	317	1070	33576404	33577162	2072	0	688	+
chr16:94541311-94541456|ORR1D2	chr11	81.659	374	458	46	1142	1564	33859394	33859848	2146	2.87e-92	346	+
chr16:94681817-94682126|ORR1E	chr11	76.257	925	1213	163	861	2019	33995018	33996159	2310	2.86e-147	529	-
chr16:95860640-95860943|ORR1E	chr11	86.41	852	986	112	1321	2304	35175200	35176165	2304	0	1059	+
chr16:95929563-95929909|ORR1E	chr11	81.903	964	1177	172	57	1212	35233663	35234819	2347	0	955	-
chr16:96055714-96055916|ORR1E	chr11	84.633	1096	1295	136	867	2129	35347928	35349191	2203	0	1230	+
chr16:96654117-96654386|ORR1D2	chr11	83.628	1323	1582	178	723	2270	35988357	35989891	2270	0	1411	+
chr16:96743237-96743381|ORR1E	chr11	81.148	1584	1952	240	93	1988	36082398	36084277	2145	0	1448	+
chr16:97016562-97016870|ORR1E	chr11	81.818	1944	2376	268	1	2309	36352916	36355194	2309	0	1844	+
chr16:97070307-97070492|ORR1E	chr11	83.519	1110	1348	158	13	2183	36405762	36407833	2186	6.16e-109	1041.2	+
chr16:97270488-97270754|ORR1E	chr11	86.18	767	890	98	485	1364	36618315	36619189	2267	0	939	-
chr16:97289329-97289457|ORR1D2	chr11	82.492	1013	1228	140	928	2129	36638601	36639779	2129	0	1007	-
chr14:73819955-73820151|ORR1E	chr15	81.179	358	441	55	424	850	49043477	49043903	2197	2.96e-87	329	-
chr3:10543315-10543659|ORR1E	chr2	82.521	1761	2134	286	172	2275	91216019	91218095	2345	0	1794	-
chr16:60577269-60577454|ORR1D2	chr11	80.749	755	935	128	89	1001	39779064	39779968	2186	0	682	-
chr16:60269099-60269453|ORR1E	chr11	81.015	1468	1812	245	114	1898	40080225	40081964	2355	0	1349	-
chr16:59842263-59842622|ORR1E	chr11	85.259	1631	1913	231	23	1915	40500455	40502336	2360	0	1923	-
chr16:59046896-59047231|ORR1E	chr11	78.491	770	981	126	1387	2335	41394988	41395915	2336	7.94e-158	564	+
chr16:58734334-58734658|ORR1D2	chr11	83.078	1355	1631	169	745	2325	41882446	41884019	2325	0	1384	+
chr1:51572555-51572866|ORR1D2	chr9	83.293	1720	2065	221	1	1991	50014573	50016587	2312	0	1788	-
chr16:57469420-57469561|ORR1D2	chr11	86.736	837	965	103	1139	2094	43061392	43062340	2142	0	1050	-
chr16:57399501-57399866|ORR1D2	chr11	83.952	769	916	117	1454	2350	43132310	43133214	2366	0	850	-
chr1:128436064-128436313|ORR1D2	chr13	83.402	930	1099	116	205	1670	39925036	39926593	2250	2.67e-177	991.8	+
chr16:55717626-55717961|ORR1E	chr11	84.754	1204	1423	172	5	1518	44935698	44937301	2336	0	1302.45	+
chr16:53379946-53380323|ORR1D2	chr11	80.872	1243	1537	225	848	2368	47339631	47341114	2378	0	1146	+
chr16:52676590-52676910|ORR1E	chr11	80.833	1126	1393	196	144	1489	48107299	48108667	2321	0	1027	+
chr16:51496106-51496462|ORR1E	chr11	82.83	685	827	119	1013	1836	49307941	49308747	2357	0	719	-
chr16:50694064-50694389|ORR1D2	chr11	84.261	621	737	87	1503	2230	50109342	50110058	2326	0	691	+
chr16:50251494-50251784|ORR1D2	chr11	85.252	711	834	82	419	1220	50562932	50563756	2291	0	821	-
chr16:50033154-50033485|ORR1E	chr11	83.5	1894	2233	251	1	2332	50782798	50785058	2332	0	2055.8	+
chr16:49892810-49893187|ORR1D2	chr11	83.952	1244	1494	169	874	2368	50930842	50932392	2378	0	1234.05	+
chr16:49071259-49071666|ORR1E	chr11	85.74	1002	1171	122	398	1932	51743920	51745450	2408	3.7e-176	1123.85	+
chr16:48778288-48778465|ORR1E	chr11	85.089	913	1073	118	1119	2177	52030767	52031811	2178	0	1057	+
chr16:48756492-48756809|ORR1D2	chr11	80.994	1679	2073	275	13	2034	52050349	52052353	2318	0	1535	-
chr16:48299863-48300170|ORR1D2	chr11	79.77	485	608	83	196	785	52564495	52565080	2308	5.03e-110	405	+
chrX:109396101-109396492|ORR1D2	chrX	82.651	848	1026	123	720	1735	74589090	74590070	2392	0	857	+
chr3:115226856-115227040|ORR1E	chr2	83.295	359	431	57	1	425	203047139	203047560	2185	2.23e-103	383	-
chr16:46067016-46067395|ORR1E	chr11	84.187	2055	2441	287	1	2380	54744678	54747080	2380	0	2278	-
chr16:45623293-45623635|ORR1E	chr11	77.15	628	814	122	82	882	55195853	55196615	2343	8.49e-113	414	-
chr16:45179379-45179722|ORR1E	chr11	79.485	1945	2447	273	2	2344	55631752	55634073	2344	0	1526	+
chr16:44988643-44988976|ORR1E	chr11	85.848	643	749	90	1553	2294	55812326	55813065	2334	0	782	+
chr16:44496901-44497212|ORR1D2	chr11	86.714	731	843	89	33	869	56185913	56186738	2312	0	915	-
chr16:43448226-43448502|ORR1E	chr11	82.83	796	961	121	1	925	57243404	57244356	2277	0	821	+
chr16:37874857-37875074|ORR1E	chr11	82.552	1486	1860	229	374	2184	62855298	62857098	2218	0	1167.55	+
chr16:37800852-37801256|ORR1E	chr11	83.444	1549	1845	217	1	1926	62927480	62929506	2405	0	1609.3	+
chr16:37641454-37641605|ORR1D2	chr11	85.825	1659	1933	208	137	2055	63076633	63078513	2152	0	1991	-
chr10:111440784-111441158|ORR1E	chr7	80.589	602	747	94	981	1722	46900444	46901144	2375	2.95e-147	529	-
chr16:37340491-37340624|ORR1E	chr11	78.58	642	817	106	29	823	63383463	63384232	2134	3.49e-131	475	-
chr16:36675344-36675647|ORR1E	chr11	80.609	1085	1346	189	1	1299	64131258	64132578	2304	0	974	+
chr16:34682006-34682154|ORR1D2	chr11	80.943	1253	1548	199	1	1487	66092801	66094313	2149	0	1136	+
chr16:34633672-34633990|ORR1D2	chr11	83.937	1019	1214	136	1	1179	66139496	66140685	2319	0	1107	+
chr16:34285891-34286175|ORR1E	chr11	85.03	568	668	76	430	1078	66485547	66486209	2285	0	658	+
chr16:33894611-33894840|ORR1D2	chr11	85.359	583	683	71	502	1181	66882299	66882955	2230	0	680	+
chr16:33657249-33657514|ORR1D2	chr11	81.46	1116	1370	183	1	1328	67122114	67123454	2266	0	1057	-
chr16:32650932-32651187|ORR1E	chr11	81.09	1085	1332	157	486	1880	68147709	68149075	2256	0	956.65	+
chr2:150340741-150340807|ORR1D2	chr16	82.353	266	323	43	621	938	67174306	67174619	2067	6.16e-69	268	+
chr16:32382921-32383214|ORR1E	chr11	80.493	1176	1461	147	7	1384	68400652	68402057	2294	0	992	+
chr2:36031277-36031609|ORR1D2	chr11	87.032	302	347	42	637	980	69390018	69390364	2333	5.12e-105	388	-
chr16:31191946-31192238|ORR1E	chr11	79.445	1689	2126	290	1	2065	69546400	69548439	2293	0	1369	+
chr16:29930439-29930748|ORR1D2	chr11	87.81	425	484	47	484	963	70835866	70836341	2310	1.31e-155	556	+
chr16:29660798-29661108|ORR1E	chr11	79.819	617	773	94	1512	2250	71101916	71102660	2311	1.34e-140	507	+
chr16:28870492-28870851|ORR1E	chr11	80.399	1087	1352	140	1071	2360	71882949	71884237	2360	0	913	-
chr16:27624211-27624544|ORR1E	chr11	83.15	1885	2267	272	1	2225	73153197	73155395	2334	0	1969	-
chr16:24578734-24579030|ORR1E	chr11	80.932	1163	1437	184	1	1363	76240654	76242074	2297	0	1053	+
chr16:23283920-23284589|ORR1D2	chr11	76.886	2021	2608	308	110	2670	77597590	77599998	2670	0	1240.7	+
chr16:23264509-23264853|ORR1D2	chr11	80.663	1289	1598	206	5	1544	77614471	77616023	2345	0	1144	+
chr16:23262332-23262426|ORR1E	chr11	79.676	639	802	89	553	1315	77617635	77618401	2095	9.39e-142	510	-
chr16:21689201-21689531|ORR1D2	chr11	81.058	1746	2154	305	1	2113	79351049	79353140	2331	0	1622	+
chr16:20911932-20912186|ORR1E	chr11	78.45	324	413	53	1779	2161	80000382	80000788	2255	1.9e-59	237	-
chr16:19967012-19967354|ORR1E	chr11	82.822	1829	2167	239	188	2343	80985033	80987146	2343	0	1936.1	+
chr16:17463156-17463482|ORR1E	chr11	81.295	1170	1447	134	1	1366	83545706	83547201	2327	1.3e-170	954.75	+
chr16:17461588-17461896|ORR1D2	chr11	86.771	610	703	60	1617	2309	83547730	83548409	2309	0	752	-
chr16:17161837-17161984|ORR1E	chr11	84.108	344	409	43	977	1370	83831533	83831934	2148	3.67e-101	375	+
chr16:16713386-16713690|ORR1E	chr11	82.586	792	959	147	687	1639	84569326	84570270	2305	0	828	+
chr5:150649161-150649473|ORR1E	chr12	82.467	809	981	110	1251	2196	185025	185978	2313	0	802	+
chr8:4022125-4022301|ORR1D2	chr12	85.929	1346	1613	194	1	1577	2365266	2366870	2177	0	1361.35	+
chr8:4312209-4312463|ORR1D2	chr12	85.638	805	940	82	79	1011	2666981	2667874	2255	0	939	+
chr5:150156091-150156455|ORR1D2	chr12	83.231	1628	1956	211	41	1936	4845930	4847828	2365	0	1687	-
chr5:150055339-150055630|ORR1D2	chr12	82.179	807	982	112	3	969	4950753	4951686	2292	0	785	+
chr5:149707952-149708302|ORR1E	chr12	78.311	343	438	61	846	1273	5312080	5312493	2351	7.07e-64	252	+
chr5:149446602-149446837|ORR1D2	chr12	83.532	984	1213	149	833	2200	5597985	5599160	2236	2.79e-142	854.05	+
chr5:149152138-149152457|ORR1E	chr12	79.902	489	612	90	941	1549	5876709	5877290	2320	6.5e-114	418	-
chr5:149141483-149141645|ORR1E	chr12	82.617	442	535	80	1549	2078	5886267	5886793	2163	9.91e-127	460	-
chr5:148489398-148489743|ORR1D2	chr12	80.939	1138	1406	187	480	1859	6534933	6536283	2346	0	1037	-
chr5:148404624-148404816|ORR1D2	chr12	78.343	1031	1316	181	2	1298	6623312	6624542	2193	0	756	-
chr5:147992602-147992817|ORR1D2	chr12	80.587	577	716	88	1465	2145	7044181	7044880	2216	4.63e-140	505	-
chr5:147475348-147475670|ORR1E	chr12	80.447	576	716	88	1360	2063	7551327	7552002	2323	2.26e-138	499	+
chr5:147418465-147418776|ORR1E	chr12	81.341	728	895	118	1001	1875	7608273	7609138	2312	0	682	-
chr5:146916718-146917080|ORR1D2	chr12	76.867	947	1232	161	722	1877	8175673	8176856	2363	2.22e-163	582	-
chr5:146762838-146763041|ORR1E	chr12	79.225	736	929	134	168	1069	8342467	8343363	2204	3.43e-166	592	-
chr5:144972758-144972930|ORR1D2	chr12	81.01	465	574	76	1425	1986	9625428	9625980	2173	3.63e-116	425	-
chr5:144937261-144937466|ORR1E	chr12	83.986	1180	1405	159	831	2205	9664524	9665892	2206	0	1288	-
chr5:142730311-142730576|ORR1E	chr12	86.785	683	787	87	1	780	11845088	11845864	2266	0	861	+
chr14:35776037-35776367|ORR1E	chr16	80.012	1281	1601	196	793	2327	11079731	11081273	2331	0	1070	+
chr5:142018121-142018343|ORR1E	chr12	82.158	967	1177	138	1088	2223	12574130	12575275	2223	0	944	+
chr5:141948167-141948464|ORR1E	chr12	85.289	1192	1399	168	643	2298	12649813	12651652	2298	0	1330.95	+
chr5:141084228-141084563|ORR1E	chr12	82.051	1298	1543	164	53	1565	13526006	13527535	2336	0	1346.15	+
chr5:141070659-141070970|ORR1E	chr12	81.85	1168	1427	186	173	1555	13542848	13544245	2312	0	1133	+
chr5:141024569-141024894|ORR1E	chr12	79.736	1330	1668	185	327	1934	13595847	13597421	2326	0	1066	-
chr5:140917814-140918144|ORR1E	chr12	80.098	1312	1638	244	744	2330	13704520	13706126	2331	0	1144	+
chr5:140210232-140210521|ORR1E	chr12	78.619	1184	1506	180	832	2280	14435506	14436926	2290	0	867	-
chr5:140162564-140162853|ORR1D2	chr12	81.266	1631	2007	241	292	2255	14481242	14483156	2290	0	1498	-
chr5:139830755-139831060|ORR1E	chr12	76.807	765	996	128	1004	1934	14803873	14804830	2306	8.18e-128	464	-
chr17:53192164-53192459|ORR1E	chr12	85.546	290	339	43	1281	1618	15160175	15160508	2296	2.38e-93	350	-
chrX:114101681-114102031|ORR1D2	chrX	82.045	361	440	63	942	1370	79266908	79267342	2351	1.13e-96	361	+
chr5:137141290-137141477|ORR1E	chr12	77.902	765	982	133	1229	2188	19530806	19531725	2188	5.83e-149	534	-
chr5:137095212-137095543|ORR1E	chr12	88.089	636	722	70	1	714	19576704	19577417	2332	0	843	+
chr5:136449743-136450015|ORR1E	chr12	83.382	572	686	72	878	1532	20222794	20223468	2273	7.61e-168	597	+
chr5:135139622-135139809|ORR1D2	chr12	80.864	1048	1296	200	914	2186	21540571	21541841	2188	0	976	-
chr4:135942352-135942411|ORR1E	chr5	77.214	837	1084	139	742	1747	148172386	148173439	2060	5.48e-149	534	-
chr5:134193796-134194047|ORR1E	chr12	78.853	839	1064	144	426	1458	22524249	22525262	2252	0	643	+
chr5:134105839-134106245|ORR1E	chr12	78.714	551	700	86	66	754	22612680	22613327	2407	4.06e-111	409	+
chr5:133801912-133802230|ORR1E	chr12	80.084	1906	2380	311	1	2301	22911228	22913523	2319	0	1618	-
chr5:132425953-132426181|ORR1E	chr12	82.298	702	853	107	267	1103	24219636	24220460	2229	0	699	-
chr5:130740901-130741211|ORR1E	chr12	83.15	843	1000	109	1106	2311	25919372	25920482	2311	3.79e-131	887.3	+
chr5:130510597-130510868|ORR1E	chr12	84.773	785	926	92	1362	2272	26159802	26160693	2272	0	883	-
chr5:130278225-130278464|ORR1E	chr12	81.085	1016	1253	154	417	1643	26396169	26397364	2240	0	924	+
chr13:99000912-99001243|ORR1E	chr2	79.21	461	582	79	804	1368	30396106	30396662	2332	2.4e-98	366	-
chr8:11138384-11138669|ORR1E	chr16	84.071	475	565	67	551	1112	78355646	78356190	2286	1.32e-145	523	-
chr5:128551285-128551535|ORR1E	chr12	80.584	938	1164	125	567	1691	28150992	28152093	2251	0	804	-
chr2:13839457-13839824|ORR1E	chr17	88.342	485	549	54	1812	2355	76933120	76933663	2368	0	651	+
chr5:127261024-127261344|ORR1E	chr12	82.084	1544	1881	245	1	1840	29416269	29418098	2321	0	1522	+
chr5:125818974-125819232|ORR1E	chrUn_NW_023637758v1	76.322	1215	1567	235	1	1663	24146	25684	2259	1.67e-149	794.2	+
chr5:125745854-125745976|ORR1D2	chr12	88.13	787	893	85	1198	2083	30875499	30876377	2123	0	1042	-
chr5:125361073-125361276|ORR1E	chr12	81.25	897	1104	155	358	1434	31274101	31275179	2204	0	845	-
chr5:125247492-125247771|ORR1E	chr12	77.576	640	825	111	490	1310	31388894	31389648	2280	8.2e-118	431	+
chr5:124929448-124929736|ORR1E	chr12	82.048	713	869	110	137	987	31715705	31716545	2289	0	699	+
chr5:123851491-123851801|ORR1E	chr12	80.036	878	1097	152	441	1500	32736846	32737912	2311	0	750	-
chr15:83073451-83073692|ORR1E	chr7	81.124	606	747	82	737	1459	114214030	114214741	2242	9.92e-152	544	+
chr5:121656881-121657159|ORR1E	chr12	80.694	372	461	61	6	449	34903518	34903967	2279	2.38e-88	333	+
chr5:121574305-121574570|ORR1E	chr12	78.444	1008	1285	153	52	1255	34974519	34975760	2266	0	725	-
chr6:120057662-120058001|ORR1E	chr12	77.454	292	377	46	46	390	41697674	41698043	2340	5.59e-45	189	-
chr5:120204077-120204387|ORR1E	chr12	80.682	355	440	68	1859	2293	36361424	36361851	2311	4.03e-86	326	+
chr5:119885538-119885865|ORR1E	chr12	82.623	504	610	67	1615	2217	36686311	36686888	2328	1.75e-139	503	+
chr5:119362691-119362947|ORR1E	chr12	81.441	825	1013	159	1	1003	37199629	37200622	2257	0	802	-
chr15:5554552-5554742|ORR1D2	chr2	81.613	1811	2219	307	3	2168	54701668	54703838	2191	0	1744	+
chr5:117714559-117714927|ORR1E	chr12	81.587	1536	1882	221	1	2053	38863122	38865037	2369	0	1370.85	+
chr5:117420091-117420245|ORR1E	chr12	84.671	1697	2056	265	18	2148	39180313	39182620	2155	0	1636.85	+
chr5:116380717-116380815|ORR1E	chr12	85.561	640	748	73	83	798	40212950	40213694	2099	0	750	-
chr5:116116742-116117054|ORR1E	chr12	83.244	780	937	101	56	952	40489528	40490448	2313	0	809	-
chr5:116072720-116073046|ORR1E	chr12	80.273	1853	2239	254	52	2327	40537806	40540108	2327	0	1780.3	+
chr5:115977795-115978002|ORR1E	chr12	77.258	1719	2225	313	1	2131	40632707	40634832	2208	0	1127	+
chr5:115716439-115716563|ORR1E	chr12	80.392	656	816	101	7	804	40894246	40895020	2125	2.01e-158	566	+
chr6:115586212-115586511|ORR1E	chr4	86.28	566	656	75	655	1302	148646639	148647287	2300	0	699	-
chr18:66453488-66453828|ORR1D2	chr5	77.975	308	395	42	1638	2014	153708246	153708613	2341	5.56e-50	206	-
chr15:58162062-58162337|ORR1E	chr7	80.859	1318	1630	203	13	1586	89707530	89709106	2276	0	1181	-
chr5:114505440-114505627|ORR1D2	chr12	82.762	989	1195	181	1007	2188	42098522	42099704	2188	0	1042	+
chr5:113225281-113225514|ORR1E	chr12	82.575	635	769	83	1471	2233	43404694	43405417	2234	7.38e-178	630	-
chr1:13593568-13593757|ORR1D2	chr18	76.819	285	371	60	1840	2190	67637924	67638288	2190	6.76e-44	185	-
chr5:112431144-112431470|ORR1E	chr12	75.289	521	692	116	1085	1756	44208517	44209173	2327	3.21e-72	279	-
chr5:111668013-111668289|ORR1E	chr12	80.503	1825	2267	289	55	2277	44980184	44982341	2277	0	1596	-
chr1:113703084-113703145|ORR1E	chr13	79.261	665	839	131	1240	2061	6561142	6561954	2062	2.53e-152	545	+
chr1:103107249-103107413|ORR1E	chr13	78.782	401	509	89	660	1162	18213877	18214372	2165	1.36e-85	324	+
chr1:105133237-105133572|ORR1D2	chr13	83.502	1979	2370	283	1	2333	21193389	21195687	2336	0	2111	+
chr1:105489915-105490263|ORR1D2	chr13	83.3	419	503	54	1243	1720	21556900	21557397	2349	1.82e-119	436	-
chr1:105553185-105553539|ORR1E	chr13	86.597	2061	2380	268	1	2352	21683191	21685547	2355	0	2580	+
chr1:105677224-105677579|ORR1D2	chr13	84.813	659	777	77	1160	1930	21820718	21821459	2356	0	743	-
chr1:105964567-105964885|ORR1E	chr13	85.037	1955	2299	255	70	2319	22090907	22093165	2319	0	2257	+
chr9:85561410-85561481|ORR1D2	chr13	79.88	266	333	55	260	588	22560574	22560898	2072	2.25e-58	233	-
chr8:104117929-104118210|ORR1E	chr19	81.696	1888	2311	312	1	2263	837339	839586	2282	0	1821	+
chr1:107938287-107938627|ORR1E	chr13	84.097	661	786	75	2	768	23996232	23996986	2341	0	713	-
chr1:108614329-108614713|ORR1E	chr13	79.504	1187	1493	233	1	1468	24991018	24992462	2385	0	994	-
chr1:118440582-118440993|ORR1E	chr13	86.236	614	712	80	1294	1999	29550411	29551110	2412	0	756	-
chr1:118514703-118515113|ORR1D2	chr13	78.907	722	915	117	1534	2403	29623482	29624365	2411	6.38e-154	551	-
chr1:118569545-118569832|ORR1D2	chr13	85.248	809	949	92	1	924	29683903	29684828	2288	0	933	-
chr1:118678046-118678399|ORR1E	chr13	83.324	1414	1697	195	563	2225	29786270	29787912	2354	0	1485	-
chr1:118760542-118760860|ORR1D2	chr13	81.732	1293	1582	204	33	1558	29870327	29871879	2319	0	1242	-
chr1:119082555-119082699|ORR1D2	chr13	82.857	754	910	103	1005	1894	30192809	30193685	2145	0	767	-
chr1:119898525-119898759|ORR1E	chr13	79.656	278	349	62	7	353	31008214	31008555	2235	4.04e-61	243	+
chr1:119903161-119903323|ORR1E	chr13	84.31	1424	1689	191	1	1662	31014912	31016553	2163	0	1583	+
chr1:120135977-120136301|ORR1E	chr13	79.668	960	1205	159	71	1248	31266804	31267949	2325	0	789	-
chr9:13742699-13742829|ORR1E	chr8	80.594	1682	2087	253	78	2131	10610093	10612060	2131	0	1471	+
chr1:120498196-120498514|ORR1E	chr13	80.637	912	1131	145	8	1087	31639018	31640125	2319	0	808	+
chr1:121135637-121135968|ORR1E	chr13	89.235	688	771	57	1	766	32310123	32310872	2332	0	941	-
chr1:121453736-121454046|ORR1E	chr13	79.924	1254	1569	211	786	2311	32628952	32630459	2311	0	1057	-
chr1:123990260-123990568|ORR1E	chr13	79.851	321	402	51	812	1212	35343507	35343879	2309	2.48e-68	267	+
chr1:124238425-124238780|ORR1D2	chr13	80.452	1210	1504	210	14	1482	35611237	35612691	2356	0	1072	+
chr1:124488493-124488803|ORR1E	chr13	84.3	1938	2379	332	3	2311	35874455	35877023	2311	0	1757.5	+
chr1:124916050-124916342|ORR1E	chr13	82.898	349	421	59	164	580	36356844	36357255	2293	2.36e-98	366	+
chr1:125214069-125214313|ORR1E	chr13	82.181	844	1027	125	1246	2245	36627076	36628071	2245	0	830	-
chr1:125382774-125382885|ORR1D2	chr13	75.741	1405	1855	293	333	2098	36780105	36781891	2112	0	787	+
chr1:125474209-125474605|ORR1D2	chr13	83.547	914	1094	134	59	1148	36885330	36886381	2397	0	981	+
chr1:125931876-125932212|ORR1E	chr13	85.539	2023	2365	270	1	2336	37386974	37389295	2337	0	2407	-
chr1:126833578-126833704|ORR1D2	chr13	80.989	1747	2145	274	1	2125	38285038	38287089	2127	0	1558.95	+
chr1:126846233-126846611|ORR1E	chr13	85.177	1586	1862	200	28	1856	38298591	38300409	2379	0	1840	-
chr1:127413982-127414159|ORR1E	chr13	79.899	1745	2184	257	60	2127	38888719	38890836	2178	0	1434	+
chr1:127684961-127685312|ORR1E	chr13	83.311	1253	1504	155	371	1830	39148005	39149456	2352	0	1299	-
chr8:88175325-88175520|ORR1D2	chr19	84.787	379	447	41	303	740	18890419	18890847	2196	1.32e-115	424	-
chr1:128797911-128798307|ORR1D2	chr13	84.202	501	595	80	1524	2112	40295825	40296411	2397	2.27e-158	566	+
chr1:128957335-128957658|ORR1E	chr13	81.941	1275	1556	176	679	2163	40457056	40458577	2324	0	1219	+
chr1:129197291-129197597|ORR1E	chr13	80.869	1247	1542	210	67	1569	40689001	40690496	2307	0	1134	+
chr1:130342452-130342635|ORR1D2	chr13	85.437	792	927	99	1274	2184	41805344	41806250	2184	0	931	-
chr1:131365952-131366247|ORR1E	chr13	81.847	771	942	105	535	1440	42816969	42817880	2296	0	732	-
chr1:131760511-131760659|ORR1E	chr13	81.117	1641	2023	245	1	1966	43194517	43196459	2149	0	1493	-
chr1:135523096-135523427|ORR1E	chr13	83.264	1382	1643	190	706	2332	46956512	46958145	2332	0	1446.85	+
chr1:136325839-136326137|ORR1D2	chr13	86.334	1497	1802	186	1	2046	47784961	47787013	2299	1.28e-170	1452.55	+
chr1:136811291-136811503|ORR1E	chr13	85.753	632	737	81	1054	1777	48278125	48278850	2213	0	758	-
chr1:137127311-137127635|ORR1E	chr13	78.939	521	660	100	323	976	48609452	48610078	2325	3.03e-112	412	-
chr1:137549695-137550040|ORR1E	chr13	81.21	1154	1421	214	290	1681	49068219	49069615	2346	0	1096	+
chr1:137701938-137702184|ORR1E	chr13	82.919	1068	1288	155	1	1252	49205048	49206306	2247	0	1099	-
chr1:142863560-142863893|ORR1D2	chr13	79.009	542	686	104	1	660	54588448	54589119	2334	2.33e-118	433	-
chr1:143633202-143633481|ORR1E	chr13	82.49	1451	1759	181	1	1700	55381879	55383569	2280	0	1424	-
chr1:143985050-143985247|ORR1E	chr13	82.45	498	604	69	397	968	55780972	55781570	2198	9.93e-137	494	+
chrX:39168754-39168900|ORR1D2	chrX	84.062	1076	1280	138	908	2144	117937897	117939153	2147	0	1173	+
chr12:27526400-27526715|ORR1E	chr6	79.974	1364	1685	229	15	1809	44189131	44190955	2316	0	1186.55	+
chr1:148532505-148532845|ORR1D2	chr13	80.889	1147	1418	219	950	2341	60511685	60513076	2341	0	1070	+
chr1:150346584-150346931|ORR1D2	chr13	81.886	981	1198	155	596	1756	62377429	62378601	2348	0	953	-
chr1:151083794-151084085|ORR1D2	chr13	83.264	602	723	95	1516	2225	63185478	63186187	2292	0	641	+
chr4:109887833-109888147|ORR1D2	chr5	82.48	709	847	103	1502	2315	124697638	124698558	2315	2.28e-128	729.6	+
chr1:151861252-151861571|ORR1D2	chr13	78.897	658	834	140	1114	1943	63965700	63966501	2320	2.22e-148	532	-
chr1:152592046-152592406|ORR1D2	chr13	81.398	1409	1731	233	194	1901	64715892	64717556	2361	0	1330	-
chr1:153566322-153566646|ORR1E	chr13	85.291	835	979	118	1368	2325	65716571	65717544	2325	0	987	+
chr1:153635094-153635404|ORR1D2	chr13	84.917	1537	1810	204	323	2097	65783801	65785576	2311	0	1766	-
chr1:154849021-154849314|ORR1E	chr13	82.87	1253	1512	179	820	2294	67017445	67018913	2294	0	1284	+
chr1:154854532-154854879|ORR1E	chr13	80.905	1555	1922	238	1	1864	67024961	67026811	2348	0	1397	-
chr1:155134142-155134470|ORR1E	chr13	84.573	1379	1669	210	679	2329	67305071	67306713	2329	0	1332.85	+
chr10:58923033-58923318|ORR1D2	chr20	82.832	1211	1462	170	1	1436	26892626	26894032	2286	0	1234	+
chr1:156580968-156581267|ORR1D2	chr13	84.091	296	352	37	1955	2300	68698206	68698544	2300	5.19e-85	322	+
chr1:156581503-156581768|ORR1D2	chr13	81.377	520	639	76	226	847	68698206	68698818	2266	7.98e-133	481	-
chr13:6377947-6378299|ORR1E	chr17	83.588	657	786	86	43	803	64017335	64018102	2353	0	697	-
chr1:156752483-156752846|ORR1D2	chr13	82.836	666	804	90	174	952	68873760	68874540	2364	0	676	+
chr1:161794613-161794859|ORR1E	chr13	82.177	1872	2278	278	28	2246	74168458	74170666	2247	0	1840	-
chr1:161812068-161812382|ORR1E	chr13	83.271	672	807	92	1491	2276	74188447	74189231	2315	0	702	+
chr1:163829546-163829753|ORR1E	chr13	81.435	908	1115	133	2	1084	76169023	76170095	2208	0	845	+
chr1:163967589-163967924|ORR1D2	chr13	79.775	1735	2147	264	176	2242	76320722	76322869	2336	0	1467.75	+
chr1:164589191-164589374|ORR1E	chr13	83.92	1096	1306	149	3	1294	76930965	76932223	2184	0	1192	-
chr1:164663595-164663812|ORR1E	chr13	82.477	1845	2237	278	25	2215	77002254	77004422	2218	0	1855	+
chr1:164685378-164685732|ORR1D2	chr13	88.589	1411	1667	162	1	2355	77026634	77028938	2355	0	1493.4	+
chr1:164870819-164871103|ORR1E	chr13	83.822	1704	2026	247	22	2285	77190844	77192833	2285	0	1794.55	+
chr1:165020927-165021229|ORR1E	chr13	83.165	1398	1681	209	647	2303	77330355	77331985	2303	0	1469	-
chr1:165044732-165045025|ORR1E	chr13	83.213	1155	1388	175	885	2248	77351547	77352900	2294	0	1219	+
chr1:165170206-165170548|ORR1E	chr13	79.348	1291	1627	246	1	1578	77482862	77484447	2343	0	1061	-
chr1:166793105-166793398|ORR1E	chr13	85.222	865	1015	117	1	1005	78962068	78963059	2294	0	1013	-
chr1:168478762-168479131|ORR1E	chr13	85.955	1579	1837	194	1	1827	80640319	80642101	2370	0	1905	-
chr1:168546020-168546271|ORR1E	chr13	83.396	1542	1849	231	1	1826	80708195	80709990	2252	0	1644	+
chr5:92318123-92318510|ORR1D2	chr8	79.189	293	370	52	456	814	107478947	107479302	2388	2.6e-58	233	+
chr1:170901751-170901949|ORR1D2	chr13	86.005	338	393	48	1811	2199	83145408	83145797	2199	7.96e-113	414	+
chr1:173736864-173737195|ORR1E	chr13	81.458	1687	2071	291	344	2332	86028579	86030638	2332	0	1611	-
chr1:174652835-174653206|ORR1E	chr13	85	527	620	77	1	615	86604117	86604725	2372	2.19e-173	616	+
chr1:176515903-176516258|ORR1E	chr13	81.506	1375	1687	232	25	1687	88466940	88468570	2356	0	1314	+
chr1:177277785-177278051|ORR1E	chr13	81.148	693	854	98	1	802	89244963	89245805	2267	9.68e-177	627	-
chr1:177316473-177316632|ORR1E	chr13	81.749	972	1189	159	988	2160	89305817	89306963	2160	0	941	+
chr1:177398532-177398822|ORR1E	chr13	87.821	548	624	59	1676	2291	89396279	89396893	2291	0	715	+
chr1:177471048-177471257|ORR1E	chr13	79.514	982	1235	154	992	2210	89467580	89468731	2210	0	787	-
chr1:177754923-177755161|ORR1D2	chr13	82.458	1240	1506	168	378	2018	89764638	89766075	2239	0	1156.15	+
chr1:178198378-178198735|ORR1D2	chr13	80.805	1566	1938	216	488	2357	89970876	89972725	2358	0	1375	+
chr1:178491613-178491938|ORR1E	chr13	81.871	1129	1379	152	975	2326	90247242	90248549	2326	0	1072	-
chr1:178924804-178925101|ORR1E	chr13	82.511	1840	2230	246	20	2204	90674275	90676405	2298	0	1825	+
chr1:179742923-179743210|ORR1E	chr13	80.213	754	940	103	406	1322	91479310	91480189	2288	2.72e-177	628	-
chr1:180314847-180315076|ORR1E	chr13	82.034	1662	2026	238	1	1990	92053615	92055550	2230	0	1609	-
chr1:180536779-180536840|ORR1D2	chr13	84.433	998	1182	140	672	1849	92284822	92285963	2062	0	1123	-
chr1:180536840-180537038|ORR1E	chr13	84.433	998	1182	140	870	2047	92284822	92285963	2199	0	1123	-
chr1:181865894-181866083|ORR1E	chr13	81.808	724	885	121	733	1596	93590992	93591857	2190	0	706	-
chr1:182718778-182718986|ORR1E	chr13	81.006	1143	1411	187	842	2202	94399741	94401120	2209	0	1046	-
chr1:183266227-183266536|ORR1E	chr13	79.353	1030	1298	181	1059	2308	94906516	94907774	2310	0	832	+
chr1:184101832-184101959|ORR1E	chr13	79.664	1755	2203	311	1	2128	95674817	95676957	2128	0	1459	+
chr1:184277146-184277463|ORR1E	chr13	81.424	469	576	75	1032	1587	95838271	95838834	2318	3.85e-121	442	+
chr2:84227929-84228227|ORR1E	chr3	81.91	1304	1592	171	115	1653	69317841	69319368	2299	0	1236	+
chr1:184628884-184629116|ORR1E	chr13	81.003	1373	1695	227	583	2233	96186429	96188072	2233	0	1258	+
chr1:184660024-184660293|ORR1E	chr13	81.004	1484	1832	250	380	2164	96214204	96215984	2270	0	1365	+
chr13:35627213-35627439|ORR1E	chr17	86.928	1882	2165	210	104	2227	29239081	29241213	2227	0	2362	-
chr1:186265817-186266070|ORR1E	chr13	81.953	1435	1751	211	522	2253	97813432	97815096	2254	0	1386	-
chr1:186573344-186573407|ORR1D2	chr13	82.44	446	541	80	80	614	98116140	98116671	2064	3.4e-126	459	-
chr1:186847944-186848259|ORR1E	chr13	79.222	835	1054	142	792	1813	98402562	98403570	2316	0	662	-
chr1:187406343-187406749|ORR1D2	chr13	81.057	1181	1457	173	986	2407	98973059	98974447	2407	0	1066	-
chr1:187562147-187562502|ORR1E	chr13	81.753	1371	1677	229	72	1724	99122682	99124305	2356	0	1330	+
chr1:189998012-189998317|ORR1D2	chr13	83.434	554	664	78	1660	2306	101551516	101552164	2306	4.65e-165	588	+
chr1:191041650-191041979|ORR1D2	chr13	85.92	1135	1321	124	321	1604	102629368	102630663	2330	0	1352	-
chr1:191259193-191259538|ORR1E	chr13	81.381	896	1101	139	1094	2142	102839555	102840641	2346	0	837	-
chr1:191445511-191445935|ORR1D2	chr13	80.072	1105	1380	159	730	2097	103027581	103028856	2425	0	918	-
chr1:191999003-191999114|ORR1D2	chr13	80.597	712	856	92	1221	2106	103573877	103574690	2112	1.3e-100	700.15	+
chr1:191999278-191999429|ORR1D2	chr13	80.597	837	1023	122	946	1988	103573877	103574855	2152	1e-116	760.95	+
chr3:71003840-71004122|ORR1E	chr2	87.019	1006	1230	165	12	1572	155348139	155349769	2283	0	927.2	+
chr1:192151207-192151481|ORR1E	chr13	81.07	1546	1907	229	1	1821	103677719	103679579	2275	0	1400	+
chr1:192537344-192537709|ORR1D2	chr13	84.901	1276	1538	176	66	1500	104051854	104053327	2366	0	1245.45	+
chr1:192663190-192663305|ORR1E	chr13	81.463	1147	1408	188	1	1394	104166193	104167541	2116	0	1086	-
chr1:193009067-193009439|ORR1E	chr13	84.828	1103	1292	134	996	2373	104539240	104540465	2373	0	1224.55	+
chr14:8628467-8628556|ORR1E	chr15	85.641	334	390	47	38	423	16279001	16279385	2090	5.88e-109	401	-
chr1:193408626-193408927|ORR1E	chr13	89.663	1278	1529	175	1	2302	104940361	104942532	2302	0	1296.75	+
chr1:193444354-193444548|ORR1D2	chr13	81.298	639	786	89	22	794	104976260	104977000	2195	5.72e-164	584	-
chr1:193447162-193447355|ORR1E	chr13	88.201	613	695	58	1293	1975	104979373	104980055	2194	0	808	+
chr1:193780973-193781304|ORR1E	chr13	90.365	1360	1505	104	832	2330	105311528	105312997	2332	0	1938	-
chr1:193922701-193923044|ORR1D2	chr13	86.486	704	814	85	1545	2340	105451127	105451933	2344	0	870	+
chr1:194261051-194261400|ORR1E	chr13	87.867	1977	2250	206	91	2314	105796993	105799201	2350	0	2580	+
chr1:195198174-195198495|ORR1E	chr13	82.605	1833	2219	228	69	2243	106743210	106745314	2322	0	1814	+
chr18:46365011-46365284|ORR1D2	chr18	86.066	525	610	73	1345	1947	39083370	39083974	2274	0	645	+
chr5:107960740-107961071|ORR1D2	chr14	78.413	425	542	72	1076	1615	1800477	1800975	2332	1.14e-81	311	+
chr5:107201047-107201344|ORR1E	chr14	81.106	983	1212	155	1104	2298	2567380	2568534	2298	0	902	-
chr5:107101189-107101520|ORR1E	chr14	80.292	1483	1847	235	79	1839	2668496	2670299	2332	0	1275	-
chr5:106673784-106674049|ORR1E	chr14	81.406	1077	1323	162	135	1437	3127412	3128670	2266	0	1003	-
chr5:106274692-106274990|ORR1E	chr14	80.494	1630	2025	252	389	2299	3535265	3537260	2299	0	1419	-
chr5:105694403-105694823|ORR1E	chr14	81.845	550	672	92	1210	1867	4140146	4140801	2421	4.99e-150	538	+
chr5:103911696-103911898|ORR1E	chr14	81.393	1846	2268	277	1	2185	5806142	5808347	2203	0	1716	+
chr5:102794732-102795056|ORR1E	chr14	83.047	823	991	135	1350	2323	6896967	6897941	2325	0	869	+
chr5:102272421-102272767|ORR1D2	chr14	81.302	587	722	86	700	1394	7360223	7360922	2347	1.34e-150	540	+
chr5:100775397-100775724|ORR1D2	chr14	79.106	655	828	90	759	1549	8846760	8847541	2328	1.05e-136	494	-
chr8:85463940-85464371|ORR1D2	chr19	86.708	424	489	54	386	872	21590643	21591122	2432	2.33e-148	532	-
chr5:99488465-99488763|ORR1E	chr14	84.653	524	619	77	1694	2299	10112456	10113069	2299	5.95e-169	601	+
chr5:99488763-99489111|ORR1D2	chr14	84.581	384	454	54	526	974	10111965	10112407	2349	1.82e-119	436	-
chr5:99461584-99461781|ORR1E	chr14	81.074	634	782	106	1430	2197	10135526	10136279	2198	1.59e-164	586	-
chr5:98146923-98147242|ORR1D2	chr14	81.45	1772	2190	316	2	2271	11448884	11451023	2320	0	1553.25	+
chr5:64388083-64388205|ORR1E	chr3	77.749	297	382	52	267	645	116286029	116286380	2123	1.81e-49	204	+
chr5:96221308-96221673|ORR1E	chr14	83.451	1881	2251	238	60	2329	13341920	13344213	2366	0	1885.75	+
chr5:90961465-90961762|ORR1D2	chr14	79.569	1506	1829	215	3	1992	17142674	17144700	2298	0	1412.65	+
chr5:88393761-88394079|ORR1E	chr14	80.579	1170	1452	211	4	1435	19643643	19645043	2319	0	1053	-
chr5:85772293-85772527|ORR1D2	chr14	85.294	928	1088	108	1	1057	22307404	22308470	2235	0	1075	-
chr5:84480913-84481243|ORR1E	chr14	82.499	1466	1777	217	1	1719	23591073	23592813	2331	0	1472	-
chr5:83983775-83984085|ORR1E	chr14	81.061	1177	1452	205	889	2311	24084605	24086015	2311	0	1094	-
chr2:136921977-136922118|ORR1E	chr3	86.038	684	795	100	1353	2142	124248263	124249051	2142	0	843	-
chr5:81539445-81539621|ORR1E	chr14	84.076	755	898	92	1	876	26606722	26607590	2177	0	819	-
chr5:80170432-80170753|ORR1E	chr14	77.879	514	660	91	1455	2103	27995549	27996164	2322	4e-96	359	-
chr5:78166132-78166433|ORR1E	chr14	82.977	1321	1592	233	241	1822	30032046	30033609	2302	0	1404	+
chr9:110273486-110273670|ORR1E	chr8	87.324	310	355	30	1282	1628	110245271	110245618	2185	3.7e-106	392	+
chr5:77452189-77452498|ORR1E	chr14	83.954	1397	1664	191	6	1634	30689689	30691311	2310	0	1524	-
chr5:76635576-76635890|ORR1E	chr14	87.151	624	716	62	1	690	31541868	31542579	2315	0	785	+
chr5:75680032-75680228|ORR1E	chr14	85.927	751	874	115	1277	2150	32522312	32523177	2197	0	926	-
chr5:75624028-75624285|ORR1E	chr14	82.224	1248	1464	154	26	2258	32575477	32577669	2258	0	1376.55	+
chr5:75279613-75279875|ORR1D2	chr14	79.755	1084	1347	206	922	2260	32918000	32919486	2263	4.47e-180	929.1	+
chr5:75256869-75257221|ORR1E	chr14	80.944	1954	2414	255	11	2290	32938629	32940971	2353	0	1720	-
chr5:74862244-74862568|ORR1E	chr14	82.255	1284	1561	208	333	1862	33344279	33345801	2325	0	1284	-
chr5:74404255-74404496|ORR1E	chr14	82.672	396	479	62	1769	2242	33800101	33800563	2242	4.88e-110	405	+
chr5:74392543-74392863|ORR1D2	chr14	82.099	1940	2363	280	6	2321	33812773	33815039	2321	0	1888	+
chr5:73761395-73761618|ORR1E	chr14	80.102	1103	1377	161	885	2224	34442992	34444292	2224	0	920	-
chr5:73596555-73596795|ORR1E	chr14	80.983	873	1078	138	12	1051	34612451	34613499	2241	0	793	+
chr5:73564481-73564774|ORR1D2	chr14	79.739	1342	1683	217	651	2290	34642974	34644575	2294	0	1105	+
chr1:71070746-71070969|ORR1E	chr9	83.789	796	950	92	1193	2117	72661989	72662901	2224	0	845	-
chr5:69876474-69876574|ORR1E	chr14	86.878	960	1105	106	1005	2101	38207343	38208416	2101	0	1201	-
chr13:80974576-80974787|ORR1D2	chr2	81.177	1186	1461	176	7	1438	11231102	11232492	2212	0	1083	-
chr5:66121432-66121750|ORR1D2	chr14	83.194	698	839	98	152	967	42084914	42085732	2319	0	728	-
chr5:66075344-66075465|ORR1D2	chr14	81.495	665	816	101	1325	2111	42133502	42134296	2122	3.26e-176	625	-
chr5:66075015-66075149|ORR1E	chr14	77.724	1134	1459	181	6	1385	42134775	42136168	2135	0	761	-
chr5:65119915-65120189|ORR1D2	chr14	82.514	1820	2216	238	153	2275	43193345	43195779	2275	0	1665.35	+
chr5:64840803-64841158|ORR1D2	chr14	84.359	1316	1560	188	662	2207	43467350	43468867	2356	0	1478	+
chr5:64769556-64769763|ORR1D2	chr14	84.52	1092	1292	141	933	2205	43529980	43531231	2208	0	1223	-
chr5:64742919-64743259|ORR1D2	chr14	85.85	813	947	92	8	949	43558499	43559408	2341	0	968	-
chr5:63755344-63755675|ORR1D2	chr14	80.639	1287	1596	192	464	2007	44539110	44540640	2332	0	1127	+
chr5:63747573-63747927|ORR1D2	chr14	80.575	813	1009	118	2	987	44557421	44558374	2355	0	706	-
chr5:63505010-63505131|ORR1E	chr14	83.299	399	479	49	1279	1728	44861384	44861860	2122	2.76e-112	412	+
chr5:63498055-63498248|ORR1E	chr14	83.835	892	1064	130	577	1630	44892871	44893902	2194	0	974	-
chr5:63397173-63397512|ORR1E	chr14	84.298	1063	1261	155	1091	2340	45075521	45076749	2340	0	1192	-
chr5:63033520-63033846|ORR1E	chr14	83.752	1299	1551	208	1	1522	45535743	45537278	2327	0	1428	+
chr5:62791268-62791566|ORR1E	chr14	80.26	370	461	61	1	448	46692628	46693071	2299	1.87e-84	320	-
chr5:62574490-62574821|ORR1E	chr14	89.281	658	737	63	1	728	46942541	46943270	2332	0	909	+
chr5:62285599-62285928|ORR1E	chr14	83.388	1024	1228	150	1	1194	47335905	47337112	2330	0	1088	+
chr5:60885131-60885484|ORR1E	chr14	81.313	1362	1675	206	54	1684	49211463	49213074	2354	0	1260	-
chr5:53505351-53505604|ORR1D2	chr14	81.506	617	757	101	128	858	57482675	57483418	2254	1.63e-164	586	+
chr5:53503604-53503969|ORR1E	chr14	80.742	1749	2183	281	173	2364	57484743	57486829	2366	0	1411.7	+
chr5:53337848-53338175|ORR1E	chr14	78.802	1197	1519	185	401	1851	57655182	57656631	2328	0	894	-
chr5:53082994-53083337|ORR1D2	chr14	88.337	356	403	39	958	1359	57899550	57899945	2344	1.07e-131	477	-
chr5:52073320-52073659|ORR1D2	chr14	85.442	1256	1470	162	1	1448	58903527	58904966	2340	0	1482	-
chr5:50090621-50090943|ORR1D2	chr14	85.877	2031	2365	261	1	2309	60848650	60850997	2323	0	2449	+
chr5:49663716-49664050|ORR1E	chr14	83.558	1179	1411	159	907	2281	61230196	61231569	2335	0	1253	+
chr5:48725335-48725685|ORR1D2	chr14	80.469	1339	1664	243	17	1641	62181734	62183354	2351	0	1197	-
chr5:48700379-48700691|ORR1E	chr14	79.581	1255	1577	217	1	1507	62203695	62205236	2313	0	1031	+
chr5:48317619-48318004|ORR1E	chr14	81.62	1612	1975	238	1	1906	62603052	62604970	2386	0	1520	+
chr5:47483010-47483350|ORR1D2	chr14	79.871	496	621	91	1	614	63542608	63543201	2341	1.41e-115	424	+
chr5:47272726-47273056|ORR1D2	chr14	83.154	1856	2232	267	133	2331	63767140	63769295	2331	0	1938	-
chr5:46032238-46032553|ORR1D2	chr14	83.809	1263	1507	191	841	2312	65092001	65093489	2316	0	1382	-
chr5:45283520-45283671|ORR1E	chr14	81.434	943	1158	157	1	1119	65822528	65823666	2152	0	894	-
chr5:45082630-45082964|ORR1E	chr14	82.367	1677	2036	233	37	2013	66004236	66006204	2335	0	1655	+
chr5:44490342-44490698|ORR1D2	chr14	87.393	818	936	96	1427	2357	66578305	66579223	2357	0	1055	-
chr5:44445551-44445647|ORR1D2	chr14	82.846	1019	1230	135	680	1863	66636500	66637699	2097	0	1033	-
chr5:44445012-44445291|ORR1D2	chr14	82.007	907	1106	125	1219	2280	66636624	66637699	2280	0	872	-
chr13:35888561-35888870|ORR1E	chr17	78.696	1400	1779	236	466	2201	28964389	28966067	2310	0	1053	+
chr4:67392611-67392815|ORR1E	chr5	81.437	816	1002	167	1212	2205	80764696	80765686	2205	0	802	-
chr5:43794513-43794861|ORR1D2	chr14	84.41	1803	2136	296	216	2332	67295688	67297805	2349	0	2065	+
chr5:43771525-43771776|ORR1D2	chr14	85.165	775	910	91	1298	2195	67318791	67319668	2252	0	893	-
chr5:43771811-43771895|ORR1D2	chr14	85.165	775	910	91	1012	1909	67318791	67319668	2085	0	893	-
chr5:43184953-43185197|ORR1E	chr14	83.234	561	674	91	1577	2245	67876951	67877607	2245	2.09e-168	599	-
chr5:43037573-43037934|ORR1E	chr14	80.805	1406	1740	249	655	2362	68035395	68037081	2362	0	1284	+
chr5:40764691-40764771|ORR1E	chr14	87.798	331	377	38	1684	2057	70152956	70153327	2081	5.78e-119	435	-
chr5:40722585-40722913|ORR1E	chr14	84.989	1138	1339	145	1000	2329	70199215	70200506	2329	0	1308	+
chr5:39824297-39824624|ORR1E	chr14	83.827	1980	2362	305	2	2328	71016427	71018746	2328	0	2174	+
chr5:39431417-39431873|ORR1E	chr14	86.927	645	742	81	1726	2457	71386190	71386925	2457	0	819	-
chr5:39307323-39307655|ORR1E	chr14	82.75	1348	1629	227	3	1602	71529935	71531538	2333	0	1402	-
chr5:39216054-39216405|ORR1D2	chr14	85.897	804	936	111	3	927	71612086	71613011	2352	0	977	-
chr5:39151046-39151154|ORR1E	chr14	84.956	1056	1243	144	651	1860	71677486	71678718	2109	0	1219	-
chr5:38436842-38436968|ORR1D2	chr14	80.427	715	889	125	250	1107	72379601	72380471	2127	1.95e-178	632	-
chr5:38395145-38395432|ORR1E	chr14	81.462	1995	2449	259	5	2288	72416558	72418976	2288	0	1827	+
chr5:38255791-38256144|ORR1E	chr14	83.043	1430	1722	227	138	1833	72551691	72553373	2354	0	1502	+
chr5:38048223-38048591|ORR1E	chr14	84.542	2029	2400	260	11	2349	72751826	72754175	2369	0	2274	-
chr5:37971766-37972096|ORR1E	chr14	85.567	664	776	90	62	824	72832046	72832812	2331	0	793	-
chr11:19822215-19822341|ORR1D2	chr14	78.936	757	959	129	1	905	94027314	94028253	2127	5.54e-164	584	+
chr5:37313288-37313444|ORR1D2	chr14	82.593	1803	2183	294	1	2155	73481468	73483592	2157	0	1847	+
chr5:37051120-37051423|ORR1E	chr14	79.975	1749	2123	248	145	2304	73742073	73744106	2304	0	1646.35	+
chr5:36534667-36534985|ORR1E	chr14	86.18	449	521	57	11	524	74229844	74230356	2319	2.21e-153	549	+
chr5:35165938-35166254|ORR1E	chr14	84.507	720	852	97	833	1677	75587960	75588783	2317	0	809	-
chr5:34979554-34979852|ORR1E	chr14	81.838	1834	2241	254	123	2297	75772899	75775052	2299	0	1742	-
chr14:16378138-16378455|ORR1E	chr15	83.402	1153	1364	145	218	1621	9100218	9101523	2318	0	1225.5	+
chr11:3594841-3594934|ORR1D2	chr14	84.472	272	322	38	1739	2057	78478553	78478865	2094	1.32e-80	307	-
chr11:4270924-4270996|ORR1E	chr14	87.688	1688	1925	160	1	1908	79137913	79139777	2073	0	2170	+
chr11:4611490-4611592|ORR1D2	chr14	86.535	874	1010	118	1	1000	79481081	79482082	2103	0	1096	-
chr11:6591317-6591638|ORR1E	chr14	79.404	586	738	106	803	1517	81457584	81458298	2322	2.94e-132	479	-
chr11:6925081-6925414|ORR1D2	chr14	81.818	1263	1491	163	6	2332	81790639	81793158	2334	0	1358.5	+
chr11:7145212-7145517|ORR1E	chr14	82.559	1884	2282	280	40	2276	81995039	81997247	2306	0	1901	-
chr11:7562092-7562466|ORR1D2	chr14	90.789	1020	1180	107	163	1382	82419946	82421273	2375	0	1181.8	+
chr11:7759122-7759496|ORR1D2	chr14	79.631	1251	1571	238	701	2226	82574040	82575573	2375	0	1053	-
chr11:8455704-8455961|ORR1E	chr14	81.667	931	1140	137	40	1131	83197288	83198403	2258	0	881	-
chr11:8759931-8760107|ORR1D2	chr14	78.942	716	907	108	427	1273	83478286	83479169	2177	1.25e-150	540	+
chr11:10100637-10100745|ORR1E	chr14	78.374	1022	1304	203	834	2105	84767251	84768507	2109	0	773	-
chr11:10372431-10372694|ORR1E	chr14	78.837	1017	1290	197	275	1512	85014584	85015849	2264	0	800	+
chr11:10575138-10575444|ORR1D2	chr14	80.791	1144	1416	212	31	1405	85164877	85166273	2307	0	1053	-
chrX:147636433-147636786|ORR1D2	chrX	81.065	1233	1521	236	4	1497	114665455	114666950	2354	0	1166	-
chr11:11640458-11640799|ORR1E	chr14	81.378	319	392	43	19	406	86214240	86214605	2342	4.15e-76	292	-
chr11:11640827-11641030|ORR1E	chr14	81.378	319	392	43	250	637	86214240	86214605	2204	3.9e-76	292	-
chr11:11856975-11857320|ORR1E	chr14	84.23	1597	1896	208	60	1907	86427654	86429506	2346	0	1760	+
chr11:11863198-11863537|ORR1D2	chr14	87.084	681	782	70	1348	2120	86433964	86434723	2340	0	856	-
chr11:13010238-13010493|ORR1E	chr14	83.595	586	701	90	1565	2255	87649427	87650112	2256	5.76e-179	634	+
chr11:14504819-14505115|ORR1E	chr14	80.666	1114	1381	200	1	1344	89048091	89049441	2297	0	1009	-
chr11:14811937-14812256|ORR1D2	chr14	82.49	424	514	63	1648	2154	89346725	89347218	2320	3.88e-116	425	+
chr11:15124891-15125162|ORR1D2	chr14	82.94	773	932	114	1351	2272	89606371	89607267	2272	0	798	+
chr11:16421938-16422041|ORR1E	chr14	81.302	1748	2150	264	3	2104	90829319	90831378	2104	0	1616	+
chr11:17148348-17148710|ORR1E	chr14	83.458	671	804	103	189	973	91552788	91553580	2363	0	721	+
chr11:18149252-18149477|ORR1E	chr14	87.173	367	421	40	1806	2225	92483299	92483706	2226	2.19e-128	466	+
chr11:19195774-19196082|ORR1E	chr14	87.866	811	923	100	1	918	93452663	93453578	2309	0	1074	-
chr12:63309797-63310157|ORR1E	chr4	73.487	510	694	152	98	781	180090875	180091546	2361	2.57e-58	233	+
chr11:20681194-20681526|ORR1E	chr14	86.391	438	507	55	885	1383	94866423	94866923	2333	3.72e-151	542	-
chr11:21377860-21378155|ORR1E	chr14	81.985	446	544	67	2	525	95504915	95505447	2296	2.3e-118	433	-
chr11:21391732-21392048|ORR1E	chr14	80.533	1758	2167	258	33	2202	95519525	95521644	2317	0	1517.15	+
chr14:56055463-56055680|ORR1E	chr15	79.459	1283	1588	269	1	1623	29840791	29842358	2218	0	1148.55	+
chr18:12392019-12392324|ORR1E	chr18	82.548	1121	1358	156	989	2306	3567682	3568998	2306	0	1120	-
chr11:23168561-23168908|ORR1D2	chr14	81.414	933	1146	163	1	1114	97137268	97138395	2348	0	891	-
chr11:24139684-24139816|ORR1E	chr14	79.99	1679	2099	272	87	2133	98089905	98091907	2133	0	1413	-
chr11:24235382-24235567|ORR1E	chr14	83.355	646	775	95	1425	2186	98185327	98186080	2186	0	686	-
chr11:24536281-24536594|ORR1E	chr14	91.822	640	697	53	1620	2314	98463360	98464054	2314	0	968	-
chr1:12564149-12564458|ORR1E	chr5	84.054	564	671	88	726	1386	6577484	6578145	2310	2.74e-177	628	+
chr11:26327753-26328076|ORR1D2	chr14	83.197	916	1101	126	1	1081	100187531	100188592	2324	0	953	+
chr11:28405193-28405347|ORR1D2	chr14	78.625	1764	2163	288	1	2155	102144991	102147134	2155	0	1597.9	+
chr11:29151606-29151952|ORR1D2	chr14	83.989	1579	1880	207	527	2347	102895710	102897554	2347	0	1718	-
chr11:29310665-29311003|ORR1D2	chr14	82.74	1208	1460	153	765	2183	103029718	103031119	2339	0	1208	+
chr14:22183353-22183690|ORR1E	chr15	84.585	1926	2277	251	106	2336	2100090	2102312	2338	0	2169	-
chr14:21312006-21312072|ORR1E	chr15	78.322	896	1144	151	34	1134	2989567	2990656	2067	0	649	+
chr14:21214342-21214674|ORR1E	chr15	76.269	1517	1989	285	444	2330	3082533	3084436	2333	0	885	+
chr14:21090331-21090686|ORR1D2	chr15	81.105	837	1032	143	131	1135	3206532	3207538	2356	0	778	+
chr14:19862051-19862372|ORR1E	chr15	81.258	659	811	110	43	845	4425334	4426110	2322	5.97e-174	617	+
chr14:18940300-18940598|ORR1E	chr15	83.804	1366	1630	180	166	1736	6919376	6920980	2299	0	1471	-
chr14:17568081-17568389|ORR1E	chr15	86.022	1911	2309	311	11	2307	8102115	8104459	2309	0	1880.05	+
chr14:16261886-16262228|ORR1D2	chr15	80.478	404	502	57	1419	1908	9190943	9191415	2343	3.14e-92	346	+
chr14:16075038-16075339|ORR1E	chr15	86.689	508	586	77	1716	2300	9425896	9426481	2302	0	649	+
chr14:16030592-16030863|ORR1E	chr15	83.128	1221	1464	171	50	2271	9442782	9444796	2272	0	1227.4	+
chr14:15934725-15934996|ORR1E	chr15	82.656	996	1205	170	10	1201	9531748	9532926	2272	0	1031	-
chr14:15677558-15677728|ORR1D2	chr15	83.351	796	955	123	30	965	9774402	9775339	2171	0	850	-
chr14:15677348-15677514|ORR1D2	chr15	82.525	987	1196	154	2	1175	9774402	9775564	2167	0	1000	-
chr14:15222204-15222558|ORR1E	chr15	82.637	514	622	79	327	925	10204218	10204833	2355	1.36e-145	523	-
chr14:15205710-15206004|ORR1E	chr15	78.468	1844	2350	327	1	2243	10224019	10226296	2295	0	1371	+
chr14:13551357-13551427|ORR1D2	chr15	79.523	901	1133	160	977	2054	11649140	11650255	2071	0	741	+
chr14:10941551-10941859|ORR1E	chr15	91.111	574	630	49	51	675	14160709	14161336	2309	0	846	-
chr14:10509268-10509593|ORR1E	chr15	83.172	1893	2276	277	1	2239	14562250	14564456	2326	0	1984	-
chr14:8732171-8732502|ORR1D2	chr15	83.284	1405	1687	200	369	2013	16168830	16170476	2332	0	1478	-
chr14:8692263-8692590|ORR1E	chr15	79.577	1430	1797	227	10	1729	16196638	16198371	2328	0	1157	+
chr14:8635488-8635765|ORR1E	chr15	82.705	1602	1937	229	20	1892	16260339	16262233	2278	0	1624	-
chr13:100403231-100403565|ORR1E	chr2	85.082	1192	1401	155	952	2335	31607481	31608844	2335	0	1380	-
chr14:48169941-48170213|ORR1E	chr15	83.99	320	381	46	291	663	21444792	21445165	2273	6.54e-94	351	-
chr14:48383212-48383386|ORR1D2	chr15	86.191	749	869	84	1	868	21667658	21668491	2175	0	907	+
chr14:49555526-49555752|ORR1E	chr15	85.963	1433	1667	197	1	1647	22853289	22854938	2227	0	1748	-
chr14:49932872-49933082|ORR1D2	chr15	85.261	538	631	67	1	618	23193983	23194600	2211	9.44e-177	627	+
chr14:51077378-51077688|ORR1D2	chr15	79.301	885	1116	142	1237	2290	24297403	24298491	2311	0	699	-
chr14:43924765-43925006|ORR1E	chr15	78.392	907	1157	176	113	1237	24559466	24560580	2242	0	684	-
chr14:55197179-55197455|ORR1E	chr15	85.177	1830	2178	247	3	2237	28654876	28656943	2277	0	1901.9	+
chr14:55338139-55338391|ORR1E	chr15	84.38	1464	1735	173	101	1775	28811618	28813314	2253	0	1613	-
chr14:55946396-55946617|ORR1E	chr15	81.93	1537	1876	263	85	1915	29422453	29424297	2222	0	1517	-
chr14:56599029-56599365|ORR1D2	chr15	85.848	552	643	67	1696	2337	30727748	30728367	2337	0	662	-
chr14:56655142-56655450|ORR1E	chr15	85.932	904	1052	110	289	1321	30786899	30787931	2309	0	1088	-
chr14:58382575-58382865|ORR1E	chr15	84.744	1111	1311	171	2	1304	32524184	32525473	2291	0	1286	-
chr14:58776213-58776548|ORR1D2	chr15	80.088	1919	2323	275	2	2336	32891697	32894037	2336	0	1835.4	+
chr14:59155757-59156045|ORR1E	chr15	81.617	1474	1806	221	1	1762	33291381	33293119	2289	0	1393	+
chr14:59182672-59183042|ORR1E	chr15	86.368	963	1115	132	888	1994	33305314	33306416	2371	0	1199	+
chr14:60398338-60398671|ORR1E	chr15	83.652	1902	2226	236	118	2327	34544298	34546533	2334	0	2122.3	+
chr14:60406546-60406777|ORR1E	chr15	82.637	1880	2275	269	1	2232	34551803	34553994	2232	0	1897	-
chr14:60541736-60541830|ORR1D2	chr15	77.549	791	1020	149	1099	2087	34692391	34693361	2095	3.33e-151	542	+
chr14:60610265-60610552|ORR1E	chr15	82.15	1735	2112	263	216	2288	34746857	34748893	2288	0	1707	-
chr14:61774744-61774971|ORR1E	chr15	85.301	1760	2123	243	80	2213	35943573	35945699	2228	0	1708.1	+
chr14:61995459-61995576|ORR1E	chr15	80.925	840	1038	144	3	1013	36200842	36201852	2118	0	771	-
chr14:62193363-62193700|ORR1E	chr15	85.517	620	725	62	1507	2223	36405771	36406460	2338	0	717	-
chr9:7778743-7779048|ORR1E	chr17	79.303	364	459	63	1537	1967	23905416	23905870	2306	4.08e-76	292	+
chr14:63078929-63079211|ORR1E	chr15	76.752	879	1139	145	124	1284	37343092	37344137	2283	6.76e-74	529.15	+
chr14:63995267-63995651|ORR1E	chr15	85.102	1605	1901	217	1	2385	38233034	38235270	2385	0	1708.1	+
chr14:64133096-64133446|ORR1E	chr15	85.366	2075	2410	256	1	2351	38372152	38374527	2351	0	2395.9	+
chr14:64191052-64191296|ORR1E	chr15	90.441	1306	1509	129	389	2245	38429588	38431417	2245	0	1515.25	+
chr14:64213065-64213398|ORR1E	chr15	82.261	1572	1911	224	461	2325	38451416	38453257	2334	0	1544	+
chr14:64520686-64521031|ORR1D2	chr15	83.902	787	938	100	487	1397	38761886	38762799	2346	0	848	-
chr14:64530609-64530953|ORR1E	chr15	87.204	1288	1477	123	4	1462	38776653	38778081	2345	0	1620	-
chr14:65658176-65658478|ORR1E	chr15	82.585	1930	2337	282	1	2303	39873103	39875348	2303	0	1945	+
chr14:65791189-65791532|ORR1E	chr15	86.187	1329	1542	181	156	1693	40007161	40008674	2344	0	1639	-
chr14:66323480-66323843|ORR1D2	chr15	84.533	1750	2113	237	224	2364	40519346	40521418	2364	0	1685.3	+
chr14:68922138-68922496|ORR1E	chr15	81.55	1105	1355	151	1	1327	44144757	44146040	2359	0	1026	+
chr14:69029781-69029906|ORR1D2	chr15	93.276	1859	1993	94	139	2105	44299390	44301368	2126	0	2902	+
chr14:69060167-69060412|ORR1E	chr15	83.358	1682	2042	267	3	2077	44326963	44328960	2246	0	1606.45	+
chr14:69816775-69817226|ORR1E	chr15	83.654	1638	1990	249	9	2060	44898382	44900319	2452	0	1548.5	+
chr14:70432448-70432504|ORR1D2	chr15	86.264	1139	1317	152	321	1935	45502436	45503991	2057	0	1351.85	+
chr14:70833744-70834117|ORR1D2	chr15	87.98	688	782	75	1596	2370	45890431	45891200	2374	0	905	-
chr14:71075703-71075999|ORR1E	chr15	80.106	1204	1503	207	842	2297	46151310	46152767	2297	0	1035	-
chr14:71201093-71201452|ORR1D2	chr15	85.433	868	1016	113	1353	2360	46273021	46274009	2360	0	1024	-
chr14:71259918-71260276|ORR1E	chr15	76.238	1510	1899	279	2	1886	46334106	46335951	2359	0	1187.5	+
chr14:73260355-73260412|ORR1E	chr15	81.857	1146	1400	180	12	1369	48438433	48439800	2058	0	1110	+
chr14:73290070-73290340|ORR1E	chr15	79.706	1714	2153	280	1	2270	48469158	48471206	2271	0	1327.15	+
chr14:73886400-73886760|ORR1E	chr15	84.131	2004	2382	288	10	2361	49111677	49113998	2361	0	2222	-
chr14:74245505-74245828|ORR1E	chr15	83.347	1987	2384	275	1	2324	49558121	49560442	2324	0	2091	+
chr14:74847677-74847899|ORR1D2	chr15	84.167	707	840	110	1027	1862	50155020	50155840	2223	0	793	-
chr14:74847944-74848062|ORR1D2	chr15	84.167	707	840	110	1190	2025	50155020	50155840	2119	0	793	-
chr14:75301199-75301461|ORR1E	chr15	79.102	1885	2383	239	1	2263	50624569	50626812	2263	0	1402	+
chr14:76272880-76273128|ORR1D2	chr15	81.38	1451	1783	208	528	2249	51595001	51596720	2249	0	1339	-
chr14:76323153-76323497|ORR1E	chr15	81.743	694	849	107	1518	2345	51654401	51655222	2345	0	665	+
chr6:101468001-101468184|ORR1E	chr4	83.287	1510	1813	217	401	2184	134096372	134098127	2184	0	1591	-
chr14:76868903-76869234|ORR1E	chr15	84.716	1479	1772	229	1	1773	52213618	52215351	2332	0	1511.45	+
chr14:77096936-77097202|ORR1E	chr15	86.846	647	745	76	783	1522	52450294	52451021	2267	0	813	-
chr14:77518794-77518904|ORR1D2	chr15	81.864	817	998	135	15	1000	52883565	52884528	2111	0	798	+
chr14:77533630-77533810|ORR1E	chr15	82.177	1729	2104	248	1	2042	52897480	52899518	2181	0	1690	-
chr14:78678979-78679324|ORR1E	chr15	82.511	1807	2190	253	214	2344	54099091	54101209	2346	0	1803	-
chr14:78914049-78914309|ORR1E	chr15	86.571	303	350	32	1045	1391	54303242	54303579	2261	5e-100	372	-
chr14:79503457-79503814|ORR1D2	chr15	80.813	1908	2361	310	1	2318	54909180	54911440	2358	0	1718	-
chr14:80027986-80028151|ORR1E	chr15	85.363	1872	2193	235	1	2166	55433212	55435345	2166	0	2193	-
chr10:12935592-12935951|ORR1D2	chr3	80.585	303	376	65	1437	1810	118948872	118949241	2360	2.52e-73	283	-
chr14:84358573-84358898|ORR1D2	chr15	87.828	1582	1889	203	1	2326	60153965	60156279	2326	0	1608.35	+
chr14:86347375-86347702|ORR1E	chr15	83.192	1663	1999	264	258	2221	62227921	62229882	2328	0	1764	-
chr12:92963567-92963853|ORR1E	chr6	83.51	1104	1322	173	1001	2287	111956832	111958143	2287	0	1192	-
chr14:89573453-89573769|ORR1D2	chr15	78.377	1903	2428	359	1	2317	65622807	65625179	2317	0	1423	+
chr14:91376926-91377192|ORR1E	chr15	79.17	954	1205	192	12	1207	67583636	67584790	2267	0	780	+
chr14:91786823-91787141|ORR1E	chr15	78.399	1107	1412	212	6	1363	68012646	68014018	2319	0	832	-
chr14:93461571-93461910|ORR1D2	chr15	81.063	1922	2371	312	45	2340	69799653	69801961	2340	0	1764	+
chr14:94486680-94486928|ORR1E	chr15	75.296	890	1182	191	414	1545	70877153	70878283	2249	4.76e-130	472	+
chr14:95926782-95927081|ORR1E	chr15	81.392	1286	1580	219	87	1646	72502837	72504361	2300	0	1219	-
chr14:98459829-98460188|ORR1E	chr15	84.375	405	480	60	1016	1488	75195260	75195731	2360	1.4e-125	457	-
chr14:99614732-99615101|ORR1E	chr15	84.415	1197	1418	189	81	1492	76384390	76385781	2370	0	1365	-
chr14:100308063-100308392|ORR1D2	chr15	79.221	1378	1718	238	545	2309	77091874	77093685	2330	0	1135.25	+
chr14:100868281-100868575|ORR1E	chr15	80.829	1248	1544	208	768	2272	77650673	77652167	2295	0	1131	-
chr14:101063233-101063305|ORR1E	chr15	80.4	1005	1250	166	477	1697	77854483	77855682	2073	0	878	-
chr14:101615968-101616297|ORR1D2	chr15	82.831	632	763	101	1	758	78442146	78442883	2330	0	656	-
chr14:102621632-102621818|ORR1E	chr15	79.281	1500	1892	214	1	1771	79445120	79446954	2187	0	1158	+
chr14:103088719-103089034|ORR1E	chr15	82.096	1839	2234	254	1	2220	79914251	79916553	2316	0	1716.65	+
chr14:105613087-105613424|ORR1E	chr15	83.551	894	1070	143	527	1584	82387729	82388777	2338	0	970	+
chr14:105845140-105845489|ORR1E	chr15	82.592	1466	1775	225	1	1733	82645385	82647117	2350	0	1489	-
chr14:113118693-113119024|ORR1E	chr15	79.251	1757	2217	311	23	2170	90364276	90366412	2332	0	1408	+
chr14:114644577-114644933|ORR1E	chr15	79.528	303	381	60	1	378	91784230	91784595	2357	5.48e-65	255	-
chr14:114693460-114693754|ORR1D2	chr15	82.143	414	504	72	1795	2295	91825460	91825948	2295	2.31e-113	416	+
chr14:115322785-115323131|ORR1D2	chr15	82.658	367	444	61	1902	2342	92454351	92454781	2347	3.1e-102	379	-
chr14:115984134-115984448|ORR1E	chr15	80.127	504	629	108	19	638	93122727	93123347	2315	1.78e-124	453	+
chr14:118115620-118115993|ORR1E	chr15	77.093	1467	1862	269	378	2287	95177441	95179414	2374	0	1076.35	+
chr13:28541622-28541949|ORR1E	chr17	79.62	1047	1315	215	24	1322	36080549	36081826	2328	0	894	+
chr14:118371215-118371519|ORR1E	chr15	84.45	353	418	52	903	1313	95436227	95436638	2305	2.34e-108	399	-
chr14:118373769-118374011|ORR1E	chr15	90.73	460	507	34	152	646	95439796	95440301	2243	0	664	-
chr14:118577944-118578179|ORR1E	chr15	85.48	365	427	36	56	468	95641080	95641494	2236	4.84e-115	422	+
chr14:119007424-119007626|ORR1D2	chr15	81.607	528	647	93	398	1041	96100439	96101062	2203	2.75e-142	512	+
chr14:119666637-119666991|ORR1E	chr15	83.002	1001	1206	154	86	1264	96800025	96801206	2355	0	1044	+
chr14:120262658-120262995|ORR1E	chr15	86.241	351	407	56	1932	2338	97373144	97373550	2338	3.88e-121	442	+
chr14:120263092-120263431|ORR1E	chr15	83.489	713	854	117	1498	2340	97373144	97373984	2340	0	774	+
chr14:120270080-120270376|ORR1E	chr15	80.254	443	552	83	1	549	97380126	97380654	2297	3.9e-106	392	-
chr14:120519913-120520281|ORR1E	chr15	84.067	554	659	79	104	744	97643879	97644529	2369	2.84e-172	612	-
chr14:120583881-120584064|ORR1E	chr15	79.292	919	1159	156	10	1144	97696754	97697852	2184	0	734	+
chr14:120685916-120686234|ORR1E	chr15	82.176	1941	2362	293	1	2313	97792903	97795185	2319	0	1912	-
chr14:120863315-120863596|ORR1E	chr15	82.4	515	625	68	1390	1991	97955500	97956105	2282	1.33e-140	507	-
chr14:120955416-120955674|ORR1D2	chr15	84.098	550	654	79	778	1407	98048664	98049316	2259	3.5e-171	608	+
chr14:121144414-121144601|ORR1E	chr15	80.187	1805	2251	275	36	2188	98227087	98229264	2188	0	1528	-
chr14:121440935-121441270|ORR1D2	chr15	79.367	627	790	96	1570	2336	98521420	98522165	2336	1.06e-136	494	+
chr14:122009605-122009884|ORR1D2	chr15	82.857	609	735	72	1537	2259	99092061	99092753	2280	9.81e-172	610	-
chr14:122812339-122812471|ORR1E	chr15	84.404	368	436	56	1646	2073	99888624	99889055	2133	5.96e-114	418	+
chr14:123771088-123771376|ORR1D2	chr15	87.747	1110	1265	118	1056	2289	100860143	100861401	2289	0	1443	+
chr4:87391228-87391545|ORR1E	chr5	84.521	1778	2154	287	152	2318	101909582	101911669	2318	0	1722.35	+
chr14:24970358-24970697|ORR1E	chr16	81.187	1866	2313	302	1	2299	533423	535641	2340	0	1578.9	+
chr14:24975438-24975705|ORR1E	chr16	84.749	489	577	68	1699	2266	538893	539458	2268	9.97e-157	560	+
chr14:25010175-25010518|ORR1E	chr16	81.638	1276	1563	218	708	2216	576386	577933	2344	0	1232	-
chr14:26571938-26572254|ORR1D2	chr16	86.737	327	377	44	1943	2317	1824064	1824436	2317	8.39e-113	414	-
chr14:27232394-27232735|ORR1E	chr16	83.63	1788	2138	268	249	2342	2412225	2414324	2342	0	1934	-
chr14:27971849-27972173|ORR1E	chr16	82.779	548	662	74	1	644	3177993	3178632	2325	4.76e-155	555	-
chr14:29840607-29840907|ORR1E	chr16	83.898	1770	2088	219	1	2297	5026384	5028546	2301	0	1902.85	+
chr14:30907986-30908317|ORR1E	chr16	83.636	1507	1822	213	444	2332	6100794	6102674	2332	0	1448.75	+
chr14:31761771-31762156|ORR1D2	chr16	81.289	1268	1586	185	759	2349	6980964	6982447	2386	1.34e-165	992.75	+
chr3:37893900-37894198|ORR1E	chr2	82.92	1437	1733	222	593	2299	120862668	120864352	2299	0	1493	+
chr14:33228608-33228937|ORR1E	chr16	78.527	885	1127	136	22	1089	8484993	8486072	2330	0	643	-
chr14:33467876-33468200|ORR1E	chr16	79.582	1674	2088	295	90	2170	8753485	8755659	2325	0	1380.35	+
chr14:35557150-35557502|ORR1E	chr16	80.182	1319	1645	244	756	2353	10862653	10864262	2353	0	1157	-
chr14:36316427-36316767|ORR1E	chr16	80.675	1553	1925	268	461	2339	12036575	12038441	2341	0	1399	+
chr14:36332517-36332823|ORR1E	chr16	86.776	1776	2122	284	73	2271	12059231	12061522	2307	0	1848.7	+
chr3:103169785-103170047|ORR1D2	chr2	81.345	1705	2096	205	288	2263	190689549	190691578	2263	0	1533	-
chr14:38947120-38947243|ORR1E	chr16	81.169	1625	2002	257	1	1983	14829978	14831878	2124	0	1498	+
chr14:40282665-40282856|ORR1E	chr16	80.949	1279	1580	207	669	2192	16163953	16165494	2192	0	1164	-
chr14:40729558-40729748|ORR1D2	chr16	83.294	698	838	99	998	1808	16630822	16631645	2191	0	734	-
chr8:72583117-72583392|ORR1D2	chr16	80.282	399	497	52	1143	1628	17261980	17262441	2276	2.37e-88	333	+
chr8:72554461-72554573|ORR1D2	chr16	80.368	655	815	98	1244	2037	17292649	17293422	2113	2.58e-157	562	+
chr8:70558325-70558621|ORR1E	chr16	84.891	427	503	51	6	494	18875987	18876478	2297	6.25e-134	484	+
chr8:69188947-69189162|ORR1D2	chr16	81.502	1357	1665	180	2	1592	20537343	20538953	2216	0	1251	-
chr8:68972702-68973036|ORR1E	chr16	81.445	654	803	99	1	778	20762163	20762940	2335	2.79e-172	612	-
chr8:68830948-68831222|ORR1E	chr16	83.69	731	882	82	395	2272	20911989	20913875	2275	2.31e-108	691.6	+
chr8:68187217-68187597|ORR1E	chr16	84.248	1075	1276	147	964	2200	21489369	21490629	2381	0	1194	-
chr8:67403641-67403991|ORR1E	chr16	85.977	1686	1961	218	5	1936	22311285	22313217	2351	0	2045	-
chr8:66404713-66404987|ORR1E	chr16	86.207	1125	1305	152	971	2268	23325124	23326407	2275	0	1387	-
chr8:61448931-61449230|ORR1E	chr16	81.666	1559	1909	207	153	2006	28680657	28682477	2300	0	1454	-
chr8:60871411-60871724|ORR1E	chr16	82.862	1395	1676	227	218	1847	29233966	29235719	2314	0	1413.6	+
chr8:60353415-60353576|ORR1E	chr16	81.202	1067	1314	186	889	2162	29653129	29654421	2162	0	1002	-
chr8:57622888-57623166|ORR1D2	chr16	83.369	1183	1419	173	912	2279	32606843	32608249	2279	0	1254	-
chr8:57609620-57609936|ORR1E	chr16	85.169	781	917	124	1272	2180	32622100	32623012	2317	0	929	+
chr8:57232574-57232903|ORR1E	chr16	83.079	1360	1637	209	2	1595	33013025	33014636	2330	0	1426	+
chr17:50331935-50332109|ORR1E	chr16	78.803	316	401	56	1778	2168	36282233	36282614	2175	3.93e-61	243	+
chr17:50415571-50415924|ORR1E	chr16	81.077	1928	2378	345	29	2354	35770845	35773169	2354	0	1801	+
chr8:54582946-54583220|ORR1E	chr16	83.97	1796	2152	274	1	2163	37243627	37245743	2275	0	1828.75	+
chr8:54072728-54073045|ORR1D2	chr16	83.812	1517	1810	197	42	1812	37831443	37833195	2318	0	1631	-
chr8:53309403-53309750|ORR1E	chr16	82.58	1735	2101	280	22	2086	38780253	38782303	2348	0	1773	+
chr8:53306923-53307200|ORR1E	chr16	81.361	1555	1870	227	1	1820	38782612	38784505	2278	0	1546.6	+
chr8:52857502-52857672|ORR1E	chr16	80.947	684	845	115	3	828	39262219	39263036	2171	9.27e-177	627	+
chr8:47553736-47554067|ORR1E	chr16	82.456	1175	1425	159	1	1368	44713397	44714787	2332	0	1162	-
chr8:47312473-47312802|ORR1E	chr16	81.145	482	594	70	1731	2309	44946042	44946608	2330	5.01e-120	438	-
chr8:46769325-46769645|ORR1E	chr16	81.411	1362	1673	215	1	1632	45517800	45519417	2321	0	1279	+
chr8:46502936-46503103|ORR1E	chr16	79.452	1044	1314	174	612	1870	45790239	45791511	2168	0	843	+
chr8:46022221-46022490|ORR1E	chr16	87.516	680	777	72	1499	2270	46248144	46248900	2270	0	874	-
chr8:45889821-45890006|ORR1E	chr16	82.11	794	967	113	1	943	46379381	46380311	2186	0	773	-
chr8:45062888-45063253|ORR1D2	chr16	79.905	1006	1259	180	602	1831	47169106	47170320	2366	0	856	+
chr8:41489212-41489530|ORR1D2	chr16	82.4	1271	1508	173	3	1919	50864412	50866460	2319	0	1341.4	+
chr8:40545326-40545631|ORR1D2	chr16	81.176	1995	2413	256	3	2306	51736736	51739176	2306	0	1892.4	+
chr8:40312951-40313280|ORR1E	chr16	82.619	2006	2428	291	1	2325	52004146	52006545	2330	0	2025	+
chr8:40311142-40311452|ORR1E	chr16	81.184	1316	1621	212	622	2184	52006181	52007766	2311	0	1218	-
chr8:39020521-39020823|ORR1E	chr16	80.084	575	718	93	1610	2302	53315801	53316493	2303	4.84e-135	488	+
chr8:36267396-36267492|ORR1E	chr16	85.191	512	601	74	1503	2097	55966023	55966614	2097	1.51e-169	603	-
chr8:36112745-36113091|ORR1E	chr16	84.223	1073	1274	157	1	1268	56123132	56124367	2347	0	1199	-
chr8:35650501-35650841|ORR1E	chr16	80.186	1121	1398	190	1001	2341	56573475	56574842	2341	0	966	+
chr8:35611973-35612083|ORR1E	chr16	83.131	1508	1814	210	6	1786	56608996	56610746	2111	0	1567	+
chr8:35578707-35578892|ORR1D2	chr16	85.301	354	415	47	102	512	56643606	56644010	2186	2.2e-113	416	-
chr8:35508456-35508695|ORR1E	chr16	79.599	874	1098	153	188	1240	56716450	56717521	2240	0	721	-
chr8:35228172-35228473|ORR1D2	chr16	83.333	765	918	111	1407	2302	56984328	56985225	2302	0	809	+
chr8:34654726-34655046|ORR1D2	chr16	80.972	1179	1416	165	121	1515	57539144	57540588	2321	0	1173.25	+
chr12:36363276-36363628|ORR1E	chr6	78.258	1177	1504	234	884	2353	53095927	53097371	2353	0	880	+
chr8:33956889-33957059|ORR1D2	chr16	82.516	1043	1264	169	1	1231	58197908	58199152	2171	0	1062	+
chr8:33681983-33682302|ORR1D2	chr16	76.027	796	1047	157	889	1892	58496792	58497787	2320	1.38e-125	457	+
chr8:33492447-33492794|ORR1E	chr16	77.911	716	919	117	1056	1957	58683152	58684001	2348	1.06e-136	494	+
chr8:33330599-33330963|ORR1D2	chr16	81.558	827	1014	136	513	1507	58808681	58809662	2365	0	789	-
chr6:142852401-142852756|ORR1E	chr4	81.839	721	881	119	1493	2356	175811056	175811912	2356	0	702	+
chr8:32104545-32104862|ORR1E	chr16	82.355	1951	2369	302	1	2318	60017878	60020181	2318	0	1953	+
chr8:31659278-31659650|ORR1E	chr16	81.414	1980	2432	338	1	2373	60446928	60449304	2373	0	1882	+
chr8:31133668-31133990|ORR1E	chr16	83.122	1965	2364	297	1	2310	61004717	61007032	2323	0	2061	+
chr8:29270865-29271003|ORR1E	chr16	84.13	986	1172	140	15	1170	62808549	62809690	2139	0	1092	-
chr8:29132315-29132523|ORR1E	chr16	82.584	1590	1991	269	1	2209	62944211	62946325	2209	0	1268.25	+
chr2:151092479-151092778|ORR1E	chr16	81.259	542	667	97	907	1562	64374618	64375267	2300	7.98e-143	514	+
chr8:20430843-20431178|ORR1E	chr16	77.265	1322	1711	318	639	2325	64409877	64411540	2336	0	939	+
chr5:5075622-5075931|ORR1E	chr16	81.596	368	451	57	1	446	64412618	64413047	2310	2.39e-93	350	+
chr8:26874911-26875204|ORR1E	chr16	79.682	1153	1447	211	880	2289	65174818	65176218	2294	0	966	+
chr8:26350655-26350982|ORR1E	chr16	86.433	1529	1769	164	1	1728	65691765	65693498	2328	0	1868	+
chr8:26263139-26263493|ORR1D2	chr16	81.926	970	1184	154	1205	2355	65792980	65794136	2355	0	946	-
chr8:25621649-25621971|ORR1E	chr16	80.882	605	748	89	259	986	66445403	66446116	2323	1.33e-150	540	+
chr8:24666377-24666484|ORR1E	chr16	78.571	1683	2142	345	1	2108	67374849	67376910	2108	0	1308	+
chr8:24430598-24430917|ORR1E	chr16	80.761	1941	2371	319	17	2320	67603059	67605373	2320	0	1799.3	+
chr8:22728771-22729119|ORR1D2	chr16	82.759	1176	1421	174	902	2281	69291810	69293200	2349	0	1201	+
chr8:22619866-22620218|ORR1E	chr16	80	688	860	106	1509	2353	69411355	69412163	2353	3.69e-161	575	+
chr8:22602253-22602542|ORR1D2	chr16	85.714	300	350	42	4	349	69429281	69429626	2290	3.05e-97	363	-
chr8:22414098-22414414|ORR1D2	chr16	83.436	811	972	133	1101	2055	69614798	69615758	2317	0	878	-
chr8:22079330-22079692|ORR1E	chr16	83.333	455	546	69	1827	2363	69932235	69932767	2363	6.43e-134	484	-
chr8:21830147-21830443|ORR1D2	chr16	86.535	1009	1166	129	177	1325	70254135	70255289	2297	0	1258	+
chr8:18858596-18858910|ORR1E	chr16	81.495	1079	1324	143	523	1835	70971345	70972577	2315	0	994	+
chr8:16427451-16427751|ORR1E	chr16	83.585	1161	1389	153	4	1362	73303154	73304497	2301	0	1232	+
chr8:11600370-11600685|ORR1E	chr16	80.856	680	841	126	355	1179	77896635	77897456	2316	2.75e-177	628	+
chr8:11337794-11338144|ORR1E	chr16	80.645	325	403	64	1950	2351	78158880	78159269	2351	2.49e-78	300	+
chr8:11116303-11116628|ORR1E	chr16	79.649	1135	1425	196	480	1837	78379436	78380833	2326	0	939	-
chr8:10925729-10925986|ORR1E	chr16	83.969	859	1023	96	1269	2258	78571201	78572188	2258	0	918	-
chr8:10872219-10872348|ORR1E	chr16	85.063	1139	1339	158	1	1310	78627043	78628368	2130	0	1327	-
chr8:10839199-10839283|ORR1D2	chr16	79.298	881	1111	156	1001	2085	78670239	78671301	2085	0	710	-
chr8:10820862-10820955|ORR1E	chr16	83.711	1773	2118	227	1	2094	78690904	78692927	2094	0	1892	-
chr8:10703718-10703981|ORR1D2	chr16	81.577	890	1091	128	212	1246	78812975	78814048	2264	0	833	-
chr8:8704678-8705007|ORR1D2	chr16	80.617	1647	2043	259	19	2027	80737325	80739264	2330	0	1452	-
chr8:7003206-7003477|ORR1E	chr16	85.061	558	656	80	1043	1686	82486356	82487005	2272	0	652	-
chr8:5784139-5784453|ORR1E	chr16	85.389	1163	1362	150	1	1335	83761875	83763214	2315	0	1367	-
chr13:64422216-64422554|ORR1E	chr17	82.481	1662	2015	224	171	2117	715816	717769	2339	0	1646	+
chr13:63476664-63476980|ORR1E	chr17	83.22	1349	1621	178	3	1563	1639582	1641168	2317	0	1400	-
chr13:63309111-63309421|ORR1E	chr17	76.591	710	927	106	1	875	1806122	1806989	2311	1.4e-110	407	-
chr13:61815661-61815733|ORR1D2	chr17	80.809	619	766	117	232	973	2273489	2274248	2073	1.17e-160	573	+
chr13:62645746-62645990|ORR1D2	chr17	78.091	581	744	139	86	817	2359554	2360285	2245	2.23e-123	449	+
chr13:62191742-62191920|ORR1D2	chr17	75.253	1040	1382	257	604	1931	2823509	2824859	2179	2.64e-162	579	-
chr13:61512116-61512361|ORR1D2	chr17	75.505	1196	1584	302	599	2156	3174556	3176079	2246	0	697	+
chr13:60944562-60944820|ORR1D2	chr17	81.284	886	1090	157	688	1764	3796193	3797248	2259	0	839	-
chr13:60683493-60683773|ORR1D2	chr17	83.244	929	1116	129	1193	2281	4012027	4013111	2281	0	972	-
chr13:60644666-60644967|ORR1E	chr17	82.73	1097	1326	162	991	2302	4048331	4049603	2302	0	1118	-
chr13:59745524-59745900|ORR1D2	chr17	77.735	1016	1307	176	1	1267	4929085	4930316	2377	0	695	+
chr13:57838674-57838948|ORR1E	chr17	80.85	1237	1530	171	836	2268	6807294	6808798	2275	0	1090	+
chr13:56765462-56765728|ORR1E	chr17	80.879	1214	1501	192	774	2258	7839333	7840754	2267	0	1094	-
chr13:52989060-52989417|ORR1E	chr17	84.669	613	724	70	1020	1740	12273288	12273973	2358	0	684	-
chr13:52646466-52646783|ORR1E	chr17	80.261	984	1226	168	1100	2286	12606829	12608019	2318	0	856	+
chr13:52578073-52578171|ORR1E	chr17	78.116	1842	2290	304	115	2099	12682459	12684353	2099	0	1533.3	+
chr13:52258482-52258813|ORR1E	chr17	80.421	879	1093	130	880	1920	12974803	12975863	2332	0	756	-
chr13:52114891-52115199|ORR1E	chr17	83.827	1218	1453	186	661	2085	13117943	13119374	2309	0	1336	-
chr13:52078661-52079007|ORR1E	chr17	79.951	1946	2434	357	9	2347	13151811	13154208	2347	0	1670	-
chr13:52071053-52071397|ORR1E	chr17	78.216	754	964	106	1380	2276	13159705	13160631	2345	4.87e-145	521	-
chr13:51248410-51248683|ORR1E	chr17	80.375	1200	1493	195	1	1460	13952415	13953842	2274	0	1044	-
chr13:51071323-51071543|ORR1E	chr17	88.2	583	661	59	1311	1963	14149177	14149826	2221	0	771	-
chr13:49267724-49268039|ORR1E	chr17	84.916	760	895	96	903	1789	15378917	15379780	2316	0	869	-
chr13:48936577-48936854|ORR1E	chr17	83.478	288	345	47	19	354	15717677	15718020	2278	3.1e-82	313	-
chr13:48845412-48845722|ORR1D2	chr17	87.193	1219	1467	163	5	1669	15807804	15809523	2311	1.27e-180	1194.15	+
chr13:47488632-47488897|ORR1E	chr17	81.744	1097	1342	161	1	1285	17183674	17184988	2266	0	1044	-
chr13:47178591-47178681|ORR1E	chr17	81.369	642	789	82	1	775	17502227	17502964	2091	1.96e-163	582	-
chr13:47174392-47174711|ORR1E	chr17	80.885	1206	1491	187	376	1783	17505971	17507446	2320	0	1085	-
chr13:46810181-46810554|ORR1E	chr17	86.617	699	807	87	1490	2284	17887585	17888382	2374	0	872	-
chr13:46651994-46652183|ORR1E	chr17	88.766	1221	1421	163	1	1401	18050925	18052356	2190	0	1408.85	+
chr13:46602749-46602904|ORR1E	chr17	80.978	745	920	125	1248	2133	18105861	18106764	2156	0	684	-
chr13:46397312-46397586|ORR1E	chr17	84.652	1230	1453	197	836	2274	18310954	18312394	2275	0	1424	-
chr13:46346207-46346567|ORR1E	chr17	82.812	1743	2117	265	90	2351	18353022	18355253	2361	0	1651.1	+
chr13:46256102-46256439|ORR1E	chr17	82.229	1402	1705	206	658	2329	18440329	18441969	2338	0	1380	-
chr13:46246751-46247057|ORR1E	chr17	80.881	1341	1658	225	14	1647	18449740	18451329	2307	0	1221	+
chr13:45935869-45936258|ORR1D2	chr17	81.197	963	1186	140	880	2020	18764233	18765380	2390	0	878	-
chr13:45748767-45749091|ORR1E	chr17	83.056	1598	1924	236	455	2325	18948966	18950852	2325	0	1664	-
chr13:45455658-45455958|ORR1E	chr17	78.228	927	1185	157	1139	2301	19244066	19245171	2301	0	665	+
chr13:45413807-45414144|ORR1E	chr17	80.929	819	1012	112	1038	2011	19284644	19285612	2338	0	725	+
chr13:45266271-45266653|ORR1E	chr17	79.892	1335	1671	203	783	2383	19430268	19431875	2383	0	1101	-
chr13:45040165-45040508|ORR1D2	chr17	78.488	1204	1534	217	470	1955	19652676	19654144	2344	0	900	-
chr13:44952283-44952619|ORR1D2	chr17	81.651	1157	1417	152	984	2322	19731369	19732755	2337	0	1077	-
chr13:44939744-44939978|ORR1E	chr17	79.293	314	396	47	880	1255	19746063	19746443	2235	1.12e-61	244	+
chr13:44538869-44539137|ORR1E	chr17	81.106	1305	1609	236	1	1567	20157689	20159271	2269	0	1225	-
chr13:44348164-44348477|ORR1E	chr17	82.702	1922	2324	323	6	2314	20342159	20344418	2314	0	1991	-
chr13:44305257-44305498|ORR1E	chr17	82.036	685	835	96	3	789	20387555	20388383	2242	0	662	-
chr13:43919808-43920115|ORR1E	chr17	83.67	456	545	56	5	524	20776730	20777266	2308	2.26e-133	483	-
chr13:43854886-43855260|ORR1E	chr17	82.674	1608	1945	276	269	2201	20836740	20838635	2375	0	1668	+
chr13:43514949-43515116|ORR1E	chr17	79.52	862	1084	147	161	1202	21185362	21186412	2168	0	702	+
chr13:43512751-43512977|ORR1E	chr17	82.899	509	614	97	612	1221	21188285	21188894	2227	2.74e-152	545	-
chr13:42911729-42912087|ORR1E	chr17	79.877	1564	1958	275	225	2146	21800291	21802165	2359	0	1323	-
chr13:42076979-42077343|ORR1D2	chr17	81.529	640	785	106	690	1462	22687787	22688544	2365	1.02e-171	610	+
chr13:41900252-41900572|ORR1E	chr17	83.841	1100	1312	153	9	1308	22851750	22853014	2321	0	1194	-
chr13:41758134-41758417|ORR1E	chr17	97.159	677	761	54	1	728	22999867	23000641	2284	9.9e-167	867.35	+
chr13:41624161-41624517|ORR1E	chr17	82.934	554	668	78	552	1210	23148053	23148693	2357	1.72e-159	569	+
chr13:41546556-41546850|ORR1E	chr17	81.51	1274	1563	203	205	1735	23228037	23229545	2295	0	1206	+
chr13:41433413-41433471|ORR1E	chr17	81.673	869	1064	153	4	1060	23343894	23344922	2059	0	846	-
chr3:91486629-91486931|ORR1D2	chr17	72.254	500	692	142	87	738	23382742	23383423	2303	7.17e-39	169	+
chr13:40979312-40979631|ORR1E	chr17	82.508	533	646	72	1494	2116	23776478	23777105	2320	2.88e-147	529	+
chr13:40946754-40946990|ORR1E	chr17	78.5	471	600	74	1004	1583	23807091	23807655	2237	3.88e-91	342	-
chr13:38546780-38547108|ORR1D2	chr17	86.463	709	831	103	3	900	26266627	26267441	2329	8.14e-138	798.95	+
chr13:38426882-38427206|ORR1E	chr17	85.347	332	389	51	1524	1912	26393358	26393740	2325	8.48e-108	398	+
chr13:37958979-37959275|ORR1D2	chr17	81.138	955	1177	172	257	1425	26867258	26868392	2297	0	898	+
chr13:37544706-37545041|ORR1E	chr17	85.213	1169	1361	144	880	2333	27290291	27291856	2336	0	1334.75	+
chr13:37337470-37337804|ORR1E	chr17	79.519	1817	2285	334	2	2223	27495764	27497977	2335	0	1504	+
chr13:37202666-37202957|ORR1D2	chr17	82.03	1899	2315	331	11	2291	27649595	27651858	2292	0	1892	-
chr13:37189592-37189869|ORR1E	chr17	79.517	823	1035	129	372	1376	27666040	27667021	2278	0	660	+
chr13:37114989-37115264|ORR1D2	chr17	86.036	955	1110	110	1204	2276	27750980	27752081	2276	0	1149	-
chr13:37006356-37006733|ORR1D2	chr17	84.203	1178	1399	164	4	1385	27852548	27853906	2378	0	1306	+
chr13:36766368-36766687|ORR1E	chr17	82.198	1967	2393	278	9	2320	28089772	28092097	2320	0	1923	-
chr13:36371136-36371456|ORR1D2	chr17	80.96	1552	1917	245	1	1868	28488685	28490530	2321	0	1408	-
chr13:36237897-36238212|ORR1E	chr17	83.543	731	875	101	1298	2144	28627097	28627956	2316	0	778	+
chr13:35805101-35805468|ORR1E	chr17	80.476	1352	1680	224	10	1636	29050110	29051738	2368	0	1190	+
chr13:35711593-35711970|ORR1D2	chr17	85.861	419	488	49	1	481	29150246	29150720	2378	6.43e-139	501	+
chr13:35171656-35172017|ORR1E	chr17	81.994	1143	1394	171	381	1735	29701491	29702843	2362	0	1110	+
chr13:32861737-32861978|ORR1E	chr17	81.757	1573	1924	253	21	1922	31574113	31575960	2242	0	1519	-
chr13:32592765-32593089|ORR1E	chr17	87.323	1419	1625	137	738	2322	31854438	31856033	2325	0	1796	-
chr13:32533643-32533937|ORR1D2	chr17	83.298	1187	1425	192	7	1419	31903472	31904862	2295	0	1271	-
chr13:32114405-32114731|ORR1E	chr17	84.22	475	564	80	1770	2327	32328218	32328778	2327	1.33e-150	540	-
chr13:32076889-32077111|ORR1E	chr17	80.185	955	1191	172	4	1159	32365138	32366299	2223	0	833	-
chr13:30972175-30972494|ORR1E	chr17	84.783	663	782	96	570	1340	33507768	33508537	2320	0	763	-
chr13:30636531-30636725|ORR1E	chr17	80.938	1295	1600	198	654	2195	33857179	33858729	2195	0	1166	-
chr13:30625583-30625903|ORR1D2	chr17	79.587	1153	1418	192	890	2293	33869258	33870858	2321	2.78e-172	1029.8	+
chr13:30538434-30538638|ORR1E	chr17	79.125	1103	1394	165	778	2143	33983825	33985120	2205	0	846	+
chr13:30193401-30193702|ORR1E	chr17	80.488	1436	1759	224	1	2271	34387631	34389758	2302	0	1298.65	+
chr13:30004851-30005168|ORR1E	chr17	80.992	1176	1452	180	15	1419	34581126	34582528	2318	0	1064	+
chr13:29903320-29903549|ORR1E	chr17	80.526	1071	1330	149	27	1298	34681197	34682474	2230	0	920	+
chr13:29792087-29792427|ORR1D2	chr17	83.511	1332	1595	183	767	2341	34779450	34780984	2341	0	1415	-
chr13:29744395-29744526|ORR1D2	chr17	87.884	544	619	63	27	636	34834286	34834901	2132	0	717	+
chr13:28627650-28628010|ORR1E	chr17	83.201	946	1137	134	674	1788	35988109	35989210	2361	0	989	+
chr13:28557078-28557435|ORR1E	chr17	82.675	1398	1661	174	355	2135	36065734	36067540	2358	0	1452.55	+
chr13:28112552-28112890|ORR1D2	chr17	85.011	743	874	101	1489	2336	36620055	36620924	2339	0	861	+
chr13:26791894-26792117|ORR1D2	chr17	81.978	1028	1254	183	6	1238	38191961	38193192	2224	0	1024	-
chr13:26665888-26666195|ORR1E	chr17	80.784	1896	2347	356	11	2308	38336373	38338673	2308	0	1748	+
chr13:26570409-26570601|ORR1E	chr17	81.224	796	980	140	1	959	38437971	38438927	2193	0	750	-
chr13:26532023-26532338|ORR1D2	chr17	82.366	738	896	125	207	1086	38468987	38469865	2316	0	749	-
chr13:26499007-26499344|ORR1E	chr17	85.423	1383	1619	194	618	2213	38495641	38497240	2338	0	1644	+
chr13:24715643-24715971|ORR1E	chr17	81.119	1941	2387	283	35	2327	40344843	40347132	2329	0	1697.65	+
chr13:24559945-24560312|ORR1E	chr17	79.986	1830	2250	275	46	2357	40499774	40502305	2368	0	1609.3	+
chr13:24005006-24005347|ORR1E	chr17	80.676	931	1154	164	1202	2342	41093808	41094915	2342	0	841	+
chr13:23910869-23910942|ORR1D2	chr17	79.645	493	619	83	10	616	41204520	41205107	2074	4.51e-110	405	+
chr13:23716321-23716488|ORR1D2	chr17	83.333	610	732	92	1098	1810	41404226	41404946	2168	0	649	-
chr13:21377645-21377970|ORR1D2	chr17	85.073	1514	1772	195	405	2326	43238273	43240020	2326	0	1695.75	+
chr13:18773299-18773607|ORR1E	chr17	84.15	1168	1388	150	975	2308	46171288	46172659	2309	0	1280	+
chr13:17755022-17755344|ORR1E	chr17	83.557	996	1192	136	315	1479	47303448	47304606	2323	0	1061	-
chr13:17551329-17551711|ORR1E	chr17	84.431	949	1124	136	860	1967	47558992	47560092	2383	0	1070	+
chr13:17549103-17549324|ORR1E	chr17	83.729	1621	1936	222	1	1900	47561236	47563114	2222	0	1744	+
chr13:17548505-17548830|ORR1D2	chr17	83.113	1196	1439	156	921	2325	47561729	47563114	2326	0	1230	-
chr13:17266975-17267290|ORR1D2	chr17	78.723	1036	1316	181	933	2176	47837258	47838546	2316	0	787	-
chr13:15206745-15207089|ORR1D2	chr17	83.104	1933	2326	296	78	2332	49954566	49956865	2345	0	2028	+
chr13:14459459-14459560|ORR1D2	chr17	87.149	1084	1230	112	256	1520	50751015	50752212	2102	0	1359.45	+
chr13:14423564-14423899|ORR1D2	chr17	83.576	2005	2399	242	1	2336	50780230	50782539	2336	0	2108	+
chr13:14345624-14345986|ORR1D2	chr17	82.599	375	454	61	683	1132	50881950	50882389	2363	6.71e-104	385	-
chr2:11924477-11924791|ORR1E	chr17	80.944	480	593	89	1699	2286	51404556	51405129	2315	8.27e-123	448	-
chr18:6199112-6199391|ORR1E	chr17	78.705	717	911	83	58	909	51529335	51530193	2280	4.76e-140	505	+
chr18:5127149-5127512|ORR1D2	chr17	81.229	1229	1513	217	299	1784	52640682	52642154	2364	0	1158	+
chr18:4931297-4931394|ORR1D2	chr17	84.752	428	505	66	1594	2093	52832089	52832587	2098	2.63e-137	496	-
chr18:4872983-4873320|ORR1D2	chr17	82.293	1622	1971	249	69	1980	52881218	52883147	2338	0	1615	+
chr18:4208344-4208618|ORR1E	chr17	84.9	804	947	112	1	935	53506970	53507897	2275	0	928	-
chr18:4202753-4203060|ORR1E	chr17	81.113	1894	2335	328	1	2307	53511226	53513475	2308	0	1764	+
chr18:6886924-6887229|ORR1E	chr17	83.505	1787	2140	261	2	2103	55039012	55041097	2306	0	1912	+
chr18:7216473-7216824|ORR1E	chr17	81.294	1580	1922	247	140	2352	55348066	55350084	2352	0	1487.7	+
chr18:7378546-7378731|ORR1E	chr17	87.921	757	861	69	1183	2020	55468731	55469579	2186	0	981	+
chr18:7638721-7639079|ORR1E	chr17	80.458	527	655	73	210	844	55716603	55717222	2359	2.34e-123	449	+
chr18:7649918-7650082|ORR1E	chr17	82.823	1784	2154	216	3	2081	55735500	55737574	2165	0	1786	-
chr18:7696337-7696671|ORR1E	chr17	81.904	1987	2426	277	1	2335	55751776	55754130	2335	0	1899	+
chr18:8121308-8121378|ORR1E	chr17	83.423	1087	1303	161	1	1259	56255535	56256826	2071	0	1158	+
chr18:8479129-8479459|ORR1E	chr17	78.255	1112	1421	164	592	1920	56563789	56565156	2331	0	778	-
chr13:12356039-12356391|ORR1E	chr17	82.759	1181	1413	151	610	2013	58126139	58127507	2353	0	1187.5	+
chr13:12058622-12058939|ORR1E	chr17	79.916	1894	2370	350	24	2314	58436993	58439315	2318	0	1624	-
chr13:11998360-11998614|ORR1E	chr17	82.461	1434	1739	209	537	2255	58505123	58506785	2255	0	1434	-
chr13:11958905-11959223|ORR1E	chr17	82.535	1947	2359	311	1	2312	58548703	58551007	2319	0	1980	-
chr13:11215625-11215964|ORR1E	chr17	82.086	1283	1563	204	1	1513	59286033	59287569	2340	0	1266	-
chr13:10754292-10754379|ORR1E	chr17	81.476	519	637	100	645	1268	59640130	59640761	2088	1.21e-140	507	-
chr13:10714034-10714367|ORR1E	chr17	81.939	1733	2115	317	249	2334	59684534	59686612	2334	0	1729	+
chr13:10419747-10420044|ORR1E	chr17	83.478	1157	1386	155	1	1368	59944221	59945550	2298	0	1223	-
chr13:10070891-10071154|ORR1E	chr17	80.071	679	848	102	1001	1833	60274546	60275341	2264	5.95e-159	568	-
chr13:9599417-9599777|ORR1E	chr17	82.686	1170	1415	141	983	2361	60718106	60719452	2361	0	1160	-
chr13:9203453-9203800|ORR1D2	chr17	81.722	1234	1510	200	12	1484	61104636	61106106	2348	0	1190	-
chr13:9180320-9180588|ORR1E	chr17	79.152	1363	1722	234	629	2269	61128850	61130527	2269	0	1075	-
chr13:8644038-8644324|ORR1E	chr17	82.378	589	715	108	589	1295	61860580	61861284	2287	1.27e-170	606	-
chr13:8603205-8603465|ORR1E	chr17	89.665	642	716	65	1552	2261	61898297	61899009	2261	0	904	-
chr13:8162844-8163223|ORR1E	chr17	83.865	473	564	74	1259	1819	62324594	62325143	2380	4.94e-145	521	+
chr13:7103400-7103662|ORR1E	chr17	80.603	1363	1691	212	1	1633	63307857	63309489	2263	0	1199	-
chr13:6624602-6624954|ORR1E	chr17	84.449	782	926	106	1045	1959	63753793	63754691	2353	0	878	-
chr13:6585959-6586295|ORR1E	chr17	80.236	613	764	113	1069	1816	63788998	63789739	2337	1.34e-150	540	-
chr1:146113448-146113678|ORR1E	chr17	78.237	284	363	64	416	767	63829816	63830174	2231	6.8e-54	219	-
chr13:6487864-6488172|ORR1E	chr17	79.942	1108	1386	174	950	2245	63891333	63892704	2309	0	924	-
chr13:6256994-6257126|ORR1E	chr17	86.88	298	343	44	553	894	64139680	64140022	2133	2.18e-103	383	+
chr13:6119743-6120088|ORR1D2	chr17	80.026	621	776	110	3	757	64275385	64276136	2346	2.25e-148	532	-
chr13:6102948-6103268|ORR1E	chr17	85.479	624	730	78	104	809	64299323	64300048	2321	0	736	+
chr13:6076847-6077236|ORR1E	chr17	83.854	1469	1757	209	423	2390	64319670	64321383	2390	0	1498.15	+
chr13:5956153-5956506|ORR1E	chr17	84.22	1852	2199	284	1	2175	64447223	64449382	2354	0	2080	+
chr13:5938050-5938365|ORR1D2	chr17	82.874	1292	1559	199	1	1508	64466574	64468115	2316	0	1338	-
chr13:5880732-5881092|ORR1D2	chr17	82.511	1288	1561	219	827	2361	64528420	64529952	2361	0	1321	+
chr13:4862541-4862883|ORR1E	chr17	81.314	1349	1659	249	1	1607	65504216	65505865	2343	0	1290	-
chr11:40870724-40871075|ORR1E	chr3	81.647	347	425	57	1753	2159	116593136	116593557	2352	2.45e-88	333	-
chr13:3725620-3725862|ORR1E	chr17	82.629	1670	2031	263	105	2150	66498879	66500896	2243	0	1577.95	+
chr2:11664343-11664678|ORR1E	chr17	84.624	732	865	95	103	941	66874273	66875125	2336	0	826	+
chr2:11216430-11216725|ORR1E	chr17	82.918	1330	1604	224	1	1579	67333303	67334881	2296	0	1399	-
chr2:11016382-11016749|ORR1E	chr17	83.09	909	1094	136	2	1073	67531047	67532113	2368	0	950	+
chr2:10311798-10312188|ORR1D2	chr17	84.552	1226	1450	140	920	2340	68191780	68193174	2391	0	1360	-
chr2:8313513-8313791|ORR1E	chr17	84.5	1799	2129	243	199	2279	70145900	70147989	2279	0	2023	+
chr2:7090748-7090921|ORR1E	chr17	81.162	1271	1566	206	645	2146	71199642	71201182	2174	0	1175	-
chr2:7026373-7026692|ORR1D2	chr17	82.455	1941	2354	295	1	2306	71270139	71272422	2320	0	1951	+
chr2:6179839-6180141|ORR1E	chr17	83.694	580	693	97	76	759	72102455	72103140	2303	1.26e-180	640	-
chr2:5625458-5625788|ORR1E	chr17	82.522	1983	2403	299	1	2330	72665654	72668008	2331	0	1999	+
chr2:5515796-5516116|ORR1E	chr17	86.424	853	987	104	1345	2321	72770356	72771322	2321	0	1053	+
chr2:5367048-5367260|ORR1E	chr17	81.563	814	998	124	14	993	72914626	72915581	2213	0	769	-
chr2:4593439-4593862|ORR1D2	chr17	84.598	769	909	83	1	879	73687086	73687967	2424	0	850	+
chr2:4391502-4391861|ORR1E	chr17	81.423	1158	1406	205	1	1945	73885197	73887186	2360	0	1123.85	+
chr2:3185330-3185586|ORR1E	chr17	82.143	897	1092	140	14	1068	75071512	75072585	2257	0	885	+
chr2:3123639-3124008|ORR1E	chr17	80.065	1225	1530	228	872	2359	75138786	75140280	2370	0	1064	+
chr2:3107967-3108244|ORR1E	chr17	80.066	727	908	111	1417	2278	75155022	75155905	2278	9.8e-172	610	-
chr2:12536210-12536542|ORR1E	chr17	83.333	1520	1824	225	532	2330	75721641	75723410	2333	0	1611	+
chr2:12768601-12768913|ORR1E	chr17	81.176	1919	2364	298	23	2313	75886060	75888349	2313	0	1764	-
chr2:13192099-13192447|ORR1E	chr17	80.645	575	713	113	1618	2320	76296526	76297223	2349	2.91e-147	529	-
chr2:13229603-13229898|ORR1E	chr17	81.1	1931	2381	304	1	2296	76333297	76335616	2296	0	1770	+
chr2:13495808-13496133|ORR1D2	chr17	79.098	579	732	98	655	1349	76597020	76597733	2326	1.79e-124	453	-
chr2:13879705-13880045|ORR1E	chr17	81.084	1616	1993	252	5	1947	76954502	76956419	2341	0	1476	-
chr2:14249697-14249888|ORR1E	chr17	82.294	409	497	77	1677	2169	77266692	77267181	2192	1.7e-114	420	-
chr2:14249959-14250126|ORR1E	chr17	78.267	569	727	107	117	807	77267285	77267996	2168	1.69e-114	420	-
chr2:14770632-14770943|ORR1E	chr17	83.361	1979	2374	269	1	2310	77721941	77724252	2312	0	2080	-
chr2:14851436-14851802|ORR1E	chr17	81.572	872	1069	140	374	1405	77791259	77792307	2367	0	830	+
chr2:16916688-16917016|ORR1E	chr17	82.346	751	912	125	1072	1952	79739302	79740208	2329	0	760	-
chr2:17204930-17205218|ORR1E	chr17	80.352	822	1023	113	600	1569	79983102	79984089	2289	0	695	-
chr2:17350146-17350477|ORR1D2	chr17	84.986	953	1121	135	791	1894	80120147	80121293	2332	0	1053.55	+
chr2:17365174-17365490|ORR1E	chr17	81.489	1822	2232	289	3	2254	80133087	80135248	2317	0	1652.05	+
chr2:18962615-18962823|ORR1E	chr17	74.954	404	539	64	739	1245	81630228	81630727	2209	8.83e-43	182	-
chr2:18982597-18982845|ORR1E	chr17	81.18	798	983	114	1286	2249	81652823	81653753	2249	0	725	+
chr2:19059233-19059593|ORR1D2	chr17	78.786	1051	1334	203	1	1305	81721245	81722527	2361	0	822	-
chr2:20172172-20172504|ORR1D2	chr17	83.145	1031	1240	159	53	1282	82708153	82709352	2333	0	1086	-
chr2:20944981-20945321|ORR1D2	chr17	80.532	1868	2323	293	2	2302	83449564	83451938	2341	0	1538.05	+
chr2:22826224-22826557|ORR1D2	chr17	80.837	966	1195	161	456	1624	84990574	84991726	2334	0	876	-
chr13:12561955-12562085|ORR1E	chr17	79.157	676	854	109	510	1333	85953231	85954045	2131	9.49e-147	527	+
chr13:13483156-13483495|ORR1D2	chr17	85.101	1565	1839	191	522	2340	86126480	86128255	2340	0	1801	-
chr13:13583006-13583322|ORR1E	chr17	84.202	1988	2361	246	5	2300	86228624	86230922	2317	0	2176	-
chr18:11157291-11157493|ORR1E	chr18	82.599	712	862	100	1	828	2289174	2290019	2203	0	715	+
chr18:11217042-11217262|ORR1E	chr18	80.797	446	552	83	2	532	2331715	2332264	2221	1.04e-111	411	-
chr18:11230992-11231278|ORR1E	chr18	80.862	976	1207	142	393	1588	2343622	2344750	2287	0	867	-
chr18:11948281-11948614|ORR1E	chr18	79.624	973	1222	132	933	2113	3184072	3185217	2334	0	769	+
chr18:13123244-13123584|ORR1E	chr18	81.538	1007	1235	137	693	1868	4268456	4269658	2341	0	933	+
chr18:13572805-13573104|ORR1E	chr18	87.037	1778	2110	255	1	2102	4676660	4678741	2300	0	1886.7	+
chr18:13680909-13681254|ORR1D2	chr18	83.381	1736	2082	278	1	2062	4779140	4781173	2346	0	1866	+
chr18:13910942-13911312|ORR1E	chr18	81.759	1786	2184	269	217	2371	5010461	5012654	2371	0	1623.55	+
chr18:14568155-14568281|ORR1E	chr18	83.972	1074	1279	127	137	1365	5717269	5718519	2127	0	1155	-
chr18:14603288-14603654|ORR1D2	chr18	87.37	671	768	74	1	752	5746917	5747677	2367	0	859	+
chr18:15144822-15145171|ORR1E	chr18	76.822	1730	2229	317	1	2318	6308890	6311110	2350	0	1125.75	+
chr18:15348873-15349091|ORR1E	chr18	78.152	719	920	122	1306	2178	6485482	6486369	2219	2.77e-142	512	-
chr18:15439683-15439769|ORR1E	chr18	84.738	372	439	57	1216	1647	6557951	6558386	2087	7.49e-118	431	-
chr18:15660785-15661101|ORR1E	chr18	82.328	969	1177	138	1	1142	6778187	6779328	2317	0	957	-
chr18:17530536-17530839|ORR1E	chr18	84.839	1108	1306	162	914	2211	8753749	8755026	2304	0	1282	+
chr18:18237863-18238177|ORR1E	chr18	79.929	1127	1410	218	5	1397	9537576	9538937	2315	0	976	-
chr18:19171169-19171504|ORR1D2	chr18	79.791	762	955	151	4	938	10608831	10609763	2336	0	656	+
chr5:27131986-27132343|ORR1D2	chr4	79.875	1659	2077	280	1	2026	8174114	8176103	2358	0	1393	-
chr18:20789650-20789885|ORR1E	chr18	78.803	632	802	111	1460	2227	12072202	12072978	2236	6.08e-134	484	-
chr18:20869444-20869781|ORR1E	chr18	83.855	771	887	83	1324	2330	12154358	12155357	2338	2.82e-167	916.75	+
chr18:21144241-21144388|ORR1E	chr18	85.276	1113	1298	113	864	2145	12439770	12440984	2148	0	1241.65	+
chr18:23093981-23094275|ORR1E	chr18	84.276	954	1132	140	1194	2295	14352821	14353944	2295	0	1070	-
chr12:63737625-63737787|ORR1E	chr6	78.042	1148	1471	243	723	2163	81720286	81721706	2163	0	854	+
chr18:23913457-23913774|ORR1D2	chr18	82.692	670	789	77	1	779	15204389	15205230	2318	2.96e-127	722	+
chr18:24052135-24052493|ORR1E	chr18	80.391	1193	1484	184	245	1658	15330387	15331833	2359	0	1029	-
chr18:24105375-24105535|ORR1E	chr18	88.415	1562	1831	211	356	2161	15378738	15380611	2161	0	1745.15	+
chr18:24185672-24186036|ORR1E	chr18	83.238	1498	1795	211	582	2365	15467059	15468780	2365	0	1511.45	+
chr18:24629960-24630262|ORR1D2	chr18	77.306	637	824	130	62	852	15912839	15913638	2303	2.3e-118	433	-
chr18:24736451-24736772|ORR1E	chr18	82.487	1625	1970	272	30	1966	16017544	16019473	2322	0	1659	+
chr18:25795530-25795831|ORR1E	chr18	84.59	1806	2135	242	19	2108	17106092	17108184	2302	0	2039	-
chr18:26863971-26864340|ORR1D2	chr18	88.145	922	1046	120	1327	2370	18172944	18173987	2370	0	1242	-
chr18:29674681-29675025|ORR1E	chr18	82.759	1949	2349	318	1	2345	21210899	21213200	2345	0	1942.75	+
chr18:30406938-30407172|ORR1E	chr18	87.03	671	771	76	1486	2235	21988932	21989699	2235	0	848	-
chr18:31713117-31713179|ORR1E	chr18	77.194	1205	1561	220	559	2063	23338227	23339707	2063	0	785	-
chr18:32170537-32170859|ORR1D2	chr18	83.415	1551	1889	201	1	2044	23813901	23815870	2323	0	1415.5	+
chr18:32212684-32212813|ORR1D2	chr18	80.257	813	1013	115	502	1505	23857746	23858682	2130	0	684	-
chr18:34678333-34678661|ORR1E	chr18	81.671	1769	2166	204	3	2047	26285372	26287465	2329	0	1622	-
chr18:35532295-35532611|ORR1E	chr18	85.285	1646	1930	181	449	2317	27130217	27132104	2317	0	1895	-
chr18:37605326-37605612|ORR1E	chr18	82.624	1688	2043	264	47	2046	29413717	29415711	2287	0	1722	-
chr18:38372148-38372478|ORR1E	chr18	84.373	1123	1331	163	1	1314	30207299	30208601	2331	0	1264	+
chr18:38888223-38888540|ORR1E	chr18	84.303	1839	2232	274	1	2317	30731330	30733464	2318	0	1743.25	+
chr18:38911266-38911553|ORR1E	chr18	87.102	1475	1764	180	572	2250	30754731	30756512	2288	0	1478.2	+
chr18:43404007-43404373|ORR1D2	chr18	84.088	724	861	115	1	857	35446350	35447192	2367	0	811	+
chr1:38069572-38069912|ORR1D2	chr9	77.641	757	975	168	511	1458	40289675	40290626	2341	8.01e-153	547	+
chr18:44386940-44387180|ORR1D2	chr18	77.463	983	1269	176	379	1620	36754197	36755382	2241	0	658	-
chr18:44876959-44877309|ORR1E	chr18	82.168	1069	1301	161	1	1275	37317574	37318829	2351	0	1051	-
chr18:46181414-46181732|ORR1E	chr18	84.769	551	650	78	20	665	38882931	38883563	2319	2.13e-178	632	-
chr18:46422832-46423161|ORR1E	chr18	81.684	1213	1485	171	814	2276	39155642	39157047	2330	0	1142	-
chr18:46554226-46554450|ORR1D2	chr18	81.559	973	1193	153	1	1162	39290662	39291818	2225	0	922	-
chr18:50151940-50152154|ORR1E	chr18	80.488	759	943	107	563	1485	43361712	43362597	2215	0	651	+
chr18:51373792-51374163|ORR1E	chr18	80.991	1291	1594	226	819	2372	44723409	44724965	2372	0	1194	-
chr18:52134202-52134545|ORR1D2	chr18	83.707	411	491	63	4	494	45571432	45571905	2344	8.37e-123	448	+
chr18:52484751-52485001|ORR1E	chr18	86.207	700	812	72	12	796	45936157	45936955	2251	0	843	-
chr18:52566912-52567374|ORR1D2	chr18	80.878	774	957	123	951	1873	46001983	46002913	2463	0	699	-
chr18:52668245-52668613|ORR1D2	chr18	83.499	926	1109	127	1276	2369	46103173	46104240	2369	0	983	+
chr18:52669007-52669315|ORR1E	chr18	83.537	959	1148	130	665	1796	46103173	46104277	2309	0	1018	-
chr18:53136428-53136738|ORR1E	chr18	80.538	1378	1711	255	1	1665	46557111	46558789	2311	0	1243	+
chr18:53311999-53312251|ORR1D2	chr18	88.152	930	1055	103	1209	2253	46743628	46744670	2253	0	1236	+
chrX:151028300-151028563|ORR1E	chrX	86.458	664	768	75	743	1502	20008901	20009647	2264	0	815	-
chr18:53730409-53730587|ORR1D2	chr18	77.825	1274	1637	219	637	2179	47175703	47177289	2179	0	880	+
chr18:53771357-53771767|ORR1D2	chr18	82.838	1822	2211	265	7	2180	47217530	47219621	2411	0	1724.25	+
chr18:54936814-54937165|ORR1E	chr18	82.239	1190	1447	193	1	1427	48355084	48356486	2352	0	1190	-
chr18:55037809-55038159|ORR1E	chr18	83.268	428	514	71	1800	2300	48459248	48459759	2351	3.88e-126	459	+
chr18:55286134-55286463|ORR1D2	chr18	83.515	1944	2346	302	1	2327	48712392	48714742	2330	0	1913.3	+
chr18:55344090-55344225|ORR1E	chr18	88.38	1750	2012	212	193	2136	48765595	48767608	2136	0	2107.1	+
chr18:55565847-55566199|ORR1D2	chr18	82.016	1544	1853	248	424	2353	48984911	48986796	2353	0	1571.3	+
chr18:55687278-55687718|ORR1D2	chr18	80	928	1160	163	1307	2438	49098707	49099825	2441	0	793	+
chr18:57352414-57352731|ORR1E	chr18	81.253	1595	1963	219	431	2318	50809680	50811568	2318	0	1448	+
chr18:57725152-57725472|ORR1E	chr18	79.368	1431	1803	251	15	1756	51195230	51196972	2321	0	1157	-
chr18:59168901-59169122|ORR1D2	chr18	79.142	922	1165	174	750	1885	52636433	52637557	2222	0	741	-
chr18:59234514-59234799|ORR1E	chr18	83.992	1344	1627	212	123	2286	52704588	52706587	2286	0	1303.4	+
chr18:60121391-60121744|ORR1D2	chr18	84.466	696	824	101	1484	2303	53616517	53617317	2354	0	787	-
chr18:60515471-60515798|ORR1D2	chr18	80.516	1405	1745	222	618	2328	53969823	53971483	2328	0	1230	-
chr18:62186356-62186662|ORR1D2	chr18	82.811	1691	2042	268	188	2190	55650039	55652036	2307	0	1749	-
chr18:62726578-62726819|ORR1E	chr18	84.335	393	466	55	1123	1583	56193472	56193924	2242	1.34e-120	440	-
chrX:145960045-145960392|ORR1D2	chrX	81.679	1868	2287	277	1	2206	109483597	109485822	2348	0	1772	+
chr18:64414870-64415228|ORR1E	chr18	78.899	1376	1744	205	5	1672	57908274	57909930	2359	0	1031	-
chr18:64569404-64569740|ORR1E	chr18	82.07	563	686	89	608	1265	58062665	58063344	2337	4.78e-155	555	+
chr18:66138920-66139305|ORR1D2	chr18	82.434	657	797	101	1618	2383	59665375	59666163	2386	0	660	-
chr18:66223076-66223361|ORR1E	chr18	81.584	1329	1629	227	284	1875	59747931	59749523	2286	0	1279	+
chr18:67249104-67249491|ORR1E	chr18	86.48	909	1086	129	4	2388	60783940	60786289	2388	1.78e-144	931	+
chr18:67249811-67250177|ORR1D2	chr18	82.37	584	709	88	635	1343	60785670	60786341	2367	2.22e-163	582	-
chr18:67334982-67335248|ORR1E	chr18	81.111	438	540	81	1741	2267	60884507	60885038	2267	2.95e-112	412	-
chr18:67426955-67427138|ORR1D2	chr18	88.338	1009	1186	121	1	1200	60977381	60978594	2184	0	1099.15	+
chr18:67573762-67574022|ORR1E	chr18	82.649	1395	1702	210	164	2258	61132974	61135147	2261	0	1285.35	+
chr18:67873461-67873775|ORR1E	chr18	78.674	819	1041	115	577	1531	61447259	61448278	2315	1e-166	593	-
chr18:67966485-67966853|ORR1E	chr18	82.197	1182	1438	174	8	1413	61549601	61550988	2369	0	1162	-
chr18:67966992-67967181|ORR1D2	chr18	82.528	1469	1780	216	1	1741	61549601	61551324	2190	0	1476	-
chr18:67967181-67967405|ORR1E	chr18	82.728	1662	2009	238	1	1965	61549601	61551544	2225	0	1687	-
chr18:68245318-68245608|ORR1E	chr18	79.238	1706	2153	274	2	2095	61826174	61828212	2291	0	1339	+
chr18:68897795-68898117|ORR1E	chr18	80.724	892	1105	150	615	1691	62489547	62490616	2323	0	802	+
chr18:68935569-68935910|ORR1E	chr18	78.358	1890	2412	367	1	2339	62526932	62529261	2342	0	1419	+
chr18:68951929-68952145|ORR1E	chr18	80.445	1411	1754	255	410	2119	62543617	62545326	2217	0	1258	-
chr18:69019939-69020284|ORR1E	chr18	80.774	1941	2403	357	1	2346	62608961	62611315	2346	0	1781	+
chr18:69300350-69300560|ORR1E	chr18	77.883	1810	2324	335	1	2211	62889087	62891344	2211	0	1279	-
chr18:69936731-69937045|ORR1E	chr18	81.076	814	1004	134	958	1937	63552345	63553316	2315	0	750	-
chr18:70539080-70539425|ORR1E	chr18	82.182	904	1100	153	429	1512	64142156	64143228	2346	0	905	+
chr18:70911112-70911195|ORR1E	chr18	82.098	908	1106	145	1	1092	64538910	64539976	2084	0	896	-
chr18:73709585-73709940|ORR1D2	chr18	82.93	1066	1265	146	971	2193	67294451	67295802	2356	0	1125.75	+
chr18:73935371-73935713|ORR1E	chr18	80.353	1456	1812	192	1	1734	67521558	67523283	2343	0	1223	+
chr3:109216381-109216693|ORR1E	chr2	83.856	1418	1691	210	570	2224	196863749	196865412	2313	0	1552	-
chr18:75682132-75682379|ORR1E	chr18	84.506	1249	1478	156	1	1440	69311549	69312991	2248	0	1393	-
chr18:76021513-76021853|ORR1D2	chr18	82.425	469	569	76	911	1463	69639033	69639593	2341	3.83e-131	475	+
chr18:77008639-77008972|ORR1E	chr18	81.103	1694	2120	275	1	2040	70563382	70565534	2334	0	1345.2	+
chr18:77127204-77127268|ORR1E	chr18	83.234	1256	1509	188	537	2010	70676861	70678339	2065	0	1325	-
chr18:77157934-77158231|ORR1E	chr18	79.563	728	915	121	943	1833	70706442	70707314	2298	9.96e-167	593	-
chr18:77319452-77319709|ORR1D2	chr18	80.112	1865	2328	303	1	2253	70850156	70852398	2258	0	1587	+
chr18:78285221-78285571|ORR1E	chr18	84.086	1844	2193	286	185	2351	71750890	71753045	2351	0	2058	-
chr18:79263139-79263460|ORR1E	chr18	80.929	1778	2197	313	170	2316	72730004	72732144	2322	0	1639	+
chr18:81429899-81430198|ORR1D2	chr18	82.083	394	480	67	461	928	74883062	74883534	2300	3.9e-106	392	+
chr18:81863875-81864169|ORR1E	chr18	78.882	1214	1539	233	3	1476	75326650	75328161	2295	0	957	+
chr18:82002018-82002358|ORR1E	chr18	80.887	711	879	127	1148	2001	75466796	75467658	2341	0	654	+
chr18:82716796-82717188|ORR1E	chr18	80.604	881	1093	138	1331	2391	76084806	76085856	2393	0	776	+
chr18:82834733-82835118|ORR1E	chr18	80.366	835	1039	124	164	1174	76219588	76220574	2386	0	715	-
chr18:82856524-82856888|ORR1E	chr18	83.154	1935	2327	239	1	2231	76243490	76245759	2365	0	1984	+
chr18:83843046-83843386|ORR1D2	chr18	80.655	1305	1618	207	155	1705	77205182	77206760	2341	0	1157	-
chr18:83853821-83854129|ORR1E	chr18	77.955	1853	2377	351	1	2287	77213036	77215329	2309	0	1327	-
chr18:83999733-83999950|ORR1E	chr18	84.13	493	586	67	70	650	77365088	77365652	2218	9.81e-152	544	-
chr18:84287007-84287335|ORR1E	chr18	78.373	1190	1493	195	704	2278	77657020	77658794	2329	0	931	+
chr18:85330657-85330866|ORR1E	chr18	83.472	1500	1797	240	2	1769	78692220	78693988	2210	0	1620	-
chr18:85812676-85812963|ORR1E	chr18	83.333	810	972	138	39	1003	79166559	79167513	2288	0	876	+
chr18:87358202-87358457|ORR1D2	chr18	78.706	1253	1592	204	716	2256	80526524	80528031	2256	0	937	+
chr18:88824636-88824841|ORR1D2	chr18	83.291	658	790	93	641	1414	82069401	82070167	2206	0	691	-
chr18:88854221-88854576|ORR1D2	chr18	83.877	1930	2301	301	1	2259	82094564	82096836	2356	0	2130	+
chr18:88910239-88910603|ORR1E	chr18	83.943	1537	1831	198	379	2158	82155146	82156931	2365	0	1664	+
chr18:89126418-89126784|ORR1E	chr18	82.158	1980	2410	284	5	2364	82392623	82394936	2367	0	1934	-
chr18:89221797-89222159|ORR1E	chr18	81.011	1058	1306	155	770	2026	82482701	82483962	2363	0	952	-
chr18:89724853-89725125|ORR1E	chr18	84.111	1641	1951	234	185	2101	82970948	82972856	2273	0	1816	+
chr3:35824844-35825097|ORR1D2	chr2	81.034	1128	1392	172	899	2252	118654087	118655424	2254	0	1024	-
chr8:103979026-103979310|ORR1D2	chr19	83.702	1515	1810	224	512	2285	968808	970582	2285	0	1642	-
chr8:103867414-103867668|ORR1D2	chr19	82.377	617	749	100	756	1475	1084024	1084769	2255	1.25e-175	623	+
chr8:104799094-104799416|ORR1D2	chr19	81.134	916	1129	161	1	1100	1147758	1148863	2323	0	857	-
chr8:94224479-94224725|ORR1E	chr19	80.028	1154	1442	161	140	1538	10775031	10776388	2247	0	950	+
chr8:73099567-73099897|ORR1E	chr19	80.968	1438	1776	229	195	1922	11810595	11812309	2331	0	1306	+
chr8:73519749-73520069|ORR1D2	chr19	85.983	914	1063	122	313	1353	12160380	12161437	2321	0	1112	-
chr8:74212325-74212681|ORR1E	chr19	85.372	321	376	45	1391	1764	12653501	12653868	2357	8.66e-103	381	-
chr8:74220752-74221055|ORR1D2	chr19	83.793	760	907	116	1399	2295	12659033	12659918	2304	0	832	-
chr18:6285940-6286190|ORR1E	chr19	80.415	271	337	47	1555	1881	13444118	13444445	2251	5.26e-60	239	-
chr8:91501570-91501739|ORR1D2	chr19	80.299	1721	2172	275	39	2170	15515558	15517699	2170	0	1283.45	+
chr8:91154552-91154863|ORR1E	chr19	79.494	314	395	64	1165	1553	15848974	15849357	2312	8.92e-68	265	+
chr4:120692802-120693143|ORR1E	chr5	81.194	993	1223	154	642	1850	134271460	134272620	2342	0	915	+
chr8:90822457-90822550|ORR1E	chr19	80.807	661	818	105	729	1534	16170134	16170911	2094	9.06e-167	593	-
chr8:90143683-90143962|ORR1E	chr19	81.256	841	1035	142	1282	2280	16949796	16950814	2280	0	789	+
chr8:89460482-89460772|ORR1E	chr19	83.284	1131	1358	155	979	2291	17574376	17575706	2291	0	1184	+
chr8:89295218-89295356|ORR1D2	chr19	83.075	1679	2045	257	1	2134	17750586	17752762	2139	0	1566.55	+
chr8:88783785-88784138|ORR1D2	chr19	77.044	1225	1590	211	397	1919	18278464	18279966	2354	0	773	-
chr8:88618959-88619209|ORR1D2	chr19	79.048	1777	2248	312	2	2161	18451875	18454051	2251	0	1395	-
chr8:88544770-88544996|ORR1E	chr19	78.884	990	1255	151	3	1232	18522650	18523815	2227	0	745	+
chr8:86598721-86599102|ORR1E	chr19	82.206	1483	1804	272	2	1767	20524450	20526242	2382	0	1507	-
chr8:86162704-86162830|ORR1E	chr19	82.581	384	465	61	545	1003	20941808	20942258	2127	3.6e-106	392	+
chr8:85531532-85531837|ORR1D2	chr19	83.638	1053	1259	126	2	1224	21520827	21522041	2306	0	1110	+
chr8:85408304-85408613|ORR1D2	chr19	90.618	821	906	59	1410	2304	21653107	21653997	2310	0	1179	-
chr8:85115347-85115695|ORR1D2	chr19	83.642	496	593	77	732	1310	23023240	23023826	2349	1.35e-150	540	+
chr10:85327663-85327981|ORR1E	chr7	87.258	541	620	65	1416	2021	18384848	18385467	2319	0	695	-
chr8:84297839-84297940|ORR1E	chr19	84.579	1021	1197	136	1	1206	23861817	23863042	2102	0	1140	+
chr8:82914579-82914904|ORR1E	chr19	81.136	1785	2200	291	192	2326	25170906	25173046	2326	0	1650	-
chr8:82874161-82874506|ORR1D2	chr19	77.301	882	1141	143	1265	2346	25214253	25215336	2346	2.22e-158	566	-
chr8:82410145-82410504|ORR1E	chr19	83.613	1546	1849	219	540	2360	25632394	25634186	2360	0	1659	-
chr8:81594190-81594313|ORR1E	chr19	80.02	785	981	125	1175	2122	26410899	26411841	2124	0	660	+
chr8:80975708-80976044|ORR1E	chr19	83.033	553	666	89	687	1343	27040000	27040650	2337	2.19e-163	582	-
chr8:80970128-80970234|ORR1D2	chr19	80.062	1285	1605	192	1	1528	27044362	27045915	2107	0	1074	+
chr8:80916453-80916792|ORR1E	chr19	81.409	1736	2120	223	177	2340	27099989	27102006	2340	0	1558	+
chr8:79649591-79649881|ORR1E	chr19	81.485	867	1064	123	1075	2100	28267607	28268634	2291	0	806	+
chr8:79613028-79613317|ORR1D2	chr19	82.848	1024	1236	166	1081	2290	28295196	28296411	2290	0	1066	+
chr8:79161544-79161887|ORR1D2	chr19	78.255	1184	1513	191	1	1486	28750691	28752092	2344	0	845	-
chr8:78630275-78630482|ORR1E	chr19	85.911	1353	1642	196	76	1785	29288068	29289748	2208	0	1278.7	+
chr8:78622335-78622613|ORR1D2	chr19	80.484	1163	1445	184	1	1388	29294691	29296094	2279	0	1016	+
chr8:78542543-78542795|ORR1D2	chr19	79.694	730	916	112	1269	2143	29374708	29375590	2253	9.76e-167	593	+
chr8:77895308-77895659|ORR1E	chr19	84.066	1013	1205	138	902	2074	30058833	30060015	2352	0	1112	-
chr8:77279553-77279874|ORR1E	chr19	82.828	984	1188	130	1162	2321	30677836	30678977	2322	0	996	-
chr8:76623380-76623729|ORR1E	chr19	78.312	1058	1351	198	1	1309	31330295	31331592	2350	0	784	-
chr8:105481604-105481927|ORR1D2	chr19	77.638	1545	1990	258	1	1867	33359005	33360930	2324	0	1037	+
chr8:105499851-105500193|ORR1D2	chr19	82.061	1688	2057	248	7	2013	33378144	33380129	2343	0	1642	-
chr8:106232745-106233101|ORR1D2	chr19	81.931	925	1129	126	2	1098	34139515	34140597	2357	0	883	-
chr8:106415963-106416043|ORR1D2	chr19	85.64	1646	1922	200	182	2069	34321801	34323680	2081	0	1951	+
chr8:107578234-107578481|ORR1D2	chr19	79.69	616	773	113	26	777	35492716	35493465	2248	6.03e-144	518	-
chr8:108206061-108206412|ORR1E	chr19	82.993	1220	1470	192	907	2346	36142489	36143930	2352	0	1277	+
chr8:109019536-109019899|ORR1D2	chr19	82.69	836	1011	108	1364	2364	36941831	36942784	2364	0	835	-
chr8:109544068-109544411|ORR1D2	chr19	79.034	720	911	110	790	1691	37509391	37510229	2344	2.23e-153	549	+
chr8:109875642-109875891|ORR1E	chr19	82.277	831	1010	117	1	990	37842229	37843196	2250	0	817	-
chr8:110181254-110181539|ORR1E	chr19	81.013	1152	1422	192	915	2286	38153403	38154796	2286	0	1059	-
chr8:113906467-113906773|ORR1E	chr19	79.824	1361	1705	225	233	1880	41891632	41893274	2307	0	1133	+
chr8:114459318-114459637|ORR1E	chr19	81.62	1532	1877	256	475	2320	42453125	42454943	2320	0	1472	-
chr8:114476445-114476555|ORR1E	chr19	78.639	1210	1479	192	4	1932	42468756	42470597	2111	0	1111.5	+
chr8:114565463-114565808|ORR1E	chr19	77.924	1126	1445	220	883	2278	42570021	42571415	2346	0	809	-
chr8:115018537-115018877|ORR1E	chr19	81.023	602	743	92	1	716	43030401	43031121	2341	2.88e-152	545	-
chr8:115450721-115451131|ORR1D2	chr19	80.873	1388	1717	205	1	1745	43456267	43457977	2411	0	1173.25	+
chr8:116268761-116269097|ORR1D2	chr19	80.192	1945	2390	306	1	2337	44282959	44285386	2337	0	1729	+
chr8:116480971-116481155|ORR1E	chr19	83.357	1660	2016	248	198	2179	44504875	44506852	2185	0	1569.4	+
chr8:116795793-116796070|ORR1E	chr19	83.424	458	549	59	1750	2278	44843400	44843936	2278	8.02e-133	481	+
chr8:116927829-116928153|ORR1E	chr19	81.214	1418	1746	226	536	2232	44977403	44979095	2325	0	1314	-
chr8:117233380-117233517|ORR1E	chr19	78.394	410	523	68	476	977	45284017	45284515	2138	8.13e-78	298	-
chr8:117280026-117280324|ORR1E	chr19	78.862	1414	1793	233	60	1767	45326299	45328030	2299	0	1077	-
chr8:117352278-117352605|ORR1E	chr19	80.899	1080	1335	202	438	1737	45401558	45402874	2328	0	1003	+
chr8:117577074-117577440|ORR1E	chr19	82.164	691	841	95	9	825	45626780	45627589	2367	0	671	-
chr8:117714038-117714383|ORR1D2	chr19	79.376	1655	2085	289	3	2029	45766310	45768311	2346	0	1338	-
chr8:120867471-120867778|ORR1E	chr19	80.225	1653	2053	257	1	2162	48921669	48923951	2308	0	1370.85	+
chr8:121030732-121031076|ORR1D2	chr19	77.079	343	445	60	1	415	49098578	49099010	2345	7.15e-54	219	-
chr8:121761441-121761665|ORR1E	chr19	79.886	1124	1407	213	3	1390	49824919	49826274	2225	0	966	-
chr8:122247691-122248019|ORR1E	chr19	82.577	910	1102	138	609	1667	50299075	50300165	2329	0	922	-
chr8:122764821-122765200|ORR1D2	chr19	82.82	1022	1234	159	29	1233	50822462	50823671	2380	0	1055	-
chr8:123846080-123846388|ORR1E	chr19	87.879	1695	2124	264	1	2308	51830064	51832184	2309	1.32e-150	1322.4	+
chr8:125217527-125217709|ORR1E	chr19	88.154	573	650	44	69	716	53178150	53178768	2183	0	743	-
chr8:125293582-125293764|ORR1E	chr19	86.707	724	835	74	1144	1975	53253930	53254730	2183	0	893	-
chr8:125427296-125427454|ORR1E	chr19	80.328	1470	1830	257	1	1789	53397583	53399350	2159	0	1290	+
chr8:125531676-125531996|ORR1E	chr19	85.779	1508	1758	182	1	1704	53502507	53504250	2321	0	1799	+
chr8:125600005-125600278|ORR1D2	chr19	85.08	690	811	89	156	952	53577224	53578016	2274	0	798	-
chr8:125606897-125607234|ORR1E	chr19	84.013	536	638	75	1	625	53582958	53583581	2338	4.72e-165	588	-
chr8:125719995-125720358|ORR1E	chr19	82.15	787	958	133	474	1420	53690506	53691436	2364	0	787	-
chr8:126097409-126097610|ORR1E	chr19	79.455	1574	1981	221	274	2201	54063927	54065774	2202	0	1232	-
chr8:126163402-126163613|ORR1E	chr19	81.014	1566	1933	220	60	1963	54132504	54134318	2212	0	1400	+
chr8:126564626-126564955|ORR1E	chr19	79.23	885	1117	147	1063	2143	54536706	54537773	2330	0	699	+
chr8:126654582-126654919|ORR1E	chr19	79.962	1253	1567	203	12	1517	54633694	54635210	2338	0	1051	+
chr8:126908957-126909193|ORR1E	chr19	84.595	950	1123	113	280	1367	54898292	54899389	2237	0	1061	-
chr8:127506336-127506601|ORR1D2	chr19	80.948	854	1055	151	3	1030	55529014	55530045	2266	0	789	-
chr8:127836926-127837226|ORR1E	chr19	84.409	2014	2405	224	1	2301	55848535	55850975	2301	0	2013.05	+
chr8:127882630-127882805|ORR1E	chr19	86.722	1581	1809	138	1	2173	55878526	55880695	2176	0	1896.2	+
chr8:127909635-127909944|ORR1E	chr19	84.318	1624	1952	221	1	1911	55907312	55909349	2310	0	1605.5	+
chr8:127963002-127963193|ORR1E	chr19	85.052	1872	2201	227	1	2124	55965651	55967826	2192	0	2148	-
chr8:128148606-128148796|ORR1D2	chr19	86.842	1056	1216	132	23	1223	56147392	56148594	2191	0	1334	+
chr8:128391132-128391477|ORR1D2	chr19	85.623	1876	2191	249	1	2153	56393764	56395926	2346	0	2241	-
chr8:128460887-128461189|ORR1E	chr19	82.615	1649	1996	219	1	1919	56469967	56471911	2303	0	1646	-
chr8:128517702-128517990|ORR1E	chr19	81.813	1543	1886	233	277	2132	56526695	56528500	2289	0	1482	-
chr8:129132974-129133078|ORR1E	chr19	81.891	1325	1618	178	398	1945	57221065	57222637	2105	0	1258	-
chr13:76947688-76947864|ORR1D2	chr2	84.793	881	1039	107	1150	2177	6686492	6687490	2177	0	996	-
chr13:77256207-77256561|ORR1E	chr2	83.96	759	904	107	1	886	7015492	7016375	2355	0	832	-
chr13:78685169-78685508|ORR1E	chr2	86.124	360	418	53	1910	2326	8595033	8595446	2340	3.01e-122	446	-
chr13:80932884-80933146|ORR1D2	chr2	83.044	813	979	109	1209	2158	11189477	11190427	2263	0	835	-
chr13:80933274-80933398|ORR1D2	chr2	82.853	575	694	77	1461	2125	11189747	11190427	2125	5.54e-164	584	-
chr13:81041676-81042002|ORR1E	chr2	82.734	1174	1419	169	1	1381	11290983	11292363	2327	0	1194	+
chr13:82496729-82497067|ORR1D2	chr2	80.093	861	1075	191	309	1378	12810037	12811093	2339	0	778	+
chr13:88350120-88350465|ORR1D2	chr2	78.665	1320	1678	226	362	1987	19349232	19350829	2346	0	994	+
chr13:88738458-88738790|ORR1E	chr2	84.404	1077	1276	162	677	1938	19766263	19767515	2333	0	1219	+
chr13:90108087-90108353|ORR1D2	chr2	86.245	1254	1454	143	793	2214	21215989	21217417	2267	0	1524	-
chr13:90344248-90344591|ORR1E	chr2	83.347	1982	2378	332	2	2344	21479488	21481836	2344	0	2139	+
chr13:91433426-91433753|ORR1E	chr2	81.669	1889	2313	249	1	2216	22627016	22629250	2328	0	1760	-
chr13:91792127-91792402|ORR1E	chr2	78.691	517	657	55	259	908	23034683	23035261	2276	3.92e-96	359	+
chr13:91813712-91813949|ORR1E	chr2	81.438	1869	2295	311	3	2238	23063141	23065379	2238	0	1772	-
chr13:93662569-93662889|ORR1E	chr2	82.438	1427	1731	212	178	1892	24899369	24901023	2321	0	1428	+
chr13:93762937-93763284|ORR1E	chr2	78.985	778	985	136	610	1561	24994895	24995841	2348	1.31e-170	606	-
chr13:95075751-95076087|ORR1E	chr2	85.239	1906	2389	313	1	2337	26327760	26330067	2337	0	1499.1	+
chr13:95884031-95884398|ORR1D2	chr2	80.32	1959	2439	344	1	2368	27160984	27163357	2368	0	1720	-
chr13:96377942-96378277|ORR1E	chr2	82.907	1329	1603	205	772	2334	27701438	27703011	2336	0	1378	+
chr13:96664248-96664535|ORR1E	chr2	79.272	501	632	83	1481	2095	28012011	28012611	2288	8.34e-108	398	+
chr13:96771960-96772281|ORR1E	chr2	83.01	1421	1703	189	466	2300	28101506	28103456	2322	0	1422.15	+
chr13:96966687-96967036|ORR1D2	chr2	84.788	981	1157	112	1121	2268	28302420	28303521	2350	0	1103	-
chr13:97272136-97272500|ORR1D2	chr2	78.755	1290	1638	247	1	1594	28579341	28580921	2365	0	1003	+
chr13:98291853-98292169|ORR1D2	chr2	80.594	1695	2152	304	10	2317	29641009	29643505	2317	1.75e-134	1236.9	+
chr13:98784277-98784539|ORR1E	chr2	81.417	1459	1792	225	191	1921	30146339	30148083	2263	0	1365	+
chr13:99539489-99539659|ORR1E	chr2	78.785	1530	1942	244	3	1885	30930557	30932389	2171	0	1149	-
chr13:100201950-100202285|ORR1E	chr2	85.817	357	416	52	1098	1509	31545177	31545589	2336	6.49e-119	435	-
chr13:100756257-100756507|ORR1E	chr2	78.326	683	872	102	578	1389	31893690	31894534	2251	2.2e-133	483	-
chr13:101320609-101320962|ORR1E	chr2	80.908	1551	1917	232	1	1867	32496949	32498781	2354	0	1389	+
chr13:101538067-101538438|ORR1E	chr2	83.299	2015	2419	297	1	2372	32727731	32730089	2372	0	2130	-
chr13:101883217-101883450|ORR1D2	chr2	82.929	787	949	112	2	934	33096469	33097383	2234	0	809	-
chr4:40433439-40433764|ORR1E	chr2	79.405	347	437	47	1	429	34971217	34971618	2326	6.94e-69	268	-
chr13:104094772-104095090|ORR1E	chr2	83.067	623	750	90	3	742	35218640	35219362	2319	0	647	-
chr13:104589184-104589404|ORR1E	chr2	83.559	1601	1916	240	352	2221	35724742	35726628	2221	0	1724	-
chr13:105669058-105669415|ORR1E	chr2	83.559	803	961	126	375	1331	36932582	36933514	2358	0	870	-
chr13:107027284-107027497|ORR1E	chr2	86.685	638	736	84	78	809	38446481	38447206	2214	0	804	-
chr13:107056217-107056612|ORR1E	chr2	84.64	799	944	102	1301	2231	38477930	38478843	2396	0	900	-
chr13:107368378-107368701|ORR1E	chr2	83.204	1184	1423	178	264	1664	38835956	38837339	2324	0	1247	-
chr13:111512487-111512731|ORR1E	chr2	84.314	1228	1457	165	838	2245	43106725	43108260	2245	0	1295.8	+
chr13:111523362-111523710|ORR1E	chr2	83.813	611	729	87	1	707	43116007	43116726	2349	0	664	+
chr13:111942242-111942314|ORR1E	chr2	83.964	377	449	59	522	964	43539154	43539595	2073	5.79e-114	418	+
chr13:112063485-112063919|ORR1E	chr2	88.057	870	988	104	295	1278	43653402	43654379	2435	0	1158	-
chr13:112735024-112735310|ORR1E	chr2	78.237	1402	1792	257	4	1707	44371712	44373458	2287	0	1026	-
chr13:114894782-114895119|ORR1D2	chr2	87.037	893	1026	105	1316	2338	46589323	46590323	2338	0	1133	+
chr13:115149780-115150108|ORR1E	chr2	81.784	660	807	99	1	792	46867821	46868594	2329	2.14e-178	632	-
chr13:115258944-115259275|ORR1E	chr2	84.96	1706	2008	252	331	2319	46996006	46997982	2332	0	1989	+
chr13:116410578-116410912|ORR1D2	chr2	78.452	375	478	72	1398	1856	48206790	48207255	2335	2.49e-73	283	-
chr13:118480399-118480579|ORR1E	chr2	85.671	1867	2244	254	1	2181	50581858	50584123	2181	0	1844.9	+
chr13:119819881-119820166|ORR1E	chr2	79.429	529	666	88	4	652	51790354	51790987	2286	3.82e-116	425	-
chr19:38143590-38143785|ORR1E	chr2	76.968	264	343	64	1223	1551	52402900	52403241	2196	8.77e-43	182	+
chr15:3283199-3283547|ORR1E	chr2	84.914	940	1107	122	660	1742	52511340	52512425	2349	0	1077	-
chr15:4012572-4012792|ORR1E	chr2	85.205	645	757	99	1	749	53221812	53222563	2221	0	765	-
chr15:4721385-4721720|ORR1D2	chr2	82.422	1116	1354	141	849	2158	53840966	53842266	2336	0	1092	-
chr15:5135444-5135802|ORR1E	chr2	81.236	736	906	128	728	1617	54232080	54232959	2359	0	693	+
chr15:5598699-5599007|ORR1D2	chr2	83.803	1666	1988	220	312	2232	54730469	54732421	2309	0	1794	+
chr15:6125064-6125382|ORR1E	chr2	80.579	1892	2348	311	18	2317	55269498	55271748	2319	0	1676	-
chr15:6468999-6469334|ORR1E	chr2	82.629	1427	1727	216	625	2292	55593613	55595314	2336	0	1450	+
chr15:6525364-6525641|ORR1E	chr2	82.919	1068	1288	160	392	1632	55634880	55636154	2278	0	1105	-
chr15:6647000-6647184|ORR1D2	chr2	82.08	1081	1317	148	896	2159	55752972	55754253	2185	0	1044	-
chr15:6723824-6724161|ORR1D2	chr2	80.18	445	555	78	1802	2338	55829362	55829902	2338	1.85e-104	387	+
chr15:8418561-8418884|ORR1D2	chr2	80.421	1011	1216	138	372	1582	57537352	57538638	2324	4.62e-175	995.6	+
chr15:8511879-8512230|ORR1E	chr2	82.051	1760	2145	245	1	2049	57639092	57641192	2352	0	1700	-
chr15:8627186-8627281|ORR1E	chr2	87.526	842	962	83	291	1245	57748007	57748938	2096	0	1077	+
chr10:43137030-43137357|ORR1E	chr20	81.41	1594	1958	278	409	2328	46619548	46621457	2328	0	1520	+
chr15:10973096-10973404|ORR1E	chr2	81.333	1032	1244	148	1	1308	59930502	59931697	2309	6.07e-159	1010.8	+
chr15:10974111-10974264|ORR1E	chr2	81.961	836	1020	139	1150	2147	59934173	59935169	2154	0	822	+
chr15:11585299-11585616|ORR1E	chr2	83.673	1476	1764	184	634	2318	60580677	60582415	2318	0	1567	-
chr15:11716180-11716564|ORR1E	chr2	79.058	789	998	118	1206	2156	60706571	60707524	2385	6.18e-169	601	-
chr4:21205357-21205579|ORR1D2	chr2	86.579	329	380	44	1263	1635	60884841	60885220	2223	2.89e-112	412	-
chr15:12479357-12479662|ORR1D2	chr2	82.495	377	457	50	999	1441	61512490	61512930	2306	1.42e-100	374	+
chr15:12570421-12570722|ORR1E	chr2	81.361	550	676	84	4	652	61599832	61600492	2302	2.87e-142	512	-
chr15:12842733-12843126|ORR1E	chr2	84.865	471	555	68	1316	1857	61881806	61882357	2394	2.95e-152	545	-
chr15:13027503-13027883|ORR1D2	chr2	83.367	2040	2447	226	1	2381	62072488	62074819	2381	0	2097	+
chr15:17383105-17383435|ORR1E	chr2	81.552	1114	1366	187	998	2326	66905238	66906575	2331	0	1066	+
chr15:18003312-18003664|ORR1D2	chr2	83.82	2010	2398	303	1	2353	67649015	67651372	2353	0	2200	+
chr15:22138181-22138380|ORR1E	chr2	77.625	902	1162	187	758	1893	72338442	72339556	2200	4.34e-180	638	-
chr15:24814843-24815180|ORR1D2	chr2	79.783	1030	1291	178	423	1688	75173461	75174693	2338	0	861	-
chr15:24968518-24968868|ORR1D2	chr2	85.546	1308	1529	165	1	1504	75357630	75359127	2351	0	1548	-
chr15:25282576-25282906|ORR1D2	chr2	81.587	1861	2281	292	77	2324	75718991	75721176	2331	0	1768	-
chr15:25337807-25338162|ORR1E	chr2	81.538	583	715	112	656	1356	75776268	75776976	2356	4.79e-160	571	-
chr15:25514601-25514921|ORR1E	chr2	81.157	870	1072	134	1225	2281	75984501	75985519	2321	0	798	+
chr15:25545569-25545942|ORR1D2	chr2	82.614	670	811	97	185	977	76018221	76019005	2374	0	676	-
chr15:25571961-25572198|ORR1E	chr2	82.663	658	796	82	1458	2205	76045705	76046492	2238	0	654	+
chr15:27960504-27960812|ORR1D2	chr2	78.626	1751	2227	307	5	2152	78737069	78739205	2309	0	1319	+
chr15:28042610-28042847|ORR1E	chr2	87.956	861	1002	93	11	1011	78816169	78817178	2238	7.39e-178	974.7	+
chr15:28125343-28125577|ORR1E	chr2	82.585	1546	1872	228	1	1821	78898690	78900514	2235	0	1561	+
chr15:28463565-28463984|ORR1D2	chr2	83.157	785	944	128	398	1320	79246920	79247853	2420	0	833	-
chr15:29778001-29778264|ORR1D2	chr2	83.489	1072	1284	157	1	1269	80801119	80802362	2264	0	1146	-
chr15:29824195-29824364|ORR1E	chr2	81.004	1356	1674	227	1	1629	80836193	80837820	2170	0	1245	-
chr15:30590693-30590818|ORR1D2	chr2	82.916	1723	2078	270	1	2039	81586596	81588627	2126	0	1792	-
chr15:31126159-31126488|ORR1E	chr2	83.251	1836	2220	263	138	2267	82105544	82107850	2330	0	1767.95	+
chr15:31232228-31232587|ORR1E	chr2	81.944	826	1008	126	595	1585	82206363	82207331	2360	0	802	-
chr15:31332793-31333060|ORR1E	chr2	82.097	1903	2318	288	1	2265	82323404	82325647	2268	0	1864	-
chr15:31338407-31338779|ORR1D2	chr2	85.366	350	410	36	1965	2373	82328631	82329017	2373	1.86e-109	403	-
chr15:32230143-32230319|ORR1E	chr2	84.78	1773	2150	301	1	2177	83294024	83296130	2177	0	1722.35	+
chr3:11228880-11229178|ORR1E	chr2	87.336	731	837	75	64	883	90557991	90558813	2299	0	929	-
chr3:10509063-10509381|ORR1E	chr2	81.325	540	664	85	1	648	91275792	91276432	2319	1.74e-139	503	+
chr3:9861283-9861594|ORR1E	chr2	80.845	574	710	92	1615	2312	91895026	91895703	2312	6.2e-144	518	+
chr3:9844661-9845017|ORR1E	chr2	79.207	1059	1337	195	7	1308	91917978	91919266	2357	0	852	-
chr3:9793788-9794100|ORR1E	chr2	78.545	432	550	75	835	1365	91977114	91977639	2313	5.22e-85	322	+
chr3:9786768-9786994|ORR1E	chr2	79.835	772	967	116	1315	2227	91984526	91985467	2227	2.04e-178	632	-
chr3:9647059-9647382|ORR1D2	chr2	80.639	1309	1610	172	285	2310	92126507	92128396	2324	0	1127.65	+
chr3:9223723-9223796|ORR1E	chr2	80.849	1486	1838	241	47	1819	92534399	92536190	2074	0	1341	-
chr3:8988951-8989256|ORR1E	chr2	86.607	388	448	54	683	1124	92752859	92753306	2306	1.35e-135	490	-
chr3:8841335-8841654|ORR1E	chr2	81.197	773	952	129	1	925	92912752	92913680	2320	0	721	+
chr3:6643844-6644202|ORR1E	chr2	85.497	619	724	84	227	943	95115928	95116637	2359	0	736	-
chr3:18501086-18501163|ORR1D2	chr2	80.529	852	1058	162	36	1076	100968983	100970013	2078	0	773	+
chr3:19487812-19488063|ORR1E	chr2	85.029	1488	1750	210	1	1707	101948496	101950236	2252	0	1733	+
chr3:20403968-20404271|ORR1D2	chr2	81.666	1461	1789	255	9	1767	102969232	102970977	2304	0	1419	+
chr3:20926379-20926510|ORR1E	chr2	88.281	339	384	41	1743	2122	103599915	103600298	2132	1.26e-125	457	-
chr3:20975193-20975365|ORR1D2	chr2	82.159	746	908	125	532	1433	103664159	103665035	2173	0	745	-
chr3:22132491-22132626|ORR1D2	chr2	77.904	617	792	98	1001	1720	104845508	104846294	2136	4.62e-115	422	-
chr3:22602292-22602398|ORR1E	chr2	85.081	422	496	64	1619	2105	105376374	105376868	2107	7.36e-138	497	+
chr3:22636293-22636624|ORR1E	chr2	81.247	1902	2341	323	1	2318	105397488	105399735	2332	0	1784	+
chr3:23002681-23002941|ORR1D2	chr2	83.457	676	810	102	1462	2251	105742992	105743789	2261	0	725	-
chr3:26580334-26580548|ORR1E	chr2	77.756	1171	1506	170	1	1416	109415875	109417305	2215	0	773	+
chr3:27289932-27290307|ORR1E	chr2	79.708	982	1232	199	3	1208	110186065	110187271	2376	0	843	+
chr3:27481207-27481543|ORR1E	chr2	83.21	337	405	62	1836	2239	110371845	110372244	2337	2.4e-98	366	-
chr3:27598503-27598769|ORR1E	chr2	81.882	1636	1998	206	352	2267	110503832	110505755	2267	0	1541	+
chr3:27970073-27970401|ORR1E	chr2	79.32	840	1059	121	1328	2329	110876637	110877654	2329	0	652	-
chr3:28145956-28146310|ORR1E	chr2	84.265	814	966	115	1	961	111053271	111054204	2355	0	907	+
chr3:28183102-28183383|ORR1D2	chr2	82.28	1068	1298	172	10	1276	111106054	111107324	2282	0	1070	-
chr3:28365603-28365960|ORR1D2	chr2	81.546	1604	1967	254	1	1926	111281810	111283708	2358	0	1520	+
chr3:31390060-31390298|ORR1D2	chr2	84.651	546	645	76	1	635	111985577	111986208	2239	4.45e-175	621	-
chr3:30880762-30881105|ORR1E	chr2	84.211	1056	1254	152	1111	2339	112522442	112523674	2344	0	1177	+
chr3:29187620-29187940|ORR1E	chr2	77.974	1855	2379	350	1	2321	114224358	114226620	2321	0	1330	-
chr3:31794797-31795173|ORR1E	chr2	80.974	1979	2444	333	1	2373	114568121	114570503	2377	0	1816	+
chr3:32427656-32427947|ORR1E	chr2	80.972	800	988	110	867	1814	115208586	115209535	2292	0	712	-
chr3:32660871-32661002|ORR1E	chr2	84.424	1653	1978	247	96	2132	115438154	115440077	2132	0	1691.95	+
chr3:32695662-32695768|ORR1E	chr2	82.622	1238	1486	161	128	1585	115484030	115485430	2107	0	1225.5	+
chr3:33358425-33358617|ORR1D2	chr2	84.919	473	557	82	1490	2046	116114975	116115529	2193	2.68e-157	562	-
chr3:33858935-33859120|ORR1D2	chr2	78.311	816	1042	152	1	1004	116717687	116718692	2186	4.37e-170	604	-
chr3:37180187-37180420|ORR1E	chr2	83.417	1385	1653	193	169	1911	120059649	120061394	2234	5.7e-179	1424.05	+
chr3:38129210-38129445|ORR1E	chr2	85.145	1817	2134	250	120	2225	121093594	121095688	2236	0	2122	-
chr3:38412056-38412421|ORR1D2	chr2	82.68	759	918	109	889	1773	121421085	121421985	2366	0	769	-
chr3:38481115-38481390|ORR1E	chr2	86.962	667	767	78	7	757	121497524	121498284	2276	0	843	-
chr3:38805479-38805788|ORR1E	chr2	83.741	1473	1759	214	598	2310	121835267	121836999	2310	0	1598	+
chr3:39461956-39462278|ORR1D2	chr2	82.5	1089	1320	185	1025	2323	122503100	122504394	2323	0	1116	-
chr3:39533858-39534114|ORR1E	chr2	82.799	1266	1529	168	762	2257	122565252	122566718	2257	0	1279	-
chr3:41048457-41048754|ORR1E	chr2	79.536	995	1251	143	121	1311	124042873	124044070	2298	0	787	-
chr3:43668759-43669051|ORR1E	chr2	79.685	608	763	120	674	1426	126876674	126877411	2293	6.15e-144	518	+
chr3:44959229-44959751|ORR1E	chr2	83.507	962	1152	157	1392	2523	128193336	128194474	2523	0	1044	-
chr3:45723166-45723498|ORR1D2	chr2	82.83	603	728	91	1577	2292	129029461	129030166	2333	4.64e-175	621	-
chr3:47949096-47949420|ORR1D2	chr2	81.62	1945	2383	303	7	2325	131877538	131879849	2325	0	1849	+
chr3:45855092-45855436|ORR1D2	chr2	76.161	869	1141	226	1209	2336	133451903	133453010	2345	3.71e-156	558	-
chr3:49874207-49874539|ORR1E	chr2	82.761	1823	2232	315	1	2223	133947338	133949556	2333	0	1680.55	+
chr3:50098865-50099014|ORR1E	chr2	81.317	753	926	143	524	1437	134172266	134173173	2150	0	725	-
chr3:50553495-50553791|ORR1E	chr2	78.997	1843	2333	314	1	2282	134617467	134619674	2297	0	1432	+
chr3:50758145-50758473|ORR1E	chr2	84.68	1824	2154	272	3	2120	134821449	134823580	2329	0	2097	+
chr3:51128855-51129142|ORR1D2	chr2	79.447	1840	2316	281	109	2288	135155698	135157954	2288	0	1459	+
chr3:51575550-51575835|ORR1E	chr2	85.598	630	736	77	1084	1805	135622931	135623651	2286	0	745	+
chr3:51747302-51747651|ORR1E	chr2	81.448	1822	2237	323	147	2330	135778496	135780693	2350	0	1748	+
chr3:51776094-51776443|ORR1E	chr2	82.756	1243	1502	198	562	2034	135805381	135806850	2350	0	1282	-
chr3:51847347-51847568|ORR1D2	chr2	78.751	1871	2306	252	1	2175	135875390	135877764	2222	0	1596	+
chr3:52187342-52187622|ORR1E	chr2	81.623	684	838	103	450	1279	136221512	136222306	2281	0	647	-
chr3:52390367-52390726|ORR1E	chr2	85.083	616	724	67	1581	2275	136433465	136434176	2360	0	701	+
chr3:52931869-52932231|ORR1E	chr2	81.738	555	679	83	1686	2342	136987949	136988608	2363	2.93e-147	529	-
chr3:53081752-53082094|ORR1E	chr2	84.615	1129	1350	173	981	2343	137169861	137171180	2343	0	1162.8	+
chr3:53587586-53587814|ORR1E	chr2	78.111	339	434	73	1785	2198	137680973	137681404	2229	5.18e-65	255	+
chr3:54400313-54400644|ORR1E	chr2	84.679	1838	2218	274	28	2304	138563461	138565666	2332	0	1799.3	+
chr3:54556084-54556435|ORR1E	chr2	82.89	1050	1256	148	860	2335	138726115	138727497	2352	2.81e-172	1069.7	+
chr3:54567649-54567739|ORR1E	chr2	82.225	1175	1429	163	667	2033	138735898	138737297	2091	0	1147	-
chr3:56020030-56020131|ORR1E	chr2	85.233	1393	1667	195	1	2072	140182231	140184289	2102	0	1413.6	+
chr3:56191295-56191612|ORR1E	chr2	82.515	1831	2219	260	158	2318	140345869	140348017	2318	0	1831	-
chr3:58657489-58657802|ORR1D2	chr2	82.152	916	1115	140	2	1081	142895786	142896876	2314	0	902	+
chr3:58712191-58712450|ORR1E	chr2	83.116	1782	2144	225	167	2256	142950787	142952847	2260	0	1827	+
chr3:59174561-59174692|ORR1D2	chr2	79.396	736	927	142	202	1112	143434204	143435097	2132	3.3e-171	608	+
chr3:59174692-59174757|ORR1D2	chr2	79.396	736	927	142	71	981	143434204	143435097	2066	3.19e-171	608	+
chr3:59917775-59918146|ORR1E	chr2	78.195	728	931	142	475	1371	144019636	144020539	2372	4.89e-150	538	-
chr3:60947501-60947843|ORR1E	chr2	85.346	728	853	107	1	849	145184436	145185274	2343	0	867	+
chr3:62770675-62770836|ORR1E	chr2	83.792	579	691	96	91	771	147155169	147155853	2162	0	641	-
chr3:62780806-62781131|ORR1E	chr2	85.677	1316	1536	157	822	2326	147160795	147162298	2326	0	1559	+
chr3:63941303-63941652|ORR1E	chr2	83.16	1609	1960	234	386	2347	148414005	148415900	2350	0	1488.65	+
chr3:64878296-64878540|ORR1E	chr2	84.826	464	547	49	408	939	149063690	149064217	2245	1.67e-144	520	-
chr3:66210126-66210361|ORR1E	chr2	87.912	480	546	44	1698	2233	150475993	150476526	2236	1.24e-175	623	-
chr3:66955211-66955531|ORR1E	chr2	81.795	1932	2362	317	6	2321	151199042	151201336	2321	0	1875	+
chr3:67108739-67109084|ORR1E	chr2	87.04	591	679	76	16	693	151341980	151342647	2346	0	756	-
chr3:68335418-68335754|ORR1E	chr2	82.484	777	942	128	992	1921	152592330	152593246	2337	0	791	-
chr3:68369671-68369928|ORR1D2	chr2	84.414	742	879	112	1308	2177	152622785	152623647	2258	0	841	-
chr3:68448535-68448809|ORR1E	chr2	85.754	614	716	76	1	693	152702563	152703275	2275	0	734	+
chr3:68969212-68969484|ORR1E	chr2	84.44	1297	1536	185	472	1977	153209327	153210838	2273	0	1463	+
chr3:68998657-68998829|ORR1D2	chr2	80.601	831	1031	112	220	1216	153234298	153235274	2173	0	715	-
chr3:69202948-69203296|ORR1E	chr2	82.821	787	951	114	1355	2349	153451918	153452837	2349	2.32e-128	762.85	+
chr3:69456176-69456458|ORR1E	chr2	82.257	955	1161	157	73	1202	153716891	153718033	2283	0	957	-
chr3:69630609-69630966|ORR1E	chr2	84.062	923	1098	122	571	1644	153916510	153917578	2358	0	1009	+
chr3:69978129-69978332|ORR1E	chr2	81.12	1826	2251	311	1	2197	154302493	154304683	2204	0	1698	+
chr3:70941012-70941355|ORR1D2	chr2	79.439	1530	1926	302	82	1979	155272560	155274419	2344	0	1277	-
chr3:72158787-72158969|ORR1E	chr2	79.841	1105	1384	195	163	1505	156688625	156689965	2183	0	933	-
chr3:72538908-72539121|ORR1E	chr2	77.796	960	1234	203	41	1223	157154285	157155498	2214	0	695	-
chr3:74464474-74464836|ORR1D2	chr2	82.081	852	1038	138	228	1221	159325356	159326389	2363	0	843	+
chr3:74975617-74975928|ORR1E	chr2	79.885	1670	2111	288	92	2219	159772436	159774475	2312	0	1248.3	+
chr3:75860186-75860440|ORR1E	chr2	80.799	1780	2203	296	35	2188	160624092	160626216	2255	0	1607	+
chr3:76005602-76005937|ORR1D2	chr2	84.606	665	786	99	1550	2330	160768969	160769737	2336	0	761	-
chr3:78873919-78874165|ORR1D2	chr2	87.356	304	348	27	1614	1960	163982501	163982832	2247	2.29e-103	383	+
chr3:78874648-78874744|ORR1D2	chr2	76.284	698	915	152	1228	2095	163983551	163984447	2097	9.74e-117	427	+
chr3:79404165-79404487|ORR1E	chr2	83.31	599	719	85	1	713	164543968	164544657	2323	7.67e-178	630	-
chr3:79984577-79984902|ORR1E	chr2	83.828	1130	1348	142	244	1562	165178768	165180068	2326	0	1212	+
chr3:82223459-82223752|ORR1E	chr2	85.098	1262	1483	161	846	2291	167579961	167581420	2294	0	1459	+
chr15:93030954-93031267|ORR1E	chr7	79.869	611	765	94	14	758	124212360	124213084	2314	4.83e-140	505	-
chr3:83833295-83833659|ORR1D2	chr2	81.633	560	686	113	1366	2045	169198631	169199309	2365	1.35e-155	556	+
chr3:84046407-84046509|ORR1E	chr2	83.602	1193	1427	169	681	2095	169397242	169398615	2103	0	1279	-
chr3:84126131-84126216|ORR1E	chr2	80.477	911	1132	150	1	1093	169468643	169469742	2086	0	800	+
chr3:84325046-84325356|ORR1E	chr2	82.915	1883	2271	266	78	2308	169673894	169676082	2311	0	1932	+
chr3:84367238-84367508|ORR1E	chr2	82.297	1032	1254	149	5	1227	169708690	169709901	2271	0	1018	-
chr3:84547247-84547564|ORR1D2	chr2	83.448	1100	1337	151	458	1810	169894593	169895892	2318	0	1024.1	+
chr3:84837954-84838301|ORR1D2	chr2	82.824	1977	2387	257	1	2344	170171706	170173982	2348	0	1995	-
chr3:84848963-84849118|ORR1E	chr2	82.64	1747	2114	219	1	2054	170181273	170183298	2156	0	1735	+
chr3:84852879-84853244|ORR1E	chr2	87.238	1313	1562	163	1	1544	170184836	170186387	2366	0	1355.65	+
chr3:86928018-86928389|ORR1D2	chr2	84.701	764	902	82	1	878	172345859	172346728	2372	0	850	-
chr3:87215149-87215510|ORR1D2	chr2	82.36	1424	1729	216	645	2357	172654643	172656298	2362	0	1421	-
chr3:87223647-87223978|ORR1E	chr2	83.399	1899	2277	261	8	2244	172662957	172665156	2332	0	2002	-
chr3:87500311-87500647|ORR1E	chr2	81.195	557	686	99	470	1140	172938640	172939310	2337	3.75e-146	525	+
chr3:89490718-89491051|ORR1D2	chr2	83.519	1272	1523	180	52	1540	174907733	174909218	2334	0	1356	-
chr3:90008514-90008803|ORR1E	chr2	85.478	1966	2300	195	70	2290	175447094	175449333	2290	0	2268	+
chr3:90578220-90578577|ORR1E	chr2	83.437	1890	2230	219	190	2358	176065096	176067300	2358	0	2016.85	+
chr3:96811288-96811581|ORR1E	chr2	84.27	300	356	33	2	339	184357840	184358190	2294	4e-86	326	-
chr3:97387641-97387956|ORR1E	chr2	83.837	1276	1522	186	1	1483	184927885	184929385	2316	0	1393	+
chr3:98071202-98071521|ORR1D2	chr2	89.908	490	545	48	1397	1937	185666482	185667023	2320	0	695	-
chr3:98101014-98101308|ORR1E	chr2	84.807	1976	2330	274	6	2295	185694530	185696819	2295	0	2268	-
chr3:99544133-99544379|ORR1E	chr2	85.825	775	903	119	62	962	186914080	186914975	2247	0	950	+
chr3:99853489-99853802|ORR1D2	chr2	82.9	1747	2036	216	261	2314	187232836	187234828	2314	0	1987.4	+
chr3:100338044-100338378|ORR1E	chr2	84.19	442	525	68	1812	2335	187735133	187735643	2335	2.94e-137	496	-
chr3:100745722-100745986|ORR1E	chr2	85.935	1477	1769	192	402	2174	188168527	188170356	2265	0	1480.1	+
chr3:100818600-100818940|ORR1D2	chr2	82.401	1400	1699	221	27	1693	188246051	188247703	2341	0	1410	-
chr3:101304223-101304574|ORR1E	chr2	84.211	1575	1831	188	220	2279	188739508	188741654	2352	0	1805.95	+
chr3:101778970-101779227|ORR1D2	chr2	78.632	1012	1287	180	1	1251	189214092	189215319	2258	0	765	-
chr3:103247748-103248016|ORR1D2	chr2	83.333	465	558	53	1736	2269	190782695	190783236	2269	2.87e-132	479	+
chr3:104258408-104258768|ORR1D2	chr2	84.879	842	992	107	8	982	191753143	191754108	2361	0	961	-
chr3:104274214-104274459|ORR1E	chr2	88.265	519	588	57	32	608	191769151	191769737	2246	0	693	+
chr3:104501755-104502039|ORR1E	chr2	88.87	527	593	41	2	574	192001807	192002394	2285	0	706	+
chr3:104643746-104644078|ORR1E	chr2	82.453	1062	1288	125	586	1842	192129062	192130279	2333	0	1033	-
chr12:102501064-102501343|ORR1D2	chr6	81.086	433	534	54	1	510	121643202	121643712	2280	2.33e-103	383	-
chr3:105087421-105087743|ORR1E	chr2	82.586	939	1137	127	597	1710	192584929	192586017	2323	0	937	-
chr3:105627320-105627684|ORR1E	chr2	83.889	1937	2309	285	13	2293	193107399	193109648	2365	0	2122	+
chr3:105880445-105880603|ORR1E	chr2	82.175	544	662	90	1110	1760	193361295	193361939	2159	9.55e-152	544	-
chr3:106458590-106458890|ORR1E	chr2	83.975	1986	2365	274	2	2301	193952538	193954862	2301	0	2170	-
chr3:108584770-108584862|ORR1E	chr2	78.909	434	550	77	1496	2025	196219838	196220368	2093	1.69e-89	337	+
chr3:108788860-108789273|ORR1E	chr2	80.506	1433	1780	236	489	2228	196437562	196439270	2414	0	1262	-
chr3:109665812-109666060|ORR1E	chr2	80.993	571	705	81	782	1483	197334449	197335103	2249	1.01e-141	510	-
chr3:109822864-109823209|ORR1E	chr2	83.468	1577	1892	217	1	1920	197507553	197509366	2346	0	1575.1	+
chr3:110268760-110269101|ORR1D2	chr2	82.334	769	934	121	634	1546	197951812	197952722	2342	0	771	-
chr3:110300250-110300581|ORR1E	chr2	80.185	1040	1297	187	715	1959	197998086	197999364	2332	0	907	-
chr3:110665153-110665239|ORR1E	chr2	83.562	1403	1679	216	457	2087	198380438	198382104	2087	0	1517	+
chr3:115750307-115750630|ORR1D2	chr2	76.539	721	942	139	1003	1894	203661315	203662224	2324	1.39e-120	440	+
chr3:116615642-116615971|ORR1E	chr2	84.632	391	462	58	1872	2330	204565709	204566160	2330	8.32e-123	448	-
chr3:122380204-122380578|ORR1E	chr2	81.126	1556	1918	221	501	2370	210484467	210486291	2375	0	1406	+
chr3:122611800-122612159|ORR1E	chr2	84.517	1229	1430	144	836	2357	210730392	210731853	2360	0	1401.25	+
chr3:126748343-126748695|ORR1D2	chr2	80	412	515	75	4	513	215179414	215179905	2353	5.24e-95	355	-
chr3:127918066-127918403|ORR1D2	chr2	81.228	1627	2003	209	17	1938	216396262	216398178	2338	0	1461	+
chr3:127926879-127927228|ORR1E	chr2	80.464	832	1034	161	547	1565	216404710	216405717	2350	0	752	-
chr3:129953382-129953694|ORR1E	chr2	80.76	1580	1977	251	74	2064	218528693	218530690	2313	0	1252.1	+
chr3:130259819-130260201|ORR1E	chr2	80.312	1856	2311	303	162	2383	218822996	218825243	2383	0	1607	+
chr3:130789224-130789432|ORR1D2	chr2	83.221	1240	1490	160	653	2090	219342830	219344281	2209	0	1284	-
chr3:133111682-133112026|ORR1E	chr2	82.53	1970	2387	272	1	2344	221609184	221611468	2345	0	1964	-
chr3:135565347-135565697|ORR1E	chr2	83.01	684	824	107	1537	2351	223997341	223998140	2351	0	715	+
chr3:135568648-135568951|ORR1D2	chr2	83.017	1579	1982	281	1	2304	223999087	224001493	2304	0	1249.25	+
chr3:137300398-137300758|ORR1D2	chr2	84.791	446	526	68	1	520	225856406	225856925	2361	6.34e-144	518	+
chr3:137464843-137465197|ORR1D2	chr2	81.71	1653	2023	293	363	2353	225983258	225985235	2355	0	1615	-
chr12:104062023-104062304|ORR1E	chr6	76.082	1037	1363	173	944	2218	122985101	122986398	2282	1.67e-159	569	-
chr3:137853346-137853614|ORR1E	chr2	82.226	495	602	71	935	1520	226343497	226344078	2269	1.72e-134	486	+
chr17:55893482-55893653|ORR1D2	chr4	81.024	269	332	58	1554	1882	11424184	11424513	2172	3.9e-66	259	+
chr3:139033243-139033516|ORR1D2	chr2	79.455	642	808	103	1351	2127	227593899	227594674	2274	7.89e-143	514	-
chr3:139049273-139049541|ORR1E	chr2	83.892	1927	2297	284	1	2267	227610699	227612939	2269	0	2113	+
chr3:143694837-143695158|ORR1E	chr2	80.789	1905	2358	322	2	2322	232742614	232744877	2322	0	1724	+
chr3:143888967-143889316|ORR1E	chr2	83.89	578	689	93	269	944	232946594	232947277	2350	0	641	-
chr3:145532751-145533019|ORR1E	chr2	81.336	1120	1377	165	949	2269	234450608	234451948	2269	0	1035	+
chr3:145906287-145906565|ORR1E	chr2	84.043	395	470	54	1354	1818	234817995	234818448	2279	2.28e-118	433	-
chr3:146039767-146040022|ORR1D2	chr2	78.933	296	375	37	603	975	234947029	234947363	2256	2.47e-53	217	+
chr3:146258852-146259147|ORR1E	chr2	75.799	996	1314	189	1092	2295	235163626	235164920	2296	2.83e-152	545	-
chr3:146277403-146277720|ORR1E	chr2	81.899	1104	1348	171	1011	2318	235183883	235185197	2318	0	1070	-
chr3:146328753-146329110|ORR1D2	chr2	92.995	385	414	28	1	414	235230064	235230476	2358	1.7e-169	603	+
chr3:146343006-146343341|ORR1E	chr2	92.327	722	782	49	1565	2336	235241650	235242430	2336	0	1101	-
chr3:146416122-146416305|ORR1E	chr2	75.748	481	635	92	425	1015	235306649	235307265	2184	3.03e-67	263	-
chr3:147158317-147158693|ORR1E	chr2	86.022	320	372	32	2021	2377	236058210	236058576	2377	8.73e-103	381	-
chr3:148629290-148629617|ORR1E	chr2	80.291	1768	2202	310	203	2328	237513956	237516109	2328	0	1548	+
chr3:149452329-149452623|ORR1E	chr2	81.931	1909	2330	277	23	2295	238332996	238335238	2295	0	1838	-
chr3:149464615-149464948|ORR1D2	chr2	90.709	576	635	53	1	632	238344592	238345223	2334	0	841	+
chr3:149484889-149485202|ORR1E	chr2	85.145	791	929	102	1395	2314	238360262	238361163	2314	0	918	+
chr3:149547222-149547519|ORR1E	chr2	80.02	797	996	144	455	1420	238424124	238425094	2298	0	686	+
chr3:151192106-151192493|ORR1E	chr2	85.093	1878	2207	259	1	2166	240103100	240105277	2388	0	2189	-
chr1:116046742-116047054|ORR1E	chr2	76.51	342	447	86	556	996	240410352	240410785	2313	4.21e-56	226	-
chr3:152907939-152908038|ORR1E	chr2	80.195	575	717	104	837	1539	241831145	241831837	2100	1.58e-139	503	-
chr3:152926237-152926536|ORR1E	chr2	79.315	1181	1489	193	11	1435	241849872	241851309	2300	0	937	-
chr3:153190203-153190420|ORR1D2	chr2	80.482	1068	1327	189	10	1311	242114943	242116224	2218	0	952	-
chr3:153219435-153219783|ORR1E	chr2	89.11	671	753	63	42	789	242153870	242154608	2349	0	918	+
chr2:84229139-84229543|ORR1E	chr3	88.858	1268	1427	129	9	1423	69319689	69321097	2405	0	1727	-
chr3:154183035-154183189|ORR1E	chr2	81.1	1694	2104	293	5	2155	243110632	243112709	2155	0	1430.7	+
chr3:154428319-154428522|ORR1E	chr2	85.316	459	538	65	1531	2066	243366458	243366983	2204	9.75e-152	544	-
chr3:154428536-154428671|ORR1E	chr2	86.928	399	459	58	1680	2136	243366525	243366983	2136	7.41e-143	514	-
chr3:154881465-154881750|ORR1D2	chr2	86.044	1937	2305	262	1	2281	243839094	243841378	2286	0	2014	+
chr3:156170089-156170423|ORR1E	chr2	81.333	854	1050	158	580	1600	245211274	245212314	2335	0	819	-
chr3:156651369-156651598|ORR1E	chr2	81.995	929	1133	150	34	1144	245716368	245717468	2230	0	913	+
chr3:158972556-158972877|ORR1D2	chr2	83.967	1292	1552	197	821	2322	248044502	248046098	2322	0	1298.65	+
chr3:159337313-159337630|ORR1E	chr2	81.311	1253	1541	215	820	2318	248474285	248475794	2318	0	1182	-
chr3:159708800-159709001|ORR1E	chr2	85.211	1664	1967	216	1	2119	248847567	248849574	2202	0	1779.35	+
chr3:159938604-159938930|ORR1D2	chr2	85.915	671	781	71	841	1608	249046053	249046807	2327	0	797	-
chr17:37136445-37136616|ORR1D2	chr20	85.494	554	648	70	1189	1828	1419438	1420069	2172	0	654	+
chr17:36265908-36266222|ORR1E	chr20	79.012	832	1053	110	866	1862	2008604	2009601	2315	5.95e-174	617	-
chr17:35994356-35994458|ORR1E	chr20	79.135	622	786	81	3	734	2708504	2709260	2103	2.07e-128	466	-
chrX:14800494-14800867|ORR1D2	chrX	81.583	598	733	108	1652	2374	7990785	7991500	2374	8.01e-163	580	-
chr17:34341010-34341133|ORR1E	chr20	86.596	785	935	130	908	2075	4519326	4520400	2124	3.43e-141	832.2	+
chr17:34330022-34330374|ORR1E	chr20	81.295	1117	1374	170	270	1583	4533490	4534836	2353	0	1033	-
chr17:34165096-34165399|ORR1E	chr20	82.188	789	960	124	1	930	4688092	4689034	2304	0	782	+
chr17:34072104-34072446|ORR1E	chr20	80.618	1044	1295	163	370	1638	4780589	4781821	2343	0	920	+
chr17:28309232-28309438|ORR1D2	chr20	81.019	811	1001	133	38	997	6371011	6371995	2207	0	743	+
chr17:28669192-28669372|ORR1E	chr20	83.897	422	503	52	1	475	6728091	6728592	2181	1.67e-124	453	-
chr17:29916718-29917052|ORR1E	chr20	84.907	1547	1822	191	570	2333	7992280	7994075	2335	0	1764	-
chr17:30259982-30260297|ORR1E	chr20	80.081	788	984	106	2	940	8331673	8332611	2316	0	649	+
chr17:30438473-30438792|ORR1E	chr20	81.169	375	462	68	175	627	8516039	8516490	2320	1.86e-94	353	+
chr17:31110282-31110596|ORR1E	chr20	85.059	575	676	71	1635	2287	9176374	9177042	2315	0	662	-
chr17:31800974-31801322|ORR1D2	chr20	82.694	1625	1971	264	339	2342	9900749	9902672	2349	0	1565.6	+
chr17:88123773-88123970|ORR1E	chr8	78.378	435	555	74	1280	1813	11900918	11901447	2198	6.42e-84	318	+
chr10:77089345-77089499|ORR1E	chr20	76.659	693	904	134	953	1803	11545969	11546848	2155	2.78e-117	429	-
chr10:76351955-76352309|ORR1E	chr20	81.121	709	874	120	20	880	12278160	12279001	2355	0	658	-
chr10:76261525-76261810|ORR1E	chr20	79.925	637	797	116	1516	2281	12372730	12373513	2286	2.81e-152	545	+
chr10:75836043-75836244|ORR1E	chr20	81.975	332	405	51	310	696	12818568	12818968	2202	1.38e-85	324	-
chr10:75105919-75106191|ORR1E	chr20	82.545	733	888	102	1401	2272	13552467	13553317	2273	0	732	-
chr10:69793170-69793385|ORR1E	chr20	82.072	1117	1361	181	718	2049	18839580	18840906	2216	0	1103	+
chr10:69471912-69472212|ORR1E	chr20	79.352	392	494	58	1770	2262	19150712	19151162	2301	1.45e-80	307	-
chr10:69363036-69363187|ORR1E	chr20	80.389	537	668	88	740	1374	19256818	19257475	2152	5.89e-129	468	-
chr10:68844255-68844567|ORR1E	chr20	79.215	1090	1376	192	248	1562	19765256	19766598	2313	0	870	-
chr10:68759292-68759583|ORR1E	chr20	80.261	1045	1302	173	17	1269	19837735	19839001	2292	0	904	+
chr10:68366508-68366826|ORR1E	chr20	80.551	1052	1306	157	56	1329	20225046	20226286	2319	0	915	-
chr10:68312752-68313125|ORR1E	chr20	82.692	860	1040	126	1351	2372	20276975	20277978	2374	0	874	+
chr10:68233412-68233691|ORR1E	chr20	78.999	1121	1419	215	901	2280	20346755	20348129	2280	0	893	-
chr10:67138688-67138999|ORR1D2	chr20	78.159	569	728	88	3	671	21450274	21450989	2312	8.43e-108	398	-
chr10:66369151-66369508|ORR1E	chr20	81.608	1939	2376	321	1	2358	22221534	22223811	2358	0	1860	+
chr10:65621799-65622107|ORR1E	chr20	78.505	1187	1512	208	13	1470	22973808	22975256	2309	0	883	+
chr10:64847836-64848154|ORR1E	chr20	81.028	1072	1323	177	999	2314	23772021	23773276	2319	0	985	-
chr10:63633997-63634270|ORR1D2	chr20	81.592	851	1043	150	899	1930	24956426	24957437	2274	0	824	+
chr10:63604110-63604447|ORR1D2	chr20	84.178	830	986	121	1	974	25000252	25001214	2338	0	924	-
chr10:63503056-63503418|ORR1D2	chr20	79.089	1320	1669	231	443	2061	25108474	25110074	2363	0	1040	+
chr10:63424434-63424871|ORR1D2	chr20	79.882	405	507	80	1714	2211	25222597	25223090	2438	7.03e-94	351	+
chr10:34158790-34159160|ORR1E	chr20	80.597	1453	1759	202	303	2371	26130253	26132472	2371	0	1383.2	+
chr10:58301656-58301967|ORR1E	chr20	86.115	583	677	82	1642	2312	26290039	26290709	2312	0	719	-
chr10:58405918-58406248|ORR1E	chr20	85.953	1132	1317	129	1	1277	26399122	26400422	2331	0	1356	+
chr10:59792223-59792583|ORR1E	chr20	83.106	915	1101	129	1274	2351	27752704	27753770	2361	0	950	+
chr10:60442453-60442764|ORR1E	chr20	80.289	1165	1451	193	931	2311	28378584	28380011	2312	0	1009	+
chr10:61318578-61318807|ORR1E	chr20	88.571	310	350	30	1	346	29269895	29270238	2230	2.24e-113	416	-
chr10:53260281-53260376|ORR1E	chr20	85.026	1817	2137	225	1	2095	32545620	32547703	2096	0	2085	-
chr10:53355388-53355668|ORR1D2	chr20	81.465	1490	1829	215	371	2144	32649269	32651028	2281	0	1386	-
chr10:53385453-53385735|ORR1E	chr20	81.054	1138	1404	172	227	1590	32684882	32686231	2283	0	1033	+
chr10:53402313-53402710|ORR1E	chr20	84.685	658	777	88	549	1309	32702764	32703525	2398	0	747	+
chr10:54092241-54092555|ORR1E	chr20	78.813	1793	2275	321	48	2245	33401553	33403743	2315	0	1382	-
chr10:55258367-55258534|ORR1E	chr20	83.654	348	416	47	1770	2168	34588203	34588614	2168	4.79e-100	372	-
chr10:55361091-55361291|ORR1E	chr20	81.664	1345	1647	223	578	2201	34711025	34712615	2201	0	1295	-
chr10:55700156-55700367|ORR1E	chr20	81.132	344	424	66	353	766	35039995	35040414	2212	1.07e-86	327	+
chr10:56674942-56675254|ORR1E	chr20	83.573	1979	2368	266	1	2311	36045185	36047486	2313	0	2104	+
chr10:56852478-56852806|ORR1E	chr20	82.124	1245	1516	185	44	1531	36216079	36217536	2329	0	1219	-
chr10:57799514-57799840|ORR1D2	chr20	78.517	1027	1308	162	174	1430	37138465	37139704	2327	0	749	-
chr10:57836073-57836392|ORR1D2	chr20	83.765	356	425	57	1870	2284	37166269	37166691	2320	3.94e-106	392	+
chr10:35401203-35401553|ORR1E	chr20	80.297	758	944	132	945	1866	39079688	39080599	2351	0	664	-
chr10:37618650-37618978|ORR1D2	chr20	79.864	587	735	86	30	746	41176195	41176885	2329	8.2e-133	481	+
chr10:37710804-37711156|ORR1E	chr20	82.446	1099	1333	163	642	1941	41274514	41275808	2353	0	1099	+
chr10:38193093-38193439|ORR1E	chr20	79.609	1343	1687	246	671	2307	41741455	41743093	2347	0	1120	+
chr10:38635549-38635939|ORR1E	chr20	79.528	303	381	53	1263	1631	42112937	42113304	2391	9.3e-63	248	+
chr10:39293156-39293453|ORR1E	chr20	79.706	1300	1631	219	4	1591	42698941	42700502	2298	0	1075	+
chr10:39577504-39577825|ORR1D2	chr20	81.034	423	522	64	7	524	42973857	42974347	2322	2.37e-103	383	-
chr10:39601080-39601423|ORR1E	chr20	80.768	1873	2319	263	78	2344	43001109	43003296	2344	0	1642	-
chr10:39946545-39946694|ORR1E	chr20	79.098	1768	2134	268	124	2148	43370356	43372448	2150	0	1732.8	+
chr10:39946694-39946949|ORR1E	chr20	78.585	1970	2365	297	1	2256	43370382	43372705	2256	0	1985.5	+
chr10:40593608-40593828|ORR1E	chr20	80.961	472	583	90	1124	1687	43997554	43998134	2221	3.69e-121	442	-
chr10:40763623-40763945|ORR1D2	chr20	84.923	721	849	95	1488	2323	44215873	44216701	2323	0	828	-
chr10:41638827-41639072|ORR1E	chr20	82.774	764	923	108	1360	2241	45156588	45157500	2246	0	776	+
chr10:42848888-42849117|ORR1D2	chr20	80.419	998	1241	161	340	1532	46335452	46336658	2230	0	870	-
chr10:44029667-44029933|ORR1D2	chr20	79.078	1610	2023	294	2	2244	47503620	47505849	2267	0	1271.1	+
chr10:44314160-44314509|ORR1D2	chr20	72.953	677	928	154	678	1570	47845646	47846511	2350	2.56e-58	233	+
chr10:45650098-45650450|ORR1D2	chr20	80.283	737	918	103	1442	2338	49096837	49097697	2353	4.68e-175	621	-
chr10:45732141-45732438|ORR1E	chr20	81.706	728	891	133	512	1384	49163606	49164484	2298	0	715	-
chr10:45957640-45957976|ORR1D2	chr20	89.622	924	1031	90	1317	2337	49389655	49390678	2337	0	1295	-
chr10:50091984-50092296|ORR1E	chr20	80.837	1183	1439	194	732	2313	53105265	53106778	2313	0	1123.85	+
chr10:50134495-50134817|ORR1E	chr20	80.246	1568	1915	234	193	2323	53137721	53139831	2323	0	1434.5	+
chr10:50698788-50699100|ORR1E	chr20	84.239	1101	1307	124	1	1238	53638968	53640261	2313	0	1197	-
chr2:23551241-23551572|ORR1E	chr3	85.283	1532	1838	209	1	2050	6113049	6115053	2332	0	1529.5	+
chr2:24733220-24733568|ORR1D2	chr3	80.607	704	846	92	1	1939	7516356	7518401	2349	2.35e-118	694.45	+
chr2:24956520-24956825|ORR1D2	chr3	85.545	361	422	51	1889	2306	7763517	7763932	2306	2.31e-118	433	-
chr2:26166491-26166684|ORR1D2	chr3	79.011	975	1234	163	140	1336	8992915	8994089	2194	0	756	-
chr2:28106084-28106330|ORR1E	chr3	87.879	406	462	41	71	525	11428689	11429142	2247	2.78e-147	529	-
chr2:28352880-28353196|ORR1E	chr3	80.401	562	699	84	1549	2235	11682727	11683384	2317	2.27e-133	483	-
chr2:29279306-29279632|ORR1E	chr3	81.606	1645	2007	260	114	2327	12574717	12577001	2327	3.63e-166	1526.65	+
chr2:30626267-30626599|ORR1D2	chr3	79.584	651	818	110	803	1600	13902592	13903372	2333	2.24e-148	532	-
chr2:30679559-30679903|ORR1D2	chr3	82.356	1685	2046	222	359	2307	13956401	13958404	2345	0	1650	-
chr2:31929771-31930002|ORR1E	chr3	80.82	1854	2294	279	7	2226	15208079	15210285	2232	0	1650	-
chr2:33856925-33857151|ORR1D2	chr3	78.395	1426	1819	266	270	2028	17161234	17162985	2227	0	1064	-
chr2:34976483-34976830|ORR1E	chr3	81.987	619	755	86	1413	2138	18264564	18265297	2348	2.83e-167	595	+
chr2:35225264-35225593|ORR1D2	chr3	82.179	973	1184	149	1185	2330	18553146	18554305	2330	0	961	+
chr2:35240473-35240790|ORR1E	chr3	77.74	1851	2381	342	1	2318	18570715	18572970	2318	0	1288	+
chr2:35996818-35997119|ORR1E	chr3	81.406	1366	1678	233	644	2280	19351895	19353534	2302	0	1297	-
chr2:36273012-36273361|ORR1D2	chr3	79.914	1305	1633	224	7	1597	19626368	19627938	2350	0	1103	+
chr2:37881236-37881562|ORR1E	chr3	85.214	1553	1866	230	26	2326	21644731	21646785	2327	0	1554.2	+
chr2:37893229-37893554|ORR1E	chr3	83.832	1037	1237	144	850	2042	21660231	21661455	2326	0	1125	+
chr2:41626389-41626712|ORR1D2	chr3	84.114	916	1089	127	1	1067	25632093	25633157	2324	0	1011	+
chr2:41707667-41707978|ORR1E	chr3	81.039	1342	1656	254	640	2266	25708129	25709753	2312	0	1264	-
chr2:42522580-42522942|ORR1D2	chr3	83.303	454	545	65	3	546	26586768	26587287	2363	2.99e-132	479	+
chr2:43484761-43485103|ORR1E	chr3	81.724	1346	1647	237	688	2324	27684834	27686426	2343	0	1315	+
chr2:44246947-44247274|ORR1E	chr3	84.353	1558	1847	225	1	1816	28462843	28464656	2328	0	1751	-
chr2:46533993-46534295|ORR1D2	chr3	80.832	1632	2019	294	5	1956	30747610	30749602	2303	0	1498	-
chr2:48546282-48546647|ORR1D2	chr3	87.479	1558	1781	180	1	1764	32915421	32917175	2366	0	2013	+
chr2:50525074-50525405|ORR1D2	chr3	82.051	1127	1388	196	251	2332	34968452	34970496	2332	0	1004.15	+
chr3:61223110-61223371|ORR1E	chr5	79.359	396	499	84	96	582	19093293	19093784	2262	2.36e-88	333	-
chr2:51579760-51580106|ORR1D2	chr3	80.696	765	948	140	1421	2347	36036919	36037844	2347	0	697	-
chr2:52339871-52340200|ORR1E	chr3	80.371	606	754	78	1592	2299	36816493	36817222	2330	3.76e-141	508	+
chr2:52686165-52686479|ORR1E	chr3	81.448	1181	1450	180	933	2314	37178102	37179530	2315	0	1105	+
chr2:52979584-52979780|ORR1D2	chr3	84.548	870	1029	128	829	1854	37471705	37472705	2197	0	990	-
chr2:53802145-53802479|ORR1E	chr3	78.928	1060	1343	191	1	1320	38227285	38228558	2335	0	828	-
chr2:53844043-53844383|ORR1D2	chr3	80.104	616	769	103	1119	1857	38271963	38272711	2341	1.04e-146	527	-
chr2:54060490-54060798|ORR1E	chr3	83.42	1922	2304	265	1	2247	38520668	38522911	2309	0	2030	-
chr2:55643494-55643829|ORR1D2	chr3	79.487	1581	1989	284	1	1914	40164185	40166124	2336	0	1299	+
chr2:56966370-56966563|ORR1E	chr3	82.688	1046	1265	144	73	1318	41505761	41506969	2194	0	1053	-
chr2:57190959-57191286|ORR1E	chr3	82.759	576	696	94	956	1629	41770597	41771288	2328	7.8e-168	597	-
chr2:59652487-59652775|ORR1D2	chr3	82.483	1116	1353	175	969	2288	44138543	44139866	2289	0	1129	-
chr2:60278743-60279013|ORR1E	chr3	83.677	1723	2067	251	326	2204	44749746	44751977	2271	0	1734.7	+
chr2:60298332-60298644|ORR1D2	chr3	80.778	685	848	96	1488	2313	44768368	44769170	2313	5.99e-169	601	+
chr2:60809675-60809971|ORR1E	chr3	77.642	1394	1789	250	1	2187	45252989	45255199	2297	0	932.9	+
chr2:61014999-61015320|ORR1D2	chr3	81.678	370	453	60	973	1408	45469841	45470287	2322	5.17e-95	355	+
chr2:61052406-61052734|ORR1D2	chr3	80.842	1785	2208	292	6	2164	45521441	45523566	2329	0	1613	+
chr2:61154827-61155011|ORR1E	chr3	81.612	1509	1849	260	244	2079	45652903	45654684	2185	0	1458	-
chr1:84274975-84275210|ORR1D2	chr9	82.524	935	1133	134	5	1133	85494112	85495184	2236	0	937	+
chr2:65391401-65391619|ORR1D2	chr3	84.89	500	589	66	98	681	50079723	50080293	2219	1.25e-160	573	+
chr2:68830128-68830333|ORR1E	chr3	85.283	678	795	95	577	1357	53600359	53601145	2206	0	800	-
chr2:68879092-68879269|ORR1E	chr3	79.211	1806	2280	250	2	2172	53647881	53650045	2178	0	1378	-
chr2:68970510-68970826|ORR1E	chr3	82.93	583	703	90	2	700	53725993	53726669	2317	1.29e-170	606	-
chr2:70453916-70454223|ORR1E	chr3	90.036	1882	2170	219	1	2211	55252691	55254810	2308	0	2230.6	+
chr2:70909246-70909592|ORR1E	chr3	85.398	772	904	100	1446	2342	55712368	55713246	2347	0	909	-
chr2:72775789-72776012|ORR1E	chr3	82.612	1891	2289	262	2	2207	57625983	57628218	2224	0	1897	+
chr2:73146146-73146488|ORR1E	chr3	86.432	344	398	30	1955	2340	58018139	58018524	2343	8.49e-113	414	+
chr2:73160910-73161276|ORR1D2	chr3	83.81	1584	1890	233	528	2367	58030312	58032178	2367	0	1727	-
chr2:73559768-73559971|ORR1E	chr3	79.87	369	462	71	1310	1751	58448100	58448559	2204	6.43e-84	318	+
chr2:73813074-73813239|ORR1D2	chr3	86.527	289	334	43	1	332	58715827	58716160	2166	2.23e-98	366	-
chr2:73813365-73813494|ORR1D2	chr3	85.544	503	588	71	4	587	58715827	58716404	2130	1.53e-169	603	-
chr2:76119979-76120324|ORR1D2	chr3	81.138	499	615	84	1754	2346	61046607	61047211	2346	8.32e-128	464	+
chr2:76123833-76123946|ORR1E	chr3	86.062	531	617	52	1	609	61048704	61049294	2114	1.94e-178	632	+
chr2:77266084-77266298|ORR1E	chr3	78.502	891	1135	143	1	1106	62204930	62205992	2215	0	651	+
chr2:78366220-78366582|ORR1E	chr3	86.512	635	734	78	1648	2361	63303965	63304697	2363	0	787	+
chr2:78882182-78882470|ORR1E	chr3	91.036	325	357	21	45	390	63799007	63799363	2289	4.85e-130	472	+
chr2:79621434-79621778|ORR1D2	chr3	79.932	1418	1774	238	8	1738	64523137	64524835	2345	0	1195	-
chr2:80676965-80677327|ORR1E	chr3	81.868	1043	1274	157	161	1411	65600120	65601342	2363	0	1005	-
chr2:82311089-82311454|ORR1E	chr3	81.079	1007	1242	182	1129	2348	67341410	67342620	2366	0	942	-
chr2:83054125-83054236|ORR1E	chr3	87.879	1653	1881	178	13	1871	68074811	68076663	2112	0	2165	+
chr2:83070396-83070524|ORR1E	chr3	80.133	1202	1500	206	19	1480	68103409	68104854	2129	0	1035	+
chr2:83674811-83675129|ORR1D2	chr3	79.286	1910	2409	334	6	2319	68773324	68775662	2319	0	1531	+
chr2:85363817-85364132|ORR1E	chr3	81.752	1008	1233	156	1124	2316	70427079	70428282	2316	0	966	-
chr2:85340005-85340335|ORR1E	chr3	83.03	1003	1208	162	1139	2331	70427103	70428282	2331	0	1055	-
chr2:86195836-86196161|ORR1D2	chr3	79.255	1681	2121	291	4	2065	71201330	71203360	2326	0	1341	-
chr2:87914282-87914618|ORR1D2	chr3	79.535	513	645	93	507	1126	73400693	73401323	2337	1.41e-115	424	-
chr2:88959584-88959946|ORR1D2	chr3	86.631	1309	1511	164	1	1494	74751124	74752613	2363	0	1637	+
chr2:91835142-91835468|ORR1D2	chr3	80.224	1075	1340	150	1	1302	77801853	77803115	2327	0	900	+
chr2:92125289-92125626|ORR1E	chr3	81.834	1428	1745	210	70	1773	78096968	78098646	2338	0	1367	+
chr2:92756166-92756490|ORR1D2	chr3	84.378	794	941	119	720	1650	78719045	78719967	2325	0	898	-
chr2:93161583-93161922|ORR1E	chr3	83.004	1593	1900	190	1	2089	79119397	79121236	2340	0	1615	+
chr2:93161922-93162274|ORR1D2	chr3	84.615	836	988	90	604	1564	79120284	79121236	2353	0	926	-
chr2:93166561-93166725|ORR1E	chr3	79.814	1839	2261	214	1	2165	79124170	79126374	2165	0	1564.65	+
chr2:93723190-93723466|ORR1E	chr3	83.169	1433	1723	203	471	2148	79692899	79694579	2277	0	1495	-
chr2:100348687-100349034|ORR1E	chr3	94.956	433	456	23	1	456	86707852	86708307	2348	0	715	-
chr2:101991752-101992123|ORR1E	chr3	82.427	1440	1747	223	1	1715	88281968	88283662	2372	0	1448	+
chr2:102100059-102100388|ORR1E	chr3	78.519	1854	2329	303	23	2330	88395637	88397969	2330	0	1434.5	+
chr2:102652117-102652422|ORR1E	chr3	83.861	1060	1264	165	492	1724	88997873	88999128	2306	0	1168	-
chr2:104446010-104446352|ORR1D2	chr3	80.952	1191	1461	150	15	2336	90815020	90817342	2343	0	1036.45	+
chr2:105167660-105168002|ORR1E	chr3	84.375	1728	2048	223	337	2343	91607108	91609099	2343	0	1919	-
chr6:19453168-19453448|ORR1E	chr4	85.867	322	375	42	44	414	47932658	47933025	2281	5.01e-105	388	-
chr2:107837752-107838079|ORR1E	chr3	79.963	1309	1637	243	2	1587	94280294	94281896	2328	0	1127	+
chr2:109144909-109145233|ORR1E	chr3	85.912	683	795	72	1	774	95632312	95633087	2325	0	811	-
chr2:109318880-109319160|ORR1E	chr3	84.033	1442	1716	203	19	1685	95797556	95799249	2281	0	1585	-
chr2:109944425-109944746|ORR1E	chr3	81.6	1969	2413	289	1	2322	96471302	96473650	2322	0	1853	-
chr2:112566411-112566698|ORR1E	chr3	85.219	369	433	35	4	430	99368258	99368667	2288	6.4e-114	418	-
chr2:114599862-114600200|ORR1E	chr3	83.898	1486	1782	182	159	1927	101379749	101381579	2339	0	1467.75	+
chr2:120617552-120617861|ORR1E	chr3	83.141	863	1038	112	850	1839	107560054	107561076	2310	0	889	-
chr2:121552846-121553064|ORR1D2	chr3	80.685	777	963	110	1143	2088	108499737	108500640	2219	0	678	+
chr2:122672869-122673157|ORR1D2	chr3	82.739	1160	1402	161	1	1357	109744841	109746206	2289	0	1173	-
chr2:122721177-122721487|ORR1E	chr3	83.382	1430	1715	236	630	2311	109794236	109795934	2311	0	1543	+
chr2:124543378-124543719|ORR1D2	chr3	86.33	1181	1368	155	224	1580	111806243	111807589	2342	0	1461	-
chr2:124704369-124704672|ORR1E	chr3	82.788	1948	2353	300	1	2302	111977048	111979346	2304	0	2004	-
chr2:124720105-124720416|ORR1E	chr3	83.291	1949	2340	245	8	2312	111993276	111995504	2312	0	2021	-
chr2:125217340-125217681|ORR1E	chr3	82.231	1268	1542	185	55	1555	112469476	112470969	2342	0	1247	-
chr2:125456055-125456385|ORR1E	chr3	83.705	1901	2287	288	1	2331	112699587	112701828	2331	0	1894.3	+
chr2:125972035-125972312|ORR1E	chr3	80.978	1341	1656	214	655	2260	113221665	113223269	2278	0	1219	-
chr2:126507635-126507760|ORR1D2	chr3	84.076	396	471	59	1430	1898	113764671	113765127	2126	1.27e-120	440	+
chr2:126682382-126682710|ORR1E	chr3	82.688	1965	2339	257	2	2329	113929055	113931360	2329	0	2032.05	+
chr2:127586864-127586974|ORR1D2	chr3	86.696	593	684	75	167	839	114820928	114821606	2111	0	745	-
chr2:127891419-127891510|ORR1E	chr3	84.249	1257	1492	170	566	2037	115125056	115126502	2092	0	1393	-
chr2:128170615-128170957|ORR1D2	chr3	86	774	900	102	1393	2287	115411224	115412104	2343	0	942	-
chr7:136255682-136255927|ORR1D2	chr3	75.153	369	491	98	1701	2175	115589590	115590072	2246	4.12e-51	209	+
chr2:128359173-128359353|ORR1D2	chr3	81.879	854	1043	122	1059	2090	115602944	115603930	2181	0	817	+
chr2:128543457-128543775|ORR1E	chr3	81.773	1660	2030	249	1	1985	115788563	115790516	2319	0	1587	-
chr2:128552461-128552774|ORR1E	chr3	86.552	1963	2268	218	88	2305	115796871	115799101	2314	0	2418	+
chr2:128922034-128922368|ORR1E	chr3	84.078	866	1030	118	814	1811	116172489	116173504	2335	0	952	-
chr2:129167372-129167493|ORR1E	chr3	82.783	952	1150	126	3	1125	116396864	116397968	2122	0	961	+
chr2:130129653-130130030|ORR1D2	chr3	83.154	617	742	88	698	1429	117328782	117329496	2378	0	643	-
chr2:130220564-130220894|ORR1E	chr3	81.068	972	1199	148	463	1640	117419696	117420836	2331	0	883	-
chr2:132035599-132035882|ORR1E	chr3	82.125	1507	1823	178	136	2133	119285052	119286871	2284	0	1413.6	+
chr2:132091837-132092107|ORR1D2	chr3	82.776	1932	2334	245	1	2261	119340314	119342563	2271	0	1938	+
chr2:132587462-132587539|ORR1E	chr3	80.837	502	621	79	539	1127	119839918	119840530	2078	5.73e-124	451	-
chr2:132867630-132867915|ORR1D2	chr3	82.175	1088	1324	142	2	1296	120138527	120139785	2286	0	1051	+
chr2:135390583-135390938|ORR1E	chr3	83.475	1182	1416	188	343	1737	122688368	122689758	2356	0	1277	-
chr2:135773050-135773371|ORR1E	chr3	83.39	1230	1475	193	1	1458	123069885	123071324	2322	0	1319	-
chr2:135996204-135996393|ORR1E	chr3	79.458	851	1071	147	1	1049	123302793	123303812	2190	0	691	-
chr2:136938875-136939223|ORR1D2	chr3	83.414	1202	1441	148	942	2334	124258248	124259645	2349	0	1253	-
chr2:138503800-138504151|ORR1E	chr3	83.343	1416	1699	247	17	1701	125865167	125866843	2352	0	1537	-
chr2:139925175-139925363|ORR1E	chr3	84.737	644	760	96	1442	2189	127262376	127263127	2189	0	743	-
chr2:140830334-140830490|ORR1E	chr3	83.092	1376	1656	178	39	1626	128160518	128162139	2157	0	1413	-
chr2:141966689-141967082|ORR1E	chr3	85.558	705	824	102	487	1302	129310775	129311589	2394	0	846	-
chr2:143177695-143177779|ORR1E	chr3	82.514	1746	2116	277	14	2085	130514016	130516082	2085	0	1772	-
chr2:143179095-143179452|ORR1D2	chr3	84.383	1956	2318	297	1	2288	130515414	130517696	2358	0	2215	+
chr2:143184954-143185241|ORR1E	chr3	82.975	541	652	92	4	640	130524918	130525565	2288	4.65e-160	571	-
chr2:143556214-143556567|ORR1E	chr3	82.806	1204	1454	171	933	2353	130900838	130902245	2354	0	1227	+
chr2:144658805-144659101|ORR1E	chr3	82.91	1208	1457	178	401	1823	132053663	132055082	2297	0	1245	-
chr2:145655946-145656269|ORR1E	chr3	84.023	873	1039	115	255	1257	133066441	133067464	2324	0	952	-
chr2:146068251-146068542|ORR1E	chr3	79.237	1056	1311	159	38	1291	133491581	133492872	2292	1e-161	874.95	+
chr2:146340969-146341333|ORR1D2	chr3	83.01	2013	2425	259	1	2365	133753957	133756288	2365	0	2054	+
chr2:146498130-146498450|ORR1D2	chr3	83.894	1172	1397	143	1	1328	133922005	133923388	2321	0	1258	+
chr2:146814915-146815213|ORR1E	chr3	84.77	590	696	79	1618	2295	134235848	134236534	2299	0	673	-
chr2:147010109-147010465|ORR1D2	chr3	83.54	944	1130	130	230	1336	134434231	134435327	2357	0	1005	-
chr2:147058338-147058692|ORR1E	chr3	81.145	1545	1904	234	492	2350	134488064	134489887	2355	0	1411	-
chr2:148393209-148393330|ORR1E	chr3	85.847	649	756	96	1351	2104	135850771	135851517	2122	0	793	-
chr2:148457895-148458054|ORR1E	chr3	82.005	1759	2145	267	5	2096	135911418	135913496	2160	0	1712	+
chr2:148642431-148642777|ORR1E	chr3	84.439	1731	2050	243	61	2063	136070856	136072876	2347	0	1949	-
chr2:148719397-148719622|ORR1E	chr3	81.097	1306	1574	189	1	1608	136157603	136159250	2226	0	1281.55	+
chr2:149645151-149645438|ORR1D2	chr3	84.759	951	1122	143	1	1104	137826986	137828097	2288	0	1099	-
chr2:150419654-150419916|ORR1D2	chr3	81.511	507	622	83	1353	1952	138663495	138664106	2263	2.21e-133	483	-
chr2:150655412-150655748|ORR1E	chr3	82.664	1297	1569	182	39	1555	139485827	139487357	2337	0	1308	+
chr2:150672083-150672242|ORR1E	chr3	79.666	1716	2154	285	76	2160	139503325	139505394	2160	0	1410	+
chr2:150886074-150886299|ORR1E	chr3	79.958	1303	1613	159	29	1548	139700706	139702334	2226	1.6e-169	1066.85	+
chr2:151128409-151128746|ORR1E	chr3	80.112	572	714	116	737	1436	139862277	139862978	2338	3.78e-141	508	+
chr2:151158700-151158803|ORR1E	chr3	75.312	967	1284	241	194	1450	139947668	139948902	2104	2.59e-152	545	-
chr2:152646613-152646947|ORR1D2	chr3	82.812	1937	2325	303	4	2335	141123996	141126467	2335	0	1962.7	+
chr2:153333930-153334277|ORR1D2	chr3	78.85	1741	2208	256	2	2112	141797752	141799845	2348	0	1295	-
chr2:153727353-153727705|ORR1D2	chr3	85.702	1037	1210	108	1152	2353	142205250	142206402	2353	0	1216	-
chr8:24779158-24779447|ORR1D2	chr3	75.962	316	416	78	1883	2287	142622088	142622492	2290	1.18e-46	195	-
chr2:154776069-154776366|ORR1D2	chr3	85.893	895	1042	124	1262	2298	143289100	143290123	2298	0	1088	-
chr2:154819373-154819599|ORR1E	chr3	83.522	1286	1580	182	1	1912	143328370	143330426	2227	0	1127.65	+
chr2:156857090-156857467|ORR1E	chr3	78.266	1901	2401	310	1	2369	145348937	145351443	2378	0	1415.5	+
chr2:157744632-157744988|ORR1E	chr3	85.835	915	1066	102	1303	2356	146393928	146394956	2357	0	1086	-
chr2:158189521-158189837|ORR1E	chr3	79.355	615	775	101	1	749	146843182	146843923	2317	1.36e-135	490	+
chr2:160978984-160979271|ORR1E	chr3	81.885	1008	1231	134	443	1633	149628276	149629457	2288	0	955	+
chr8:35053489-35053804|ORR1E	chr3	89.655	468	522	35	362	865	149699450	149699970	2316	0	647	+
chr2:161102225-161102534|ORR1E	chr3	82.48	1224	1484	169	175	1605	149750194	149751639	2310	0	1216	+
chr2:161405815-161406119|ORR1E	chr3	82.215	1017	1237	132	258	1425	150064909	150066126	2305	0	985	-
chr2:165852547-165852918|ORR1E	chr3	83.269	1968	2439	308	13	2370	154593636	154596136	2372	0	1657.75	+
chr2:166263460-166263798|ORR1D2	chr3	81.863	835	1020	129	1007	2015	155008909	155009883	2339	0	808	+
chr2:166491907-166492208|ORR1E	chr3	77.977	1303	1671	234	686	2302	155237320	155238910	2302	0	924	-
chr2:166754314-166754643|ORR1E	chr3	81.586	576	706	93	1647	2326	155494363	155495057	2330	2.22e-153	549	-
chr2:166956636-166956917|ORR1D2	chr3	80.414	427	531	58	148	653	155688059	155688568	2282	3.04e-97	363	+
chr2:168359181-168359482|ORR1E	chr3	80.876	351	434	53	977	1381	157070391	157070823	2302	8.7e-83	315	+
chr2:168429576-168429925|ORR1D2	chr3	81.692	531	650	72	1348	1981	157139918	157140536	2350	8.22e-138	497	-
chr2:169089118-169089410|ORR1E	chr3	85.155	522	613	70	1694	2292	157844506	157845111	2293	3.55e-171	608	+
chr2:169104071-169104404|ORR1D2	chr3	80	744	930	111	382	1279	157858876	157859762	2334	6e-174	617	+
chr2:169499263-169499632|ORR1E	chr3	80.906	500	618	84	83	685	158262313	158262911	2370	1.41e-125	457	-
chr2:169515272-169515591|ORR1E	chr3	88.275	783	887	88	1419	2297	158278879	158279757	2320	0	1048	-
chr2:169703818-169704168|ORR1D2	chr3	81.603	1242	1522	179	30	1500	158475157	158476628	2351	0	1166	-
chr2:169958777-169959123|ORR1E	chr3	88.251	676	766	70	95	851	158736870	158737624	2347	0	898	-
chr2:170025035-170025276|ORR1D2	chr3	76.511	1101	1439	181	33	1389	158802884	158804247	2242	1.23e-180	640	-
chr2:170094596-170094892|ORR1E	chr3	85.976	423	492	38	2	467	158872041	158872527	2297	8.03e-138	497	+
chr2:171265930-171266238|ORR1E	chr3	78.235	1197	1530	265	21	1533	160057483	160058961	2309	0	918	-
chr2:172966550-172966879|ORR1E	chr3	76.521	981	1282	205	1	1257	161740287	161741497	2330	2.79e-172	612	+
chr2:178133673-178133922|ORR1E	chr3	78.276	1153	1473	210	79	1502	165218768	165220179	2250	0	846	-
chr2:178563248-178563602|ORR1D2	chr3	83.991	1532	1824	215	354	2148	165651599	165653374	2355	0	1679	-
chr2:178664886-178664984|ORR1E	chr3	78.828	901	1143	143	991	2099	165755110	165756187	2099	0	678	-
chr2:178665059-178665253|ORR1E	chr3	79.132	766	968	111	1260	2195	165755279	165756187	2195	5.72e-164	584	-
chr2:178700832-178701159|ORR1D2	chr3	81.909	738	901	112	865	1743	165790523	165791394	2328	0	713	-
chr2:178718209-178718453|ORR1E	chr3	85.28	1935	2269	248	1	2217	165810046	165812280	2245	0	2261	+
chr2:178854091-178854440|ORR1D2	chr3	81.643	1441	1765	221	336	2056	165933783	165935488	2350	0	1369	+
chr2:179469694-179469989|ORR1E	chr3	83.322	1184	1421	167	471	1869	166557493	166558865	2296	0	1247	+
chr5:28269756-28270074|ORR1E	chr4	80.638	708	878	121	15	882	7127621	7128459	2319	5.92e-179	634	-
chr5:25198580-25198867|ORR1E	chr4	82.575	1597	1934	226	1	1892	9904101	9905965	2288	0	1602	+
chr5:23386673-23386834|ORR1D2	chr4	85.41	1042	1220	116	744	1915	11772986	11774191	2162	0	1210	-
chr5:22536334-22536675|ORR1E	chr4	78.12	889	1138	165	1001	2084	12558315	12559422	2342	0	645	-
chr5:21735574-21735821|ORR1E	chr4	85.681	365	426	54	1	422	13310701	13311123	2248	3.73e-121	442	+
chr5:19089873-19090072|ORR1E	chr4	80.396	406	505	79	1663	2163	16048642	16049130	2200	2.26e-98	366	+
chr5:18088187-18088472|ORR1E	chr4	83.991	1873	2230	268	4	2193	17096578	17098758	2286	0	2058	-
chr5:16768671-16769000|ORR1D2	chr4	84.746	350	413	52	1921	2329	18563661	18564066	2330	1.83e-109	403	+
chr5:16125464-16125916|ORR1D2	chr4	82.318	1918	2330	249	196	2453	19199014	19201252	2453	0	1869	-
chr5:13182292-13182431|ORR1E	chr4	81.897	846	1033	150	236	1249	21693696	21694710	2140	0	837	-
chr5:12041921-12042280|ORR1E	chr4	82.649	1429	1729	256	1	1700	22861581	22863294	2360	0	1491	+
chr5:8456643-8456937|ORR1E	chr4	80.437	1398	1738	214	111	1778	25629287	25630968	2295	0	1210	-
chr5:6160054-6160112|ORR1D2	chr4	85.788	996	1161	117	465	1589	27789620	27790768	2059	0	1186	-
chr5:5860732-5861040|ORR1D2	chr4	83.462	757	907	123	4	894	28150666	28151561	2309	0	819	-
chr5:3939321-3939654|ORR1D2	chr4	80.086	1299	1622	217	3	1578	30180195	30181756	2334	0	1109	+
chr5:3493792-3494043|ORR1E	chr4	78.465	1840	2345	343	16	2252	30673255	30675545	2252	0	1384	-
chr5:3392305-3392663|ORR1E	chr4	85.02	630	741	77	1636	2359	30773125	30773848	2359	0	723	-
chr6:5022675-5023008|ORR1E	chr4	80.073	438	547	80	1	544	33157634	33158154	2334	3.08e-102	379	-
chr6:6077340-6077696|ORR1D2	chr4	82.762	1993	2425	272	1	2357	34216337	34218736	2357	0	1839.2	+
chr6:6149298-6149641|ORR1E	chr4	79.825	1187	1487	221	866	2308	34293255	34294706	2344	0	1011	+
chr6:7661501-7661841|ORR1D2	chr4	87.936	879	1019	106	199	1711	35774603	35776065	2341	0	1022.2	+
chr6:7828390-7828685|ORR1E	chr4	81.858	1888	2336	328	1	2296	35919625	35921958	2296	0	1635.9	+
chr6:7940404-7940482|ORR1E	chr4	81.253	1569	1931	239	1	1872	36021426	36023292	2079	0	1447	-
chr6:8274357-8274646|ORR1D2	chr4	84.823	1386	1634	169	1	1600	36329400	36330988	2290	0	1570	-
chr6:8621507-8621846|ORR1E	chr4	81.913	1961	2394	316	3	2339	36646655	36648988	2340	0	1914	-
chr6:11319436-11319761|ORR1E	chr4	85.876	456	531	54	1809	2326	39411940	39412462	2326	2.86e-152	545	-
chr6:12125005-12125323|ORR1E	chr4	81.326	1607	1976	272	381	2319	40257111	40259026	2319	0	1515	-
chr6:15739220-15739555|ORR1E	chr4	83.988	1988	2367	267	1	2336	43989457	43991742	2336	0	2169	-
chr6:15979896-15980253|ORR1D2	chr4	85.379	1419	1662	185	1	1646	44253930	44255549	2358	0	1670	+
chr6:17652045-17652360|ORR1E	chr4	82.597	1234	1494	169	4	1463	45992437	45993873	2316	0	1234	-
chr6:17790093-17790426|ORR1D2	chr4	82.426	1196	1451	190	885	2314	46137099	46138505	2334	0	1206	-
chr6:18100188-18100532|ORR1D2	chr4	81.541	1259	1544	177	473	1965	46444694	46446180	2345	0	1173	-
chr6:19409312-19409642|ORR1E	chr4	85.63	435	508	64	1581	2080	47882283	47882789	2331	3.74e-146	525	+
chr6:23616370-23616660|ORR1E	chr4	81.495	1352	1659	226	651	2290	52107868	52109464	2291	0	1288	+
chr6:24327676-24327841|ORR1D2	chr4	87.234	451	517	53	85	591	52807786	52808299	2166	9.45e-162	577	+
chr6:26135734-26136091|ORR1D2	chr4	83.55	965	1155	154	687	1838	54616263	54617384	2358	0	1048	+
chr6:29311190-29311534|ORR1D2	chr4	83.877	463	552	75	837	1387	57912297	57912835	2345	8.14e-143	514	-
chr6:29322759-29323130|ORR1E	chr4	82.611	1430	1731	235	1	1715	57925130	57926810	2372	0	1469	-
chr6:29713015-29713357|ORR1D2	chr4	80.587	988	1226	137	266	1418	58323549	58324746	2343	0	852	-
chr6:30029137-30029304|ORR1D2	chr4	83.04	945	1155	156	160	1690	58642349	58644025	2168	1.62e-144	874.95	+
chr6:31415274-31415563|ORR1D2	chr4	83.513	851	1019	123	38	1049	60020266	60021246	2290	0	909	-
chr6:33119412-33119621|ORR1E	chr4	84.449	744	881	108	1	874	61677489	61678347	2210	0	841	+
chr6:33322822-33323153|ORR1D2	chr4	79.28	639	806	102	41	831	61884452	61885207	2332	1.75e-139	503	-
chr6:33840314-33840588|ORR1D2	chr4	82.658	1206	1453	130	898	2272	62443136	62444562	2275	0	1146.65	+
chr6:34674912-34675244|ORR1E	chr4	82.003	1932	2356	282	9	2333	63340774	63343018	2333	0	1871	-
chr6:35597967-35598327|ORR1E	chr4	88.026	963	1094	107	56	1145	64230019	64231092	2361	0	1273	+
chr6:37633884-37634217|ORR1D2	chr4	82.08	1768	2154	222	239	2331	66296388	66298438	2334	0	1688	-
chr6:37636493-37636693|ORR1D2	chr4	81.078	737	909	119	891	1773	66299895	66300776	2201	0	676	-
chr6:37828492-37828609|ORR1D2	chr4	87.598	445	508	52	1478	1983	66518108	66518606	2118	2.57e-162	579	+
chr6:38627282-38627562|ORR1E	chr4	81.896	959	1171	141	935	2082	67364391	67365513	2281	0	922	+
chr6:38712893-38713217|ORR1D2	chr4	86.311	744	862	84	1	838	67453676	67454527	2325	0	907	+
chr6:38982662-38983024|ORR1D2	chr4	80.466	1726	2145	285	1	2042	67730545	67732658	2363	0	1517	-
chr6:39258690-39258902|ORR1D2	chr4	82.935	763	920	117	315	1213	68024891	68025791	2213	0	793	-
chr6:39553881-39554220|ORR1D2	chr4	84.012	578	688	100	1387	2070	68328230	68328911	2340	0	652	+
chr6:40898457-40898773|ORR1E	chr4	87.202	1315	1508	166	155	1648	69754983	69756477	2317	0	1690	+
chr6:41741416-41741599|ORR1E	chr4	81.931	925	1129	157	28	1132	70636230	70637335	2184	0	911	-
chr6:41854962-41855187|ORR1D2	chr4	81.125	649	800	99	49	807	70793888	70794676	2226	9.64e-167	593	+
chr6:42932221-42932432|ORR1E	chr4	79.369	1258	1585	230	414	1953	71902459	71903991	2212	0	1026	+
chr6:43377998-43378282|ORR1E	chr4	84.825	1823	2188	254	1	2248	72199024	72201124	2285	0	1820.2	+
chr6:45359488-45359606|ORR1E	chr4	82.234	773	940	143	121	1053	74405423	74406345	2119	0	789	+
chr6:48712725-48712789|ORR1E	chr4	83.273	458	550	76	701	1248	77663470	77664005	2065	3.35e-136	492	-
chr6:50139957-50140270|ORR1E	chr4	82.677	1268	1511	157	383	2073	79199189	79200864	2314	0	1297.7	+
chr6:50223028-50223348|ORR1D2	chr4	85.025	1022	1202	128	345	1513	79276075	79277257	2321	0	1175	+
chr6:50247547-50247740|ORR1E	chr4	83.936	1207	1438	181	82	1495	79306524	79307935	2194	0	1330	-
chr6:50372675-50372865|ORR1D2	chr4	82.015	1410	1722	199	15	2057	79430148	79432418	2191	0	1279.65	+
chr6:50384287-50384655|ORR1E	chr4	82.293	1780	2163	257	1	2093	79441845	79443951	2369	0	1757	-
chr6:51747805-51748147|ORR1E	chr4	81.609	355	435	53	3	418	80841205	80841631	2343	6.8e-89	335	-
chr6:52424503-52424836|ORR1E	chr4	84.799	1285	1498	163	653	2258	81523637	81525275	2334	0	1463.95	+
chr6:52648145-52648267|ORR1E	chr4	85.444	587	687	86	523	1198	81755731	81756414	2123	0	702	+
chr6:52889074-52889398|ORR1D2	chr4	76.355	775	1015	167	588	1561	82004337	82005319	2325	1.06e-131	477	+
chr6:53064107-53064435|ORR1E	chr4	84.846	1019	1201	158	606	1800	82178247	82179429	2329	0	1188	-
chr6:54483133-54483464|ORR1D2	chr4	83.632	981	1173	142	462	1613	83607478	83608621	2332	0	1057	-
chr6:54553695-54553985|ORR1E	chr4	83.644	1882	2250	287	1	2214	83681916	83684120	2291	0	2041	-
chr6:56067449-56067702|ORR1D2	chr4	83.094	1272	1512	166	1	1542	85293033	85294521	2254	0	1324.3	+
chr6:58893324-58893659|ORR1D2	chr4	83.899	865	1031	119	8	1006	88011287	88012302	2336	0	941	-
chr6:59313028-59313169|ORR1D2	chr4	85.377	1102	1332	160	1	2140	88528059	88530186	2142	5.46e-179	1064	+
chr6:59313570-59313641|ORR1D2	chr4	81.741	958	1172	162	932	2072	88529505	88530655	2072	0	931	+
chr6:60931410-60931757|ORR1D2	chr4	85.443	540	632	67	1049	1662	89880292	89880916	2348	6e-179	634	-
chr6:61161540-61161858|ORR1E	chr4	83.236	710	853	125	1	847	90130090	90130930	2319	0	767	-
chr6:64890938-64891208|ORR1E	chr4	80.538	1618	2009	266	326	2270	94116915	94118862	2271	0	1428	-
chr6:65448915-65449242|ORR1E	chr4	78.894	1013	1284	149	455	1675	94747502	94748726	2328	0	758	+
chr6:66951725-66952058|ORR1D2	chr4	80.502	545	677	67	1425	2047	96072231	96072896	2334	3.85e-126	459	-
chr6:67469758-67470034|ORR1D2	chr4	86.812	678	781	78	1000	1773	96635933	96636695	2277	0	848	-
chr6:71457963-71458252|ORR1D2	chr4	86.714	979	1129	104	1	1113	103466033	103467131	2290	0	1212	-
chr6:72037749-72037927|ORR1E	chr4	85.185	345	405	52	1400	1797	104084139	104084542	2179	3.67e-111	409	-
chr6:72155657-72155932|ORR1D2	chr4	83.15	1056	1270	159	178	1411	104193519	104194769	2276	0	1109	-
chr6:73059816-73060013|ORR1E	chr4	87.58	817	953	107	1236	2196	105115073	105116065	2198	5.85e-149	931	+
chr6:73139523-73139888|ORR1E	chr4	86.679	1177	1441	159	1	1700	105199976	105201585	2366	7.99e-163	1045.95	+
chr6:74250413-74250758|ORR1E	chr4	83.277	2004	2410	303	1	2346	106398243	106400689	2346	0	2000.7	+
chr6:74443809-74443990|ORR1D2	chr4	81.386	599	736	97	1461	2182	106574465	106575174	2182	7.41e-158	564	-
chr6:75159935-75160155|ORR1D2	chr4	84.706	720	850	104	1391	2221	107329195	107330037	2221	0	826	-
chr6:76513045-76513372|ORR1D2	chr4	82.572	1573	1905	255	214	2092	108878374	108880227	2328	0	1607	+
chr6:77335501-77335827|ORR1E	chr4	82.432	1647	1998	262	178	2128	109788975	109790930	2327	0	1663	+
chr6:80289801-80290163|ORR1D2	chr4	78.525	1203	1532	238	860	2321	112834467	112835977	2363	0	922	-
chr6:82875377-82875669|ORR1E	chr4	83.195	802	964	117	627	1572	115380011	115380947	2293	0	841	-
chr6:82908895-82909257|ORR1D2	chr4	80.311	775	965	132	897	1842	115408140	115409065	2363	0	676	+
chr6:82909608-82909828|ORR1D2	chr4	80.311	775	965	132	184	1129	115408140	115409065	2221	0	676	+
chr6:83727081-83727445|ORR1D2	chr4	82.345	1847	2243	254	58	2248	116210124	116212276	2365	0	1818	-
chr6:84759509-84759829|ORR1E	chr4	82.751	758	916	107	429	1318	117244979	117245869	2321	0	769	+
chr6:85631364-85631665|ORR1E	chr4	84.02	1162	1383	169	143	1511	118168714	118170058	2302	0	1282	-
chr6:85776960-85777341|ORR1D2	chr4	84.401	303	359	50	1073	1431	118197858	118198210	2382	8.88e-93	348	-
chr6:87130158-87130488|ORR1E	chr4	80.815	1011	1251	160	17	1243	119585077	119586271	2331	0	907	+
chr6:88653808-88654125|ORR1D2	chr4	84.599	1637	1935	229	407	2316	121117922	121119812	2318	0	1858	+
chr6:88861150-88861506|ORR1E	chr4	83.475	1965	2354	279	1	2315	121323432	121325714	2357	0	2091	+
chr6:88958063-88958412|ORR1E	chr4	83.259	1676	2013	231	97	2044	121421384	121423355	2350	0	1753	+
chr6:89056684-89056877|ORR1E	chr4	81.766	1556	1903	254	167	2046	121521614	121523446	2194	0	1506	-
chr6:89110248-89110553|ORR1E	chr4	83.481	849	1017	101	1	992	121575361	121576335	2306	0	885	-
chr6:91172406-91172758|ORR1E	chr4	88.433	948	1072	101	1	1065	123665445	123666500	2353	0	1271	-
chr6:91448510-91448803|ORR1E	chr4	85.547	438	512	42	687	1190	123958826	123959313	2294	1.33e-140	507	-
chr6:92107777-92108066|ORR1D2	chr4	88.74	1877	2226	222	1	2290	124623878	124626435	2290	0	1957.95	+
chr6:92580593-92580897|ORR1E	chr4	78.84	924	1172	137	1188	2303	125088947	125090063	2305	0	688	-
chr6:93475006-93475343|ORR1E	chr4	81.291	1977	2432	311	7	2338	125985304	125987691	2338	0	1838	-
chr6:93982029-93982385|ORR1D2	chr4	87.597	678	774	62	1593	2357	126506384	126507132	2357	0	867	-
chr6:94021581-94021914|ORR1E	chr4	81.426	811	996	119	1359	2334	126541968	126542917	2334	0	754	-
chr6:94166189-94166477|ORR1E	chr4	81.862	677	827	80	4	794	126689929	126690721	2289	2.1e-178	632	-
chr6:94835222-94835515|ORR1E	chr4	89.704	1793	2067	192	1	2276	127377750	127379979	2294	0	2112.8	+
chr6:97548814-97549161|ORR1E	chr4	87.448	843	964	93	1	950	130149223	130150172	2348	0	1085	-
chr6:97856622-97856921|ORR1D2	chr4	80.958	1909	2358	311	1	2300	130455611	130457888	2300	0	1740	+
chr6:99126787-99127130|ORR1D2	chr4	81.095	1274	1571	188	5	1523	131759716	131761229	2344	0	1155	+
chr6:99655681-99656022|ORR1E	chr4	84.065	976	1161	133	878	2006	132290332	132291472	2342	0	1072	+
chr6:100144951-100145311|ORR1E	chr4	89.655	1985	2412	288	1	2359	132790013	132792352	2361	0	1862	+
chr6:101290135-101290541|ORR1D2	chr4	83.886	1738	2050	236	72	2152	133909838	133911864	2407	0	1887.65	+
chr6:102697209-102697403|ORR1E	chr4	85.208	962	1129	133	19	1129	135355272	135356384	2195	0	1129	-
chr6:103094148-103094480|ORR1D2	chr4	81.645	1797	2201	261	170	2324	135837854	135839957	2333	0	1694	+
chr6:105487733-105488053|ORR1E	chr4	79.889	1438	1800	245	324	2054	138412034	138413785	2321	0	1210	-
chr6:107263880-107264192|ORR1E	chr4	85.191	581	682	71	1	662	140186934	140187605	2313	0	673	-
chr6:108024480-108024801|ORR1D2	chr4	85.622	1864	2177	243	177	2319	140985356	140987496	2322	0	2222	+
chr6:108168042-108168378|ORR1E	chr4	79.542	1388	1745	198	1	1680	141137232	141138882	2337	0	1098	+
chr6:108338287-108338612|ORR1E	chr4	83.04	377	454	36	1	415	141302092	141302543	2326	1.43e-100	374	-
chr6:108611841-108612012|ORR1E	chr4	87.275	1655	1913	191	190	2090	141570153	141572058	2172	0	1939.9	+
chr6:108630753-108631113|ORR1D2	chr4	84.733	2059	2430	259	1	2360	141586121	141588508	2361	0	2329	+
chr6:108728741-108729057|ORR1E	chr4	80.264	1399	1743	246	518	2194	141685806	141687516	2317	0	1223	+
chr6:108796768-108796895|ORR1E	chr4	84.269	1141	1354	157	807	2128	141763105	141764434	2128	0	1269	+
chr6:108844054-108844406|ORR1D2	chr4	83.683	1995	2384	240	41	2353	141812254	141814559	2353	0	2109	-
chr6:108910881-108911189|ORR1D2	chr4	90.285	697	772	55	1	765	141912731	141913489	2309	0	992	-
chr6:109110656-109111026|ORR1D2	chr4	85.185	1541	1809	193	28	1792	142112959	142114736	2371	0	1786	-
chr6:112366772-112367121|ORR1E	chr4	79.63	1767	2219	292	1	2134	145498258	145500401	2350	0	1447	+
chr6:113660027-113660703|ORR1D2	chr4	79.005	937	1186	171	1	1161	146806976	146808108	2677	0	739	-
chr6:114899700-114900054|ORR1E	chr4	82.394	1868	2272	275	71	2277	147964518	147966854	2355	0	1747.05	+
chr6:114905270-114905562|ORR1D2	chr4	83.257	726	872	92	1420	2273	147971806	147972641	2293	0	752	-
chr6:115767570-115767750|ORR1D2	chr4	80.763	529	655	72	7	626	148830519	148831154	2181	2.78e-127	462	-
chr6:116416223-116416500|ORR1E	chr4	81.998	870	1061	118	60	1090	149536607	149537624	2278	0	833	+
chr6:117372733-117373114|ORR1E	chr4	82.593	2007	2430	326	4	2382	150589180	150591563	2382	0	2054	+
chr6:119377640-119377867|ORR1E	chr4	81.818	1752	2119	244	6	2177	152544186	152546426	2228	0	1677.7	+
chr6:120454868-120454979|ORR1E	chr4	81.73	671	821	108	1	812	153655694	153656481	2112	0	647	+
chr6:120455029-120455091|ORR1E	chr4	82.622	830	1008	130	1	2058	153655850	153657750	2063	1.51e-154	789.45	+
chr6:121272318-121272656|ORR1E	chr4	78.596	694	883	105	1498	2339	154499599	154500438	2339	1.36e-140	507	-
chr6:122128910-122129195|ORR1E	chr4	79.204	537	678	105	1559	2213	155147370	155148034	2286	4.91e-120	438	+
chr6:121889688-121889955|ORR1E	chr4	78.917	1078	1366	231	14	1359	155036342	155037670	2268	0	874	+
chr6:122145729-122145874|ORR1D2	chr4	79.469	658	828	146	1284	2095	155174486	155175305	2146	2.03e-158	566	-
chr6:122538222-122538555|ORR1E	chr4	82.948	574	692	100	1	683	155759366	155760048	2334	3.61e-171	608	+
chr6:123319762-123320103|ORR1D2	chr4	78.308	935	1194	192	371	1540	156690363	156691513	2342	0	708	-
chr6:127205244-127205590|ORR1E	chr4	82.678	1198	1449	161	874	2288	160050278	160051670	2347	0	1203	-
chr6:127419997-127420338|ORR1E	chr4	85.088	1164	1368	149	243	1607	160271945	160273260	2342	0	1345	-
chr6:127422308-127422650|ORR1E	chr4	78.877	1826	2315	334	79	2339	160273288	160275501	2343	0	1423	+
chr6:127616921-127617050|ORR1D2	chr4	84.441	483	572	73	1214	1773	160464959	160465526	2130	2.02e-153	549	-
chr6:127867438-127867750|ORR1E	chr4	82.929	889	1072	142	1259	2313	160716470	160717517	2313	0	928	-
chr6:128006130-128006467|ORR1E	chr4	81.908	1544	1878	255	504	2338	160858498	160860355	2338	0	1467.75	+
chr6:129237080-129237244|ORR1E	chr4	78.772	1180	1498	210	701	2161	162673313	162674739	2165	0	905	+
chr6:134027181-134027328|ORR1E	chr4	83.893	500	596	64	98	687	166837633	166838202	2148	1.23e-150	540	+
chr6:134171296-134171639|ORR1E	chr4	81.377	1123	1380	153	125	1448	166984628	166985959	2344	0	1029	-
chr6:134403005-134403163|ORR1E	chr4	78.832	1404	1781	226	466	2147	167223366	167225094	2159	0	1061	-
chr6:134498222-134498566|ORR1D2	chr4	79.031	1436	1817	220	401	2097	167327721	167329496	2345	0	1096	+
chr6:135074366-135074643|ORR1E	chr4	80.542	1010	1254	164	1052	2278	167911549	167912749	2278	0	891	-
chr6:135418309-135418635|ORR1D2	chr4	80.6	1936	2402	300	13	2324	168267867	168270192	2327	0	1701	+
chr6:135596373-135596694|ORR1E	chr4	82.67	935	1131	160	1112	2227	168456740	168457849	2322	0	970	+
chr6:135680214-135680569|ORR1E	chr4	81.012	1297	1601	198	23	1583	168539232	168540766	2356	0	1175	+
chr6:135756147-135756473|ORR1E	chr4	84.382	1502	1780	211	571	2327	168622992	168624727	2327	0	1685	-
chr6:136849080-136849386|ORR1E	chr4	80.183	526	656	95	4	634	169739961	169740606	2307	3.81e-126	459	+
chr6:136979265-136979598|ORR1E	chr4	77.727	1183	1522	175	1	1398	169882667	169884148	2334	0	782	-
chr6:136999646-136999965|ORR1E	chr4	78.955	514	651	112	1194	1826	169913327	169913970	2320	1.81e-114	420	-
chr6:137150632-137150987|ORR1E	chr4	79.876	1155	1446	205	30	1446	170070057	170071445	2356	0	979	+
chr6:137156495-137156818|ORR1E	chr4	80.887	1113	1376	153	1	1325	170076731	170078047	2324	0	983	+
chr6:137472995-137473325|ORR1D2	chr4	82.652	1739	2104	253	193	2273	170382950	170384964	2331	0	1760	-
chr6:138081085-138081426|ORR1E	chr4	85.494	1385	1620	188	1	1598	170971821	170973415	2342	0	1646	+
chr6:138172758-138173077|ORR1E	chr4	76.424	778	1018	163	54	1016	171064446	171065441	2320	2.94e-132	479	-
chr6:140090810-140091146|ORR1D2	chr4	79.232	1858	2345	298	7	2274	172970423	172972655	2337	0	1458	+
chr6:140095587-140095914|ORR1E	chr4	86.63	1920	2341	294	5	2327	172975904	172978288	2328	0	1779.35	+
chr6:140217238-140217621|ORR1E	chr4	81.19	1092	1345	182	1	1296	173106837	173108159	2384	0	1016	-
chr6:140231975-140232316|ORR1D2	chr4	88.679	1696	2120	269	8	2145	173122192	173124312	2342	0	1351.85	+
chr6:140255126-140255436|ORR1D2	chr4	80.605	1226	1521	210	840	2311	173145793	173147277	2311	0	1096	-
chr6:140684397-140684737|ORR1E	chr4	81.493	546	670	90	12	672	173597389	173598033	2341	1.75e-144	520	+
chr6:140729409-140729760|ORR1E	chr4	78.028	554	710	87	1693	2343	173644043	173644742	2352	2.4e-103	383	+
chr6:140819483-140819776|ORR1D2	chr4	84.794	474	559	70	1729	2276	173750365	173750919	2294	7.85e-153	547	-
chr6:142261424-142261707|ORR1E	chr4	82.753	1924	2325	306	1	2284	175197483	175199753	2284	0	1984	+
chr6:142561273-142561503|ORR1E	chr4	79.413	1489	1875	272	402	2203	175503619	175505452	2231	0	1219	-
chr6:142847994-142848165|ORR1E	chr4	78.644	1543	1962	308	263	2172	175804576	175806478	2172	0	1199	+
chr6:142941877-142942221|ORR1E	chr4	82.692	1482	1873	275	1	1925	175896342	175898168	2345	0	1127.65	+
chr6:143221350-143221511|ORR1E	chr4	80.538	389	483	57	607	1057	176179829	176180306	2162	1.74e-89	337	+
chr6:143618608-143618880|ORR1D2	chr4	80.952	1870	2310	328	1	2250	176580335	176582592	2273	0	1725	-
chr6:143620628-143620983|ORR1E	chr4	80.985	954	1178	179	338	1492	176583280	176584435	2356	0	893	-
chr6:143955705-143955991|ORR1E	chr4	85.405	948	1110	129	1179	2271	176902219	176903312	2287	0	1122	-
chr6:144363888-144364133|ORR1E	chr4	80.808	1781	2204	304	1	2163	177314718	177316843	2246	0	1616	-
chr6:144739679-144739987|ORR1E	chr4	81.328	1394	1699	226	82	1797	177694412	177696163	2309	0	1306.25	+
chr6:144903185-144903496|ORR1E	chr4	81.265	1028	1265	162	1084	2310	177853988	177855215	2312	0	953	-
chr6:145581865-145582151|ORR1E	chr4	79.259	642	810	100	1507	2287	178554942	178555712	2287	1.72e-139	503	-
chr6:145822209-145822391|ORR1E	chr4	83.019	308	371	45	291	652	178798766	178799127	2183	1.77e-84	320	+
chr6:145894720-145894995|ORR1E	chr4	78.323	1326	1693	248	460	2098	178864616	178866243	2276	0	983	+
chr6:146077255-146077444|ORR1E	chr4	85.252	474	556	61	6	553	179005114	179005656	2190	1.61e-154	553	-
chr6:146077464-146077748|ORR1E	chr4	82.591	612	741	99	134	857	179005114	179005841	2285	9.76e-177	627	-
chr6:146079450-146079717|ORR1E	chr4	79.669	1156	1451	201	149	1571	179005854	179007238	2268	0	959	+
chr6:146170778-146171104|ORR1E	chr4	81.99	1434	1749	212	62	1756	179090824	179092523	2327	0	1389	-
chr6:146313528-146313849|ORR1E	chr4	78.944	1718	2145	284	1	2026	179217746	179219827	2322	0	1390.8	+
chr6:146515806-146516119|ORR1E	chr4	80.48	1810	2249	313	5	2205	179422506	179424676	2314	0	1605	+
chr6:146674481-146674804|ORR1E	chr4	79.608	1136	1427	181	143	1552	179590706	179592039	2324	0	922	-
chr6:146760688-146761011|ORR1D2	chr4	79.841	1961	2360	284	10	2324	179674463	179676897	2324	0	1939.9	+
chr6:148257872-148258200|ORR1E	chr4	84.605	1907	2254	267	112	2329	181167697	181169906	2329	0	2167	+
chr6:148332084-148332392|ORR1E	chr4	83.495	1983	2375	232	1	2307	181251337	181253619	2309	0	2067	+
chr6:148577658-148578000|ORR1E	chr4	82.529	2085	2439	239	4	2343	181520242	181522722	2343	0	2316.1	+
chr6:148618124-148618408|ORR1D2	chr4	84.823	1945	2293	248	44	2282	181562742	181564988	2285	0	2215	+
chr6:148708392-148708649|ORR1E	chr4	83.138	1808	2156	253	1	2254	181661183	181663220	2258	0	1868.65	+
chr1:17573672-17573963|ORR1D2	chr5	80.241	532	663	96	1366	2014	1437988	1438629	2292	2.26e-128	466	-
chr1:17482152-17482502|ORR1E	chr5	80.361	1379	1716	226	715	2350	1584370	1586054	2351	0	1199	+
chr1:17219637-17220010|ORR1D2	chr5	85.07	906	1065	114	1	1048	1854439	1855475	2374	0	1044	-
chr1:15058244-15058542|ORR1E	chr5	87.517	638	729	84	139	866	4246468	4247190	2299	0	835	-
chr1:14925090-14925271|ORR1E	chr5	77.952	1637	2100	302	1	2045	4373652	4375645	2182	0	1164	-
chr1:14924899-14925058|ORR1E	chr5	77.906	1555	1996	287	181	2125	4373765	4375657	2160	0	1101	-
chr1:14121365-14121568|ORR1E	chr5	81.599	1619	1986	266	223	2203	5153071	5154996	2204	0	1463.95	+
chr1:13635099-13635435|ORR1E	chr5	83.275	717	861	108	1491	2337	5580777	5581615	2337	0	760	-
chr1:13600415-13600748|ORR1E	chr5	80.397	607	755	95	1538	2269	5630373	5631097	2334	3.74e-146	525	+
chr1:13424528-13424880|ORR1D2	chr5	79.67	290	364	62	27	388	5779672	5780025	2353	7.07e-64	252	+
chrX:103180198-103180544|ORR1D2	chrX	84.135	1961	2341	266	1	2334	68168488	68170767	2347	0	2007.35	+
chr1:13336430-13336586|ORR1D2	chr5	80.893	652	806	102	7	794	5872117	5872888	2157	4.35e-165	588	+
chr1:13223346-13223629|ORR1D2	chr5	83.727	602	719	80	1221	1910	5988367	5989077	2284	0	645	-
chr1:11229599-11229789|ORR1D2	chr5	80.277	985	1227	173	1002	2180	8018122	8019327	2191	0	861	-
chr1:11229418-11229591|ORR1E	chr5	79.904	831	1040	140	1183	2174	8018309	8019327	2174	0	699	-
chr1:11000960-11001329|ORR1E	chr5	80.826	1252	1549	208	78	1591	8242764	8244258	2370	0	1133	+
chr1:7318228-7318545|ORR1D2	chr5	82.556	549	665	83	115	775	12112373	12113008	2318	4.74e-155	555	+
chr1:6685284-6685611|ORR1D2	chr5	88.252	616	698	62	7	693	12748447	12749135	2328	0	817	-
chr1:6519022-6519343|ORR1D2	chr5	84.507	772	941	115	421	2012	12897572	12899109	2322	3.91e-111	715.35	+
chr1:6481286-6481637|ORR1E	chr5	81.762	1188	1453	209	239	1663	12921091	12922515	2352	0	1164	+
chr1:6281126-6281421|ORR1E	chr5	83.599	1575	1884	203	471	2296	13156189	13158024	2296	0	1670	+
chr1:6050290-6050612|ORR1E	chr5	88.506	1642	1949	239	4	2013	13369216	13371165	2323	0	1743.25	+
chr1:5095772-5096074|ORR1E	chr5	86.424	974	1127	108	1155	2249	14459186	14460299	2303	0	1192	+
chr4:3666960-3667292|ORR1E	chr5	82.697	650	786	99	90	867	16620022	16620778	2333	0	664	-
chr4:4452081-4452368|ORR1D2	chr5	84.669	1099	1298	154	2	1286	17469674	17470939	2288	0	1253	+
chr4:5902925-5903085|ORR1D2	chr5	82.755	763	922	107	3	880	19013144	19014057	2161	0	774	+
chr13:62515625-62515781|ORR1D2	chr5	75.654	376	497	114	257	749	19394423	19394916	2157	1.4e-60	241	+
chr4:6341118-6341467|ORR1D2	chr5	82.625	1498	1813	227	592	2350	19464534	19466312	2350	0	1522	+
chr4:8399482-8399827|ORR1E	chr5	82.36	1284	1559	189	475	1992	21575994	21577507	2346	0	1277	-
chr4:8564381-8564687|ORR1D2	chr5	81.543	1533	1880	198	512	2304	21698664	21700481	2307	0	1411	-
chr4:9103317-9103623|ORR1E	chr5	85.301	1561	1830	210	440	2239	22239236	22241036	2307	0	1834	+
chr4:9133813-9134139|ORR1D2	chr5	83.248	1943	2334	313	8	2320	22267262	22269538	2327	0	2073	+
chr4:9520802-9521162|ORR1D2	chr5	82.037	1160	1414	183	144	1515	22656212	22657596	2361	0	1138	+
chr4:9681273-9681519|ORR1E	chr5	85.161	660	775	94	1	769	22824467	22825226	2247	0	774	-
chr4:10027697-10028041|ORR1E	chr5	82.964	487	587	74	1763	2345	23193721	23194285	2345	1.36e-140	507	-
chr4:10630801-10631104|ORR1E	chr5	83.302	898	1078	153	1233	2304	23740490	23741546	2304	0	968	+
chr4:10820681-10820975|ORR1E	chr5	81.764	1591	1909	249	1	2295	23944604	23946968	2295	0	1615	+
chr4:11408529-11408850|ORR1D2	chr5	80.672	864	1071	117	241	1285	24502972	24503978	2322	0	749	+
chr4:11771855-11772201|ORR1E	chr5	79.581	1177	1479	207	934	2337	25275283	25276741	2347	0	970	-
chr4:12780246-12780604|ORR1D2	chr5	86.655	1013	1169	122	1206	2354	26254894	26256048	2359	0	1264	-
chr4:14327324-14327640|ORR1E	chr5	84.741	311	367	38	3	358	27706171	27706530	2317	6.67e-94	351	+
chr4:15005527-15005716|ORR1E	chr5	85.341	425	498	51	286	778	28441856	28442336	2190	2.75e-137	496	+
chr4:15046281-15046656|ORR1E	chr5	84.734	877	1035	125	707	1723	28492548	28493567	2376	0	1005	-
chr4:15684677-15684995|ORR1E	chr5	83.104	1210	1456	204	880	2319	29191132	29192561	2319	0	1288	+
chr4:19779479-19779814|ORR1E	chr5	83.988	834	993	122	1356	2335	33253671	33254639	2336	0	918	-
chr4:19953543-19953859|ORR1E	chr5	80.433	1336	1661	220	585	2164	33418674	33420310	2317	0	1170	+
chr4:21407977-21408097|ORR1E	chr5	82.111	739	900	116	1	868	34903553	34904439	2121	0	728	+
chr4:21411428-21411751|ORR1D2	chr5	82	615	750	74	453	1183	34907976	34908683	2324	7.84e-163	580	+
chr4:22342218-22342571|ORR1E	chr5	86.46	696	805	91	338	1128	35946311	35947111	2354	0	867	-
chr4:25175366-25175668|ORR1E	chr5	81.79	521	637	82	807	1422	38876617	38877240	2303	1.73e-139	503	-
chr4:31658889-31659258|ORR1D2	chr5	80.535	1957	2430	336	1	2369	46059876	46062229	2370	0	1740	+
chr4:32164000-32164297|ORR1D2	chr5	80.924	1226	1515	214	4	1461	46566927	46568423	2298	0	1127	-
chr4:32960051-32960324|ORR1E	chr5	85.078	382	449	45	14	440	47351749	47352197	2274	4.89e-120	438	-
chr4:33997255-33997616|ORR1D2	chr5	83.333	1673	2023	272	3	2058	48491584	48493575	2362	0	1637.8	+
chr4:34026178-34026438|ORR1D2	chr5	84.457	451	534	51	823	1340	48518737	48519254	2261	7.9e-138	497	-
chr4:34172011-34172374|ORR1E	chr5	83.078	2008	2417	310	1	2364	48694331	48696701	2364	0	2106	-
chr15:55357531-55357719|ORR1E	chr7	84.393	1600	1916	212	1	2063	86774305	86776246	2189	0	1608.35	+
chr4:35165857-35166171|ORR1E	chr5	82.216	1165	1417	193	76	1460	49746212	49747601	2315	0	1166	+
chr4:35879766-35879832|ORR1E	chr5	85.232	1212	1422	160	634	2033	50546478	50547871	2067	0	1417	+
chr4:36454500-36454727|ORR1E	chr5	78.462	1212	1487	230	1	1415	51165873	51167322	2228	0	1121.95	+
chr4:36796277-36796580|ORR1E	chr5	81.915	1890	2291	338	9	2296	51505766	51508034	2304	0	1853.45	+
chr1:112015845-112016154|ORR1E	chr9	75.463	326	432	76	1896	2301	107010355	107010782	2310	2.57e-43	183	+
chr4:40202189-40202490|ORR1E	chr5	79.598	1346	1691	201	5	1631	55319368	55320978	2302	0	1079	-
chr4:40313034-40313317|ORR1E	chr5	84.354	868	1029	113	5	1001	55436654	55437666	2284	0	965	-
chr4:42795460-42795682|ORR1E	chr5	87.692	1191	1387	152	1	2223	57002935	57005261	2223	0	1364.2	+
chr4:42834742-42834805|ORR1E	chr5	82.27	928	1128	159	885	1997	57042925	57044026	2064	0	937	-
chr4:44035217-44035505|ORR1D2	chr5	84.6	423	500	52	1805	2289	58266333	58266822	2289	1.35e-130	473	+
chr4:44104617-44104949|ORR1E	chr5	81.96	736	898	117	17	892	58327036	58327910	2333	0	719	+
chr4:44254397-44254717|ORR1E	chr5	84.595	313	370	51	1156	1520	58489060	58489428	2321	3.09e-97	363	-
chr4:45434562-45434915|ORR1E	chr5	86.431	1908	2289	265	31	2270	59688359	59690713	2354	0	1909.5	+
chr4:45678608-45678811|ORR1E	chr5	82.314	875	1063	141	944	1970	59931936	59932987	2204	0	878	-
chr4:46791643-46792013|ORR1E	chr5	82.009	1677	2003	233	3	2371	61085460	61087784	2371	0	1716.65	+
chr4:47188665-47189023|ORR1E	chr5	83.166	1907	2293	276	22	2292	61480181	61482385	2359	0	1995	+
chr4:47346439-47346764|ORR1D2	chr5	81.205	1011	1245	163	1105	2312	61645926	61647136	2326	0	937	-
chr4:47580614-47580911|ORR1E	chr5	86.361	1317	1525	171	786	2298	61874461	61875960	2298	0	1629	-
chr4:48113976-48114154|ORR1E	chr5	82.038	918	1119	152	66	1179	62435180	62436254	2179	0	907	-
chr4:48310322-48310548|ORR1D2	chr5	83.312	654	785	100	208	981	62636350	62637114	2227	0	695	-
chr4:48825151-48825481|ORR1E	chr5	81.865	641	783	128	110	888	63177680	63178452	2331	0	647	-
chr4:49683102-49683465|ORR1D2	chr5	85.076	724	851	88	18	855	64028058	64028882	2364	0	832	+
chr4:49903673-49904009|ORR1D2	chr5	83.471	505	605	61	523	1116	64278087	64278663	2337	1.04e-146	527	-
chr4:53397395-53397615|ORR1E	chr5	83.847	680	811	81	1422	2221	68017505	68018276	2221	0	726	-
chr4:53451986-53452284|ORR1E	chr5	80.758	1066	1320	175	1034	2299	68072798	68074092	2299	0	957	-
chr4:54926360-54926510|ORR1D2	chr5	83.898	990	1180	130	985	2151	69649338	69650470	2151	0	1072	-
chr4:55285775-55286129|ORR1D2	chr5	83.237	1296	1557	210	817	2355	70025774	70027297	2355	0	1382	+
chr4:55297805-55298142|ORR1D2	chr5	85.12	675	793	100	374	1163	70038731	70039508	2338	0	795	-
chr4:55472677-55472979|ORR1E	chr5	82.41	1190	1444	174	368	1775	70213120	70214519	2303	0	1186	+
chr4:56059032-56059435|ORR1D2	chr5	82.198	1556	1893	243	1	1854	70779885	70781722	2404	0	1543	-
chr4:56194893-56195246|ORR1D2	chr5	81.711	1041	1274	170	1	1232	70917336	70918588	2354	0	1003	-
chr4:56515371-56515559|ORR1D2	chr5	88.329	843	993	124	161	1177	71236088	71237048	2189	5.83e-149	931	+
chr4:56753680-56753900|ORR1E	chr5	80.133	1807	2255	282	62	2218	71457495	71459681	2221	0	1530	+
chr4:56979438-56979716|ORR1E	chr5	80.537	1160	1385	148	894	2279	71678255	71679617	2279	9.74e-177	1178.95	+
chr4:57930615-57930838|ORR1E	chr5	79.78	1014	1271	184	2	1234	72697653	72698888	2224	0	856	-
chr4:58490441-58490791|ORR1E	chr5	83.138	853	1026	116	15	1008	73278436	73279436	2351	0	883	+
chr4:58503200-58503534|ORR1D2	chr5	81.608	1238	1517	166	793	2252	73293936	73295396	2335	0	1151	+
chr4:58524697-58525069|ORR1D2	chr5	81.305	461	567	68	1322	1875	73316822	73317363	2373	3.97e-116	425	+
chr4:58712915-58713222|ORR1D2	chr5	88.308	355	402	41	1890	2285	73506402	73506803	2308	1.05e-131	477	-
chr4:59260804-59261096|ORR1D2	chr5	81.25	364	448	52	522	962	74106666	74107088	2293	2.39e-88	333	-
chr4:59575513-59575818|ORR1E	chr5	83.111	748	900	102	656	1532	74440176	74441048	2306	0	774	-
chr4:59589853-59590187|ORR1D2	chr5	83.45	595	713	88	1098	1802	74450242	74450932	2335	1.66e-179	636	+
chr4:62203328-62203580|ORR1D2	chr5	79.719	908	1139	128	1100	2214	75308180	75309239	2253	0	728	-
chr4:62322747-62323032|ORR1E	chr5	82.62	1759	2121	269	1	2109	75770200	75772275	2286	0	1734.7	+
chr4:62795447-62795774|ORR1D2	chr5	82.149	1399	1703	246	627	2301	76244577	76246249	2328	0	1408	+
chr4:62879164-62879426|ORR1E	chr5	83.701	986	1178	163	196	1365	76320034	76321190	2263	0	1085	-
chr4:63512604-63513002|ORR1D2	chr5	83.535	1035	1239	136	1	1194	76926978	76928193	2399	0	1096	+
chr4:64545526-64545845|ORR1E	chr5	84.795	1344	1585	183	764	2317	77930399	77931956	2320	0	1539	-
chr4:65389887-65390224|ORR1E	chr5	82.331	1943	2360	308	1	2328	78765607	78767889	2338	0	1947	-
chr4:69766789-69767130|ORR1E	chr5	83.827	1923	2294	274	2	2259	83323943	83326175	2342	0	2091	-
chr4:73365780-73366090|ORR1D2	chr5	84.896	978	1152	125	1099	2246	87243381	87244487	2311	0	1118	+
chr4:74191721-74191809|ORR1E	chr5	83.684	995	1189	127	3	1166	88013114	88014260	2089	0	1059	-
chr4:74777384-74777444|ORR1E	chr5	79.001	617	781	130	1209	1975	88716552	88717312	2061	1.55e-139	503	-
chr4:75663051-75663358|ORR1D2	chr5	80.955	1747	2158	308	1	2112	89644166	89646266	2308	0	1613	-
chr4:76795833-76796185|ORR1E	chr5	80	1160	1450	206	42	1447	90939810	90941219	2353	0	994	+
chr4:77183738-77184087|ORR1E	chr5	80.837	367	454	74	534	984	91318492	91318935	2350	1.13e-91	344	+
chr4:82617342-82617685|ORR1D2	chr5	90.258	1256	1476	170	1	2344	97083797	97086287	2344	0	1387	+
chr4:83061620-83061963|ORR1D2	chr5	81.205	1914	2357	302	62	2339	97475351	97477645	2344	0	1768	-
chr4:84143042-84143341|ORR1D2	chr5	78.478	1134	1445	199	931	2289	98555435	98556853	2300	0	843	-
chr4:84148958-84149290|ORR1E	chr5	81.949	1480	1806	201	85	1813	98560398	98562155	2333	0	1413	-
chr4:84691919-84692086|ORR1E	chr5	85.256	1572	1867	248	4	2168	99095969	99098177	2168	0	1682.45	+
chr4:86801969-86802296|ORR1E	chr5	83.511	628	752	86	800	1542	101318659	101319381	2328	0	667	-
chr4:87293200-87293505|ORR1D2	chr5	83.263	1179	1416	163	675	2042	101821371	101822760	2306	0	1234	-
chr4:87712362-87712644|ORR1E	chr5	83.837	1193	1423	137	921	2283	102206325	102207714	2283	0	1267	+
chr4:87912184-87912405|ORR1E	chr5	86.111	589	684	80	15	687	102394826	102395505	2222	0	723	+
chr4:87921956-87922170|ORR1E	chr5	83.522	517	619	87	3	617	102403902	102404509	2215	7.52e-158	564	+
chr4:89232713-89233027|ORR1E	chr5	85.213	559	656	68	710	1344	103947574	103948221	2315	0	647	-
chr4:89624629-89624729|ORR1D2	chr5	87.114	480	551	66	1010	1560	104338846	104339391	2101	1.5e-174	619	-
chr4:91061044-91061239|ORR1E	chr5	83.173	949	1141	141	52	1166	105780184	105781299	2196	0	996	-
chr4:93467366-93467726|ORR1D2	chr5	78.406	1151	1468	197	438	1848	108248242	108249646	2361	0	845	-
chr4:95084102-95084291|ORR1D2	chr5	85.082	1084	1278	148	54	2187	109928892	109930924	2190	5.59e-179	1181.8	+
chr4:95166283-95166606|ORR1E	chr5	83.694	1278	1527	153	261	1765	110003601	110005053	2324	0	1352	+
chr4:95481821-95482163|ORR1E	chr5	81.206	1279	1575	177	671	2202	110323300	110324798	2343	0	1158	+
chr4:96477831-96478162|ORR1E	chr5	73.669	498	676	144	1670	2332	110978839	110979493	2332	9.13e-58	231	+
chr4:97299917-97300241|ORR1E	chr5	82.01	1828	2229	279	120	2325	111940844	111942973	2325	0	1783	-
chr4:98052921-98053245|ORR1E	chr5	80.318	1918	2388	313	4	2325	112717019	112719315	2325	0	1661	-
chr4:98202240-98202586|ORR1E	chr5	82.98	1448	1745	230	128	1828	112866647	112868368	2347	0	1515	-
chr4:99100065-99100208|ORR1E	chr5	84.922	704	829	96	951	1769	113768677	113769486	2144	0	811	+
chr4:99725970-99726280|ORR1E	chr5	82.065	787	959	115	833	1767	114421339	114422264	2311	0	765	-
chr4:100743618-100743953|ORR1E	chr5	80.785	1934	2394	320	17	2330	115374406	115376739	2336	0	1744	-
chr4:101280127-101280438|ORR1E	chr5	83.782	1214	1449	159	278	1685	115902010	115903423	2312	0	1304	-
chr4:101911055-101911107|ORR1E	chr5	77.126	1460	1893	356	6	1884	116481224	116483053	2053	0	1026	-
chr4:104648483-104648672|ORR1E	chr5	82.692	774	936	117	304	1206	119417829	119418752	2190	0	789	+
chr4:105093382-105093498|ORR1E	chr5	85.174	293	344	42	1648	1988	119861568	119861905	2117	1.02e-91	344	+
chr4:106127782-106128134|ORR1E	chr5	85.616	744	869	107	1	866	120893369	120894222	2353	0	896	+
chr4:106243654-106243844|ORR1E	chr5	85.086	542	637	86	11	643	121003802	121004433	2191	0	641	-
chr4:106290085-106290429|ORR1E	chr5	82.551	1249	1513	157	724	2185	121052869	121054325	2345	0	1232	-
chr4:106314323-106314497|ORR1D2	chr5	80.93	1619	2020	235	1	2165	121077969	121079940	2175	0	1289.15	+
chr4:106881115-106881489|ORR1D2	chr5	84.306	1026	1217	147	572	1761	121661496	121662695	2375	0	1149	+
chr4:108295544-108295813|ORR1E	chr5	78.187	1294	1655	156	678	2269	123035708	123037220	2270	0	867	-
chr4:108714070-108714408|ORR1D2	chr5	85.755	1493	1741	170	312	2006	123460017	123461725	2339	0	1770	+
chr4:109332197-109332537|ORR1E	chr5	85.704	1169	1364	135	12	1340	124097214	124098552	2341	0	1384	-
chr4:109439131-109439367|ORR1D2	chr5	83.016	655	789	58	14	775	124199550	124200289	2237	0	645	-
chr4:109449975-109450189|ORR1D2	chr5	83.914	313	373	35	1	372	124208292	124208640	2215	2.31e-88	333	+
chr4:109610320-109610501|ORR1E	chr5	84.408	1034	1225	148	1	1207	124368964	124370163	2182	0	1164	+
chr4:111194517-111194800|ORR1E	chr5	83.919	1456	1735	211	219	1923	126065981	126067677	2284	0	1596	-
chr4:114162436-114162540|ORR1E	chr5	83.034	739	890	115	1	872	127816098	127816969	2105	0	774	+
chr4:114652270-114652422|ORR1E	chr5	88.171	887	1006	101	1149	2152	128180175	128181164	2153	0	1182	+
chr4:114694058-114694420|ORR1D2	chr5	86.134	1435	1666	173	1	1618	128217406	128219061	2363	0	1744	+
chr4:114941834-114942135|ORR1E	chr5	85.559	1653	1932	202	380	2302	128461044	128462907	2302	0	1951	+
chr19:57494026-57494329|ORR1D2	chr5	76.791	268	349	58	99	441	129345612	129345943	2304	1.54e-40	174	-
chr4:115985077-115985411|ORR1E	chr5	81.358	1757	2134	256	14	2069	129464762	129467089	2335	0	1653	+
chr12:84000419-84000726|ORR1E	chr6	81.246	1239	1525	191	842	2308	103626365	103627852	2308	0	1144	+
chr4:117704034-117704318|ORR1D2	chr5	87.228	321	368	39	2	361	131162613	131162980	2285	2.98e-112	412	-
chr4:119464196-119464450|ORR1D2	chr5	84.102	857	1019	113	1	1001	133069080	133070067	2255	0	939	+
chr4:119614145-119614415|ORR1E	chr5	79.434	1263	1590	187	735	2269	133211491	133212995	2271	0	996	-
chr4:119845617-119845957|ORR1E	chr5	83.507	1762	2110	226	299	2341	133439456	133441510	2341	0	1857	-
chr4:119878276-119878577|ORR1E	chr5	82.347	1754	2130	283	1	2096	133473773	133475843	2302	0	1764	-
chr4:119894012-119894155|ORR1E	chr5	88.323	1849	2148	237	1	2144	133489705	133491933	2144	0	2140.35	+
chr4:120216327-120216575|ORR1E	chr5	85.135	378	444	39	485	909	133806852	133807287	2249	2.91e-117	429	-
chr4:122779730-122780056|ORR1D2	chr5	80.731	1329	1628	228	673	2295	135054671	135056372	2327	0	1219.8	+
chr4:122886493-122886685|ORR1E	chr5	90.606	1630	1799	133	1	1763	135167874	135169672	2193	0	2353	+
chr4:123742899-123743247|ORR1E	chr5	84.129	546	649	83	1090	1733	135997072	135997705	2349	1.01e-171	610	+
chr1:90391624-90391922|ORR1E	chr9	81.443	1185	1455	215	866	2299	90988151	90989571	2299	0	1140	+
chr4:125124800-125124859|ORR1E	chr5	88.687	878	990	68	13	972	137382522	137383497	2060	0	1168	-
chr4:125124901-125125100|ORR1E	chr5	87.773	1005	1145	92	103	1213	137382522	137383652	2200	0	1295	-
chr4:125803950-125804262|ORR1E	chr5	81.25	1612	1984	282	396	2313	138069561	138071520	2313	0	1520	+
chr4:125893175-125893470|ORR1E	chr5	83.725	1034	1235	125	983	2181	138157789	138158983	2296	0	1098	-
chr4:127082029-127082124|ORR1E	chr5	80.691	397	492	36	1364	1813	139402236	139402710	2096	1.02e-86	327	-
chr4:127397859-127398145|ORR1E	chr5	88.577	1388	1567	134	596	2144	139724203	139725742	2287	0	1860	-
chr4:128638563-128638761|ORR1E	chr5	84.595	313	370	44	256	620	140980248	140980609	2199	4.89e-95	355	-
chr4:129408574-129408912|ORR1D2	chr5	88.826	469	528	48	165	690	141748279	141748797	2339	4.62e-180	638	-
chr9:64748736-64749067|ORR1D2	chr7	80.297	379	472	68	2	468	113764106	113764557	2332	2.43e-88	333	+
chr4:130702485-130702792|ORR1D2	chr5	80.496	1362	1692	202	647	2282	142870044	142871663	2308	0	1179	-
chr4:134595108-134595448|ORR1D2	chr5	81.522	300	368	56	1871	2235	146808568	146808926	2341	4.15e-76	292	+
chr4:135239245-135239580|ORR1D2	chr5	86.022	320	372	47	433	801	147480585	147480954	2336	1.1e-106	394	+
chr4:135313604-135313680|ORR1E	chr5	82.184	884	1081	121	4	1098	147551074	147552196	2077	3.28e-156	794.2	+
chr4:135362185-135362498|ORR1E	chr5	84.511	813	962	97	6	958	147602338	147603256	2314	0	904	-
chr4:137345842-137346174|ORR1D2	chr5	79.617	1353	1647	160	153	1833	149581077	149582637	2333	0	1223.6	+
chr4:138856412-138856726|ORR1D2	chr5	83.877	900	1073	136	1259	2315	151096589	151097640	2315	0	989	-
chr4:138943798-138943968|ORR1E	chr5	77.627	628	809	120	1381	2169	151188618	151189385	2171	6.03e-119	435	-
chr4:139205076-139205404|ORR1D2	chr5	82.475	1506	1826	227	561	2327	151448964	151450755	2329	0	1513	+
chr5:130247821-130248164|ORR1E	chr5	76.338	271	355	56	39	384	152874487	152874822	2344	9.44e-38	165	+
chr4:143027863-143028166|ORR1E	chr5	80.827	1016	1257	163	768	1982	155337689	155338909	2304	0	915	+
chr4:147953625-147953861|ORR1D2	chr5	79.506	322	405	53	977	1377	158385177	158385555	2237	1.12e-66	261	+
chr4:150789295-150789493|ORR1E	chr5	83.481	566	678	90	1	674	161259460	161260119	2199	2.63e-172	612	-
chr4:152451433-152451744|ORR1E	chr5	81.818	1672	2080	261	5	2191	162960966	162963008	2312	0	1372.75	+
chr4:153607315-153607529|ORR1E	chr5	80.981	545	673	92	1	671	164147222	164147860	2215	5.98e-139	501	+
chr4:153725843-153726033|ORR1E	chr5	82.446	573	695	84	326	995	164266501	164267182	2191	1.24e-160	573	+
chr4:154234579-154234806|ORR1D2	chr5	82.497	740	897	105	112	1002	164800287	164801137	2228	0	739	-
chr4:154877937-154878159|ORR1E	chr5	81.1	472	582	84	565	1131	165439206	165439776	2223	3.69e-121	442	+
chr4:155201052-155201261|ORR1E	chr5	83.103	782	941	120	583	1509	165760072	165760987	2210	0	821	+
chr17:91206980-91207107|ORR1E	chr6	81.782	615	752	89	1011	1737	3049509	3050237	2128	1.54e-164	586	-
chr17:90542547-90542879|ORR1E	chr6	81.159	1331	1640	217	751	2333	3812428	3814032	2333	0	1232	+
chr17:90364349-90364662|ORR1E	chr6	78.905	591	749	118	1598	2314	3997692	3998432	2314	4.9e-130	472	-
chr17:88613324-88613537|ORR1D2	chr6	78.474	401	511	66	59	537	5872201	5872699	2214	1.09e-76	294	+
chr17:87847514-87847633|ORR1D2	chr6	85.542	426	498	53	417	905	6690220	6690707	2120	1.59e-139	503	-
chr17:85136392-85136745|ORR1D2	chr6	80.827	704	871	111	1511	2354	9526801	9527642	2354	2.16e-178	632	-
chr17:84891975-84892329|ORR1D2	chr6	81.291	491	604	56	1775	2355	9769737	9770306	2355	1.82e-119	436	+
chr17:84390992-84391252|ORR1E	chr6	82.891	1061	1280	157	1003	2260	10284326	10285565	2261	0	1094	+
chr17:84204151-84204436|ORR1D2	chr6	80.143	674	841	108	1400	2224	10472667	10473464	2286	1.29e-160	573	+
chr17:81679663-81679985|ORR1D2	chr6	80.742	1937	2399	308	1	2314	13241912	13244241	2323	0	1729	+
chr17:81538308-81538598|ORR1E	chr6	84.079	1278	1520	201	783	2275	13382129	13383634	2291	0	1428	-
chr17:79797211-79797575|ORR1E	chr6	78.54	355	452	73	1667	2113	15257564	15257996	2365	4.22e-71	276	-
chr17:79298126-79298294|ORR1E	chr6	87.105	689	791	70	1385	2169	15767832	15768596	2169	0	867	-
chr17:79157930-79158143|ORR1E	chr6	81.869	438	535	75	1688	2214	15901950	15902470	2214	7.96e-118	431	+
chr17:75272382-75272743|ORR1D2	chr6	83.222	873	1049	144	9	1053	20149981	20151001	2362	0	933	+
chr17:73529518-73529865|ORR1E	chr6	85.448	1325	1568	184	1	1564	21933474	21935092	2348	0	1420.25	+
chr17:73227383-73227744|ORR1D2	chr6	82.023	1930	2353	275	1	2293	22250335	22252599	2362	0	1866	+
chr17:72996703-72996789|ORR1D2	chr6	82.463	663	804	117	1	798	22505464	22506249	2087	0	682	-
chr17:72162224-72162556|ORR1E	chr6	85.163	2039	2368	266	1	2327	23311230	23313496	2333	0	2367.4	+
chr5:31467684-31468039|ORR1E	chr6	82.165	1875	2282	259	1	2181	24989032	24991266	2356	0	1823	+
chr12:3586456-3586691|ORR1E	chr6	81.602	856	1049	131	1	1006	26584815	26585844	2236	0	811	-
chr12:4197044-4197190|ORR1D2	chr6	84.54	689	815	84	942	1741	27186591	27187378	2147	0	769	-
chr12:4365993-4366335|ORR1E	chr6	85.203	871	1038	112	374	1417	27347581	27348614	2343	1.04e-146	893.95	+
chr12:4419847-4420190|ORR1E	chr6	86.83	389	448	45	272	719	27415907	27416340	2344	4.93e-135	488	+
chr12:4454371-4454715|ORR1E	chr6	82.741	978	1182	145	1	1136	27455416	27456584	2345	0	998	+
chr12:8764624-8764841|ORR1E	chr6	82.803	1276	1541	193	575	2090	31555250	31556743	2218	0	1312	+
chr12:9833391-9833760|ORR1E	chr6	82.102	1422	1732	231	1	1713	32578594	32580265	2370	0	1408	+
chr12:10943586-10943947|ORR1E	chr6	82.155	1998	2432	285	3	2360	33670388	33672744	2362	0	1949	+
chr12:12231856-12232176|ORR1E	chr6	81.633	1080	1323	185	89	1380	35013427	35014722	2321	0	1044	-
chr12:12293226-12293576|ORR1D2	chr6	84.04	2001	2381	280	1	2345	35075789	35078105	2351	0	2200	+
chr12:12619576-12619933|ORR1E	chr6	87.773	682	777	80	62	829	35408859	35409629	2358	0	894	-
chr12:12966027-12966341|ORR1E	chr6	83.546	1569	1878	229	1	1830	35746473	35748318	2315	0	1683	-
chr12:15090985-15091190|ORR1D2	chr6	88.526	841	950	78	1265	2204	37847166	37848094	2206	0	1122	+
chr12:16056285-16056645|ORR1D2	chr6	85.804	2049	2388	265	2	2360	38820632	38822974	2361	0	2464	+
chr12:16583482-16583619|ORR1D2	chr6	81.476	1016	1247	152	91	1304	39358265	39359465	2138	0	950	+
chr12:16829948-16830031|ORR1E	chr6	82.927	374	451	42	1	421	39610510	39610955	2084	1.28e-100	374	+
chr12:16903859-16904223|ORR1D2	chr6	87.271	713	817	58	622	1410	39687614	39688412	2365	0	891	-
chr12:17271249-17271543|ORR1D2	chr6	82.595	1286	1557	166	801	2295	40066295	40067808	2295	0	1277	-
chr12:17430605-17430895|ORR1E	chr6	81.081	930	1147	136	351	1461	40225672	40226773	2291	0	841	-
chr12:17761566-17761857|ORR1E	chr6	80.667	822	1019	125	750	1704	40551602	40552612	2292	0	725	-
chr12:21090386-21090728|ORR1D2	chr6	81.02	858	1059	142	1	1055	40638208	40639211	2343	0	787	-
chr12:21394135-21394240|ORR1D2	chr6	81.341	1621	1973	228	135	2090	40937926	40940050	2106	0	1501	+
chr12:24723411-24723619|ORR1E	chr6	82.225	1212	1474	209	1	1439	41356744	41358199	2209	0	1221	-
chr12:25187210-25187452|ORR1E	chr6	82.921	1879	2266	287	1	2243	41833681	41835869	2243	0	1949	-
chr12:25316024-25316283|ORR1E	chr6	87.341	1166	1335	138	338	1662	41959781	41961094	2260	0	1500	+
chr12:25462773-25462969|ORR1D2	chr6	85.911	1616	1933	226	45	2003	42107749	42109566	2197	0	1643.5	+
chr12:25846253-25846565|ORR1E	chr6	83.481	1607	1925	217	29	1899	42462554	42464431	2313	0	1700	-
chr12:25847951-25848291|ORR1D2	chr6	83.103	482	580	57	8	587	42463893	42464431	2341	1.37e-135	490	+
chr12:25918819-25918978|ORR1D2	chr6	78.065	1818	2186	264	1	2160	42536738	42538939	2160	0	1807.85	+
chr12:25946117-25946440|ORR1E	chr6	87.875	645	734	78	1	728	42564982	42565710	2324	0	852	-
chr12:26184761-26185125|ORR1E	chr6	82.848	1821	2198	272	1	2139	42782265	42784416	2365	0	1873	+
chr12:26410537-26410873|ORR1D2	chr6	81.952	781	953	121	658	1605	43014619	43015525	2337	0	760	+
chr12:27766871-27767204|ORR1D2	chr6	86.224	1371	1666	229	1	1834	44407873	44409672	2334	0	1311.95	+
chr12:27768913-27769269|ORR1E	chr6	81.913	1182	1443	175	1	1399	44410928	44412328	2357	0	1140	-
chr12:27770876-27771234|ORR1D2	chr6	81.638	1894	2320	298	111	2359	44411912	44414174	2359	0	1807	-
chr12:28713557-28713630|ORR1D2	chr6	81.373	1114	1369	158	735	2072	45343268	45344570	2074	0	1026	-
chr12:30180840-30181197|ORR1E	chr6	79.59	1747	2195	310	247	2358	46806672	46808811	2358	0	1445	-
chr12:31561279-31561386|ORR1D2	chr6	85.753	1124	1355	147	7	2108	48146681	48148888	2108	0	1089.65	+
chr12:32571648-32571983|ORR1E	chr6	83.549	645	772	113	812	1579	49156595	49157356	2336	0	710	-
chr12:33063302-33063663|ORR1D2	chr6	79.846	1870	2342	290	74	2362	49671802	49674014	2362	0	1543	+
chr12:33098350-33098735|ORR1E	chr6	79.921	812	1016	164	832	1835	49707237	49708224	2386	0	710	-
chr12:34113465-34113826|ORR1E	chr6	82.375	1547	1878	233	99	1941	50818323	50820137	2362	0	1544	-
chr12:36070714-36071054|ORR1D2	chr6	82.654	791	957	121	595	1534	52797287	52798215	2341	0	806	-
chr12:36098257-36098514|ORR1E	chr6	83.096	467	562	62	1577	2116	52837388	52837938	2258	7.95e-133	481	+
chr12:36388005-36388270|ORR1E	chr6	86.548	1068	1234	141	540	1760	53127105	53128326	2266	0	1336	-
chr12:40136608-40136703|ORR1E	chr6	82.104	757	922	101	1059	1925	57191386	57192298	2096	0	730	+
chr12:40583770-40584090|ORR1D2	chr6	79.39	1718	2164	296	141	2241	57648974	57651050	2321	0	1387	+
chr12:40749521-40749703|ORR1E	chr6	78.85	768	974	130	14	942	57807325	57808267	2183	4.4e-165	588	-
chr12:41041590-41041739|ORR1E	chr6	80.524	1075	1335	149	1	1303	58088242	58089497	2150	0	922	-
chr12:42090755-42091107|ORR1D2	chr6	79.823	902	1130	155	123	1203	59120121	59121226	2353	0	756	-
chr12:43169100-43169443|ORR1E	chr6	84.673	906	1070	135	1	1056	60244889	60245943	2344	0	1040	+
chr12:43734286-43734683|ORR1E	chr6	82.866	1450	1721	204	688	2398	60824017	60825794	2398	0	1534.25	+
chr12:44084436-44084525|ORR1E	chr6	82.737	1342	1622	164	491	2084	61150150	61151683	2090	0	1338	+
chr12:45397684-45398002|ORR1E	chr6	81.772	637	779	85	1	760	62502108	62502848	2319	2.16e-168	599	+
chr12:53018716-53019049|ORR1E	chr6	82.884	1414	1706	203	646	2334	70492070	70493703	2334	0	1450	+
chr12:53131103-53131297|ORR1D2	chr6	80.722	1051	1302	143	857	2081	70602077	70603347	2195	0	915	-
chr12:53531967-53532190|ORR1E	chr6	75.529	321	425	45	891	1299	70982343	70982724	2224	1.94e-34	154	+
chr12:53731295-53731526|ORR1E	chr6	83.704	1447	1739	227	93	2232	71178901	71180953	2232	0	1457.3	+
chr12:54120511-54120988|ORR1D2	chr6	83.524	1024	1226	162	1	1217	71583070	71584264	2478	0	1109	+
chr12:54256708-54257054|ORR1E	chr6	84.417	818	969	113	573	1526	71727710	71728655	2347	0	918	+
chr12:54305283-54305439|ORR1E	chr6	83.17	509	612	86	1556	2157	71773897	71774501	2157	9.54e-152	544	-
chr12:54334400-54334752|ORR1E	chr6	92.18	1167	1266	85	1	1254	71809380	71810643	2353	0	1777	-
chr12:54452979-54453329|ORR1E	chr6	81.221	1942	2391	293	1	2329	71919858	71922154	2351	0	1784	-
chr12:57166992-57167307|ORR1E	chr6	84.349	1024	1214	125	1069	2254	74672370	74673546	2316	0	1129	-
chr12:57786777-57786877|ORR1E	chr6	85.281	562	659	71	1431	2070	75424950	75425601	2101	0	656	+
chr12:57865150-57865478|ORR1E	chr6	81.531	1523	1868	236	1	1792	75511945	75513779	2329	0	1437	-
chr12:59079868-59080130|ORR1D2	chr6	80.781	538	666	79	324	973	76773772	76774404	2263	3.71e-131	475	+
chr12:61731911-61732237|ORR1D2	chr6	76.935	1004	1305	208	509	1770	79703870	79705124	2327	0	656	+
chr12:64822181-64822510|ORR1E	chr6	87.926	568	646	70	1689	2330	82872880	82873521	2330	0	754	-
chr12:65189283-65189577|ORR1E	chr6	81.027	1383	1685	223	5	1673	83253553	83255260	2295	0	1297.7	+
chr12:68892038-68892366|ORR1E	chr6	82.585	1949	2360	269	4	2329	87323390	87325641	2329	0	1951	-
chr12:69399976-69400108|ORR1D2	chr6	79.303	1046	1319	171	9	1297	87878881	87880127	2133	0	830	-
chr12:69867473-69867724|ORR1D2	chr6	82.5	924	1120	118	551	1644	88347626	88348693	2252	0	911	-
chr12:69912856-69913033|ORR1E	chr6	81.111	584	720	87	63	764	88403957	88404645	2178	7.5e-148	531	-
chr12:71488037-71488380|ORR1D2	chr6	80.791	1287	1593	210	584	2147	90015937	90017462	2344	0	1158	+
chr12:73727689-73728032|ORR1E	chr6	83.126	1138	1369	161	1033	2344	92432302	92433657	2344	0	1184	-
chr12:73846676-73846984|ORR1E	chr6	88.241	893	1012	89	1	997	92561216	92562212	2309	0	1182	-
chr12:75623648-75624016|ORR1D2	chr6	85.007	618	727	77	1657	2369	94344539	94345247	2369	0	710	+
chr12:76614826-76615173|ORR1D2	chr6	82.512	703	852	112	1178	2016	95344618	95345445	2348	0	713	+
chr12:76886939-76887148|ORR1E	chr6	83.608	1321	1580	177	9	1524	95578332	95579893	2210	0	1408	-
chr12:76925929-76926042|ORR1D2	chr6	82.419	961	1166	137	9	1129	95625632	95626774	2114	0	955	-
chr12:77175513-77175774|ORR1E	chr6	83.106	1707	2054	242	1	2024	95876869	95878847	2262	0	1773	-
chr12:77208211-77208507|ORR1E	chr6	81.609	426	522	46	904	1415	95909000	95909481	2297	1.81e-104	387	-
chr12:78088020-78088346|ORR1E	chr6	84.423	2027	2401	244	2	2327	96805770	96808115	2327	0	2242	+
chr12:78315922-78316134|ORR1E	chr6	84.683	1255	1482	145	296	1730	97045216	97046662	2213	0	1404	+
chr12:78460524-78460774|ORR1D2	chr6	80.186	344	429	64	247	671	97206078	97206489	2251	6.62e-79	302	+
chr12:78631803-78632154|ORR1D2	chr6	88.543	626	707	70	1649	2348	97414813	97415515	2352	0	846	-
chr12:78814354-78814702|ORR1E	chr6	87.644	759	866	90	1144	2004	97614877	97615730	2349	0	990	-
chr12:79447027-79447362|ORR1E	chr6	83.625	1241	1484	183	869	2333	98258477	98259919	2336	0	1339	-
chr12:79920311-79920655|ORR1E	chr6	82.511	953	1155	152	1	1148	98743899	98745010	2345	0	968	-
chr12:80839061-80839386|ORR1D2	chr6	86.65	1071	1236	137	102	1321	100485581	100486804	2326	0	1343	+
chr12:81839684-81839869|ORR1D2	chr6	82.394	1027	1241	158	396	1769	101543458	101544758	2186	7.32e-168	1001.3	+
chr12:82369932-82370116|ORR1D2	chr6	83.55	1798	2152	224	2	2122	102034027	102036079	2185	0	1893	+
chr12:83000240-83000432|ORR1E	chr6	84.185	692	822	95	2	817	102643431	102644223	2193	0	765	+
chr12:85575002-85575300|ORR1E	chr6	82.99	1932	2328	267	1	2299	105237119	105239346	2299	0	1986	-
chr12:85853818-85854148|ORR1E	chr6	80.671	601	745	106	4	722	105511337	105512069	2331	1.03e-151	544	-
chr12:88445934-88446277|ORR1E	chr6	82.047	1531	1866	211	515	2344	107358889	107360666	2344	0	1476	-
chr12:89618936-89619234|ORR1E	chr6	82.043	1060	1292	192	20	1297	108549908	108551173	2299	0	1064	-
chr12:90944811-90945104|ORR1D2	chr6	83.185	1123	1350	179	78	1390	109898204	109899542	2294	0	1192	-
chr12:91671985-91672172|ORR1E	chr6	83.761	980	1170	137	23	1169	110593458	110594597	2188	0	1059	-
chr12:91738309-91738647|ORR1D2	chr6	79.083	673	851	116	4	852	110669922	110670712	2339	2.9e-147	529	-
chr12:92646676-92647007|ORR1D2	chr6	78.221	1864	2383	387	1	2332	111606057	111608358	2332	0	1404	+
chr12:92894404-92894750|ORR1E	chr6	79.454	727	915	147	836	1733	111868474	111869364	2347	1.01e-171	610	-
chr12:95877671-95878012|ORR1E	chr6	82.58	1972	2388	323	4	2334	114954117	114956468	2342	0	2019	+
chr12:96134198-96134540|ORR1E	chr6	89.141	1371	1558	162	1	1600	115171880	115173419	2343	0	1727.1	+
chr12:98078337-98078679|ORR1E	chr6	82.259	1901	2311	305	98	2343	117328916	117331186	2343	0	1899	-
chr12:98264971-98265287|ORR1E	chr6	83.398	1934	2319	281	1	2279	117520522	117522776	2317	0	2054	-
chr12:98954742-98955086|ORR1D2	chr6	83.288	1216	1460	173	1	1440	118224451	118225859	2345	0	1279	-
chr12:99431166-99431246|ORR1D2	chr6	84.392	638	756	83	185	916	118714962	118715706	2081	0	710	+
chr12:99455662-99456026|ORR1E	chr6	89.671	382	426	40	1944	2365	118739854	118740279	2365	1.35e-150	540	+
chr12:100006663-100006883|ORR1D2	chr6	82.558	426	516	71	1682	2193	119288046	119288546	2221	1.72e-119	436	-
chr12:100439156-100439511|ORR1D2	chr6	85.95	836	975	110	27	1461	119724287	119725626	2356	3.62e-176	953.8	+
chr12:100530877-100531240|ORR1E	chr6	85.865	407	474	59	1854	2326	119807409	119807875	2364	8.27e-138	497	-
chr12:101009294-101009479|ORR1D2	chr6	81.655	681	834	115	1	810	120268196	120269015	2186	0	658	+
chr12:101405942-101406269|ORR1D2	chr6	81.805	1124	1374	180	1	1336	120709573	120710914	2328	0	1088	+
chr12:102034993-102035277|ORR1E	chr6	80.904	1665	2058	302	263	2285	121177801	121179802	2285	0	1539	+
chr12:102062934-102063283|ORR1E	chr6	83.452	938	1124	140	1247	2350	121205860	121206957	2350	0	1003	-
chr12:102173779-102174002|ORR1D2	chr6	82.461	630	764	97	1469	2224	121322806	121323540	2224	5.68e-179	634	-
chr12:102319880-102320292|ORR1E	chr6	84.929	1313	1546	167	900	2413	121470123	121471634	2413	0	1504	-
chr12:102502509-102502841|ORR1E	chr6	81.828	797	974	113	437	1386	121644332	121645265	2333	0	760	-
chr12:102621249-102621596|ORR1D2	chr6	86.353	386	447	53	117	561	121762807	121763247	2348	8.27e-133	481	+
chr12:102901412-102901767|ORR1E	chr6	79.54	1555	1955	267	439	2316	122029816	122031714	2356	0	1271	-
chr12:104000842-104001012|ORR1D2	chr6	82.739	1595	1929	252	3	2024	122922003	122924247	2171	0	1554.2	+
chr12:104426818-104427077|ORR1D2	chr6	78.326	936	1195	151	517	1648	123342700	123343849	2260	0	673	-
chr12:104550326-104550571|ORR1E	chr6	80.305	791	985	110	1308	2240	123470891	123471843	2246	0	667	+
chr12:105548051-105548246|ORR1E	chr6	81.257	685	843	118	420	1235	124455959	124456788	2196	0	645	+
chr12:105587394-105587675|ORR1E	chr6	80.065	1229	1535	197	3	1447	124495012	124496527	2282	0	1038	-
chr12:106041272-106041592|ORR1E	chr6	82.906	1358	1638	186	5	1609	124948013	124949589	2321	0	1387	-
chr12:106926083-106926378|ORR1E	chr6	82.994	1228	1491	206	485	1950	125840330	125841846	2296	0	1181.8	+
chr12:107380703-107381023|ORR1E	chr6	84.812	1530	1804	221	202	1977	126286819	126288597	2321	0	1764	+
chr12:107561197-107561466|ORR1E	chr6	84.324	624	740	105	1	730	126476029	126476767	2270	0	713	-
chr12:108551779-108551910|ORR1E	chr6	86.058	358	416	55	1685	2098	127471809	127472223	2132	9.84e-122	444	+
chr12:108597087-108597436|ORR1E	chr6	80.906	1000	1236	156	725	1922	127505898	127507091	2350	0	902	-
chr12:108631482-108631740|ORR1E	chr6	87.738	1713	2041	234	110	2114	127536455	127538600	2259	0	1772.7	+
chr12:110389521-110389747|ORR1E	chr6	83.215	704	846	87	1153	1959	129393734	129394563	2227	0	725	-
chr12:111332538-111332843|ORR1D2	chr6	78.349	1585	2023	291	331	2285	130368356	130370299	2306	0	1173	+
chr12:112747066-112747206|ORR1E	chr6	85.555	918	1073	98	1070	2138	131806164	131807183	2141	0	1070	-
chr12:112823223-112823574|ORR1E	chr6	82.119	620	755	76	1260	1979	131894803	131895533	2352	3.67e-166	592	-
chr12:117087498-117087856|ORR1E	chr6	84.256	1172	1391	177	178	1554	137990684	137992046	2359	0	1317	-
chr12:117507706-117507951|ORR1E	chr6	84.636	1267	1497	149	4	1456	138418858	138420317	2246	0	1415	-
chr12:117579241-117579444|ORR1D2	chr6	84.771	1091	1287	149	929	2204	138490486	138491736	2204	0	1247	-
chr12:117907635-117907964|ORR1D2	chr6	83.029	910	1096	135	645	1706	138864662	138865740	2330	0	946	-
chr12:118637695-118637791|ORR1E	chr6	88.65	1359	1533	105	563	2087	139597673	139599144	2097	0	1803	-
chr12:119022294-119022641|ORR1D2	chr6	86.433	567	656	75	1703	2348	139977063	139977714	2348	0	706	-
chr12:119511015-119511363|ORR1E	chr6	84.176	649	771	97	214	972	140483029	140483786	2349	0	725	-
chr10:128598318-128598661|ORR1D2	chr7	79.451	955	1202	174	557	1733	1026360	1027513	2344	0	784	+
chr17:32522955-32523264|ORR1E	chr7	83.871	624	744	98	1532	2257	11529888	11530627	2310	0	689	-
chr10:86399173-86399438|ORR1E	chr7	84.091	925	1100	142	1185	2266	17463106	17464190	2266	0	1031	-
chr10:85960991-85961265|ORR1E	chr7	81.517	1107	1358	193	1	1330	17904385	17905712	2275	0	1064	-
chr10:85377769-85378070|ORR1E	chr7	83.646	1248	1492	177	1	1456	18318746	18320206	2302	0	1341	+
chr10:84829083-84829433|ORR1E	chr7	81.231	1597	1966	258	3	1926	18935192	18937088	2351	0	1483	-
chr10:84323178-84323508|ORR1E	chr7	81.749	1187	1452	176	413	1829	19450133	19451530	2331	0	1131	+
chr10:83958462-83958758|ORR1E	chr7	81.144	1050	1294	158	774	2029	19822055	19823300	2297	0	959	-
chr10:83910940-83911265|ORR1D2	chr7	83.689	1918	2350	307	1	2320	19871116	19873432	2326	0	1739.45	+
chr10:83910688-83910940|ORR1E	chr7	80.999	1492	1842	261	252	2070	19871664	19873439	2253	0	1380	-
chr10:88037463-88037760|ORR1E	chr7	84.178	1096	1302	144	3	1275	22459688	22460956	2298	0	1206	-
chr10:88739865-88740200|ORR1D2	chr7	78.163	519	664	87	1069	1725	23127926	23128538	2336	1.86e-99	370	-
chr10:89286401-89286755|ORR1D2	chr7	81.973	1969	2402	317	2	2355	23680739	23683072	2355	0	1930	-
chr10:89521863-89521940|ORR1E	chr7	81.142	1734	2137	277	2	2067	23919686	23921767	2078	0	1598	-
chr10:89521977-89522165|ORR1E	chr7	80.559	1844	2289	289	1	2187	23919788	23922022	2189	0	1618	-
chr10:89823825-89824167|ORR1D2	chr7	78.004	883	1132	165	549	1629	24263964	24265062	2343	5.98e-179	634	-
chr10:93171239-93171489|ORR1E	chr7	81.568	1363	1671	236	1	1649	27693223	27694843	2251	0	1314	+
chr10:94000940-94001245|ORR1E	chr7	83.571	1405	1672	221	1	1634	28564214	28565942	2306	0	1488.65	+
chr10:95300344-95300646|ORR1E	chr7	80.691	822	1022	137	2	2072	29929248	29931172	2303	3.8e-126	685.9	+
chr10:95418739-95418985|ORR1E	chr7	84.983	764	899	94	1363	2247	30046078	30046949	2247	0	874	-
chr10:95428376-95428680|ORR1D2	chr7	82.803	963	1163	146	870	2017	30056446	30057569	2305	0	990	-
chr10:95880015-95880205|ORR1E	chr7	81.526	1107	1368	157	180	1961	30539346	30541206	2191	1.24e-155	935.75	+
chr10:96699232-96699536|ORR1E	chr7	84.785	730	861	107	1462	2305	31429736	31430589	2305	0	843	+
chr10:96787638-96787961|ORR1D2	chr7	91.535	638	697	58	1	696	31533204	31533900	2324	0	959	-
chr10:97201832-97202154|ORR1D2	chr7	81.968	1491	1819	223	1	1734	31953259	31955057	2323	0	1445	+
chr10:97556751-97557082|ORR1E	chr7	87.131	413	474	49	1865	2328	32349165	32349636	2332	1.04e-146	527	-
chr10:97929241-97929594|ORR1D2	chr7	82.038	1256	1531	227	835	2354	32690341	32691834	2354	0	1260	+
chr10:99901977-99902238|ORR1E	chr7	81.409	1248	1533	180	591	2081	34752145	34753614	2262	0	1155	+
chr10:99986719-99987025|ORR1E	chr7	88.475	783	885	71	1	874	34858997	34859861	2307	0	1040	-
chr16:48807423-48807584|ORR1D2	chr7	72.846	389	534	107	1398	1919	35420319	35420826	2162	8.76e-33	148	-
chr10:100625341-100625590|ORR1E	chr7	84.449	1831	2232	305	1	2247	35450648	35452840	2250	0	1720.45	+
chr10:100777200-100777550|ORR1D2	chr7	82.541	903	1094	136	1	1070	35640851	35641913	2351	0	911	-
chr10:105186597-105186953|ORR1D2	chr7	79.162	1394	1713	188	26	2357	40390423	40392662	2357	0	1212.2	+
chr10:105768893-105769244|ORR1D2	chr7	83.032	964	1161	163	1204	2352	41068617	41069755	2352	0	1022	+
chr10:107624107-107624426|ORR1D2	chr7	83.676	651	778	93	1554	2320	42931785	42932539	2320	0	702	+
chr10:107990103-107990282|ORR1E	chr7	85.061	1696	2049	243	1	2174	43314862	43317276	2180	0	1639.7	+
chr10:109508581-109508868|ORR1D2	chr7	79.931	1029	1281	181	6	1291	44879341	44880652	2288	9.91e-167	858.8	+
chr10:110113518-110113713|ORR1E	chr7	79.632	1083	1360	179	142	1461	45507628	45508929	2196	0	887	-
chr10:111320797-111320954|ORR1E	chr7	83.882	1426	1700	181	389	2046	46780131	46781779	2158	0	1535	+
chr10:112749284-112749425|ORR1D2	chr7	82.599	1106	1339	179	283	1599	48143419	48144725	2142	0	1133	-
chr10:115786912-115787152|ORR1E	chr7	81.689	1673	2048	281	260	2236	51415105	51417129	2241	0	1618	-
chr10:116557189-116557499|ORR1D2	chr7	82.839	1914	2370	283	1	2303	52198227	52200523	2311	0	1606.45	+
chr10:117724271-117724609|ORR1D2	chr7	77.123	445	577	79	939	1508	53328052	53328582	2339	6.93e-74	285	-
chr10:117755075-117755335|ORR1E	chr7	77.887	1032	1325	175	316	1561	53358952	53360237	2261	0	715	+
chr10:117821900-117822027|ORR1D2	chr7	81.728	1266	1525	182	21	2095	53429887	53432159	2128	0	1245.45	+
chr10:118816751-118816899|ORR1E	chr7	83.123	787	952	144	598	1568	54310023	54310958	2149	2.03e-158	783.75	+
chr10:118829722-118829978|ORR1E	chr7	78.109	628	804	101	1504	2251	54324382	54325166	2257	1.35e-120	440	+
chr10:120298478-120298793|ORR1E	chr7	86.043	1335	1565	173	1	1628	55805177	55806740	2316	0	1485.8	+
chr10:122615712-122616072|ORR1D2	chr7	84.459	1204	1413	153	36	2348	58288454	58290803	2361	0	1329.05	+
chr10:122642273-122642538|ORR1E	chr7	81.116	1439	1774	239	75	1799	58308405	58310131	2266	0	1332	+
chr10:122717591-122717912|ORR1D2	chr7	78.37	1279	1632	234	752	2322	58376212	58377785	2322	0	948	-
chr10:122717922-122718154|ORR1D2	chr7	78.931	1019	1291	189	994	2233	58376527	58377785	2233	0	800	-
chr10:122757839-122758117|ORR1D2	chr7	81.321	714	878	121	1434	2278	58413390	58414257	2279	0	673	+
chr10:123004550-123004867|ORR1D2	chr7	76.718	804	1048	166	773	1792	58660765	58661762	2318	2.89e-142	512	+
chr10:124221058-124221454|ORR1E	chr7	83.056	1696	2042	250	1	2018	59955757	59957726	2397	0	1766	-
chr10:125271430-125271503|ORR1D2	chr7	77.561	757	976	170	1	939	61095420	61096383	2074	9.17e-152	544	+
chr10:125370054-125370389|ORR1D2	chr7	81.892	1541	1874	259	1	1855	61192255	61194205	2336	0	1471.55	+
chr10:125994853-125995168|ORR1E	chr7	85.721	1837	2143	225	1	2106	61845816	61847914	2316	0	2187	-
chr15:33018452-33018753|ORR1E	chr7	84.121	641	762	89	84	827	64226333	64227080	2302	0	708	-
chr15:34744926-34745283|ORR1E	chr7	78.12	1828	2340	254	1	2254	65947510	65949677	2358	0	1247	-
chr15:34967432-34967727|ORR1D2	chr7	81.088	1625	1980	225	1	2295	66139870	66142365	2296	0	1492.45	+
chr15:35539645-35539986|ORR1D2	chr7	82.759	1428	1742	213	598	2342	66703379	66705020	2342	0	1314.8	+
chr15:35662526-35662706|ORR1E	chr7	81.265	668	822	93	1365	2179	66862500	66863267	2181	3.37e-171	608	-
chr15:36367338-36367671|ORR1E	chr7	82.584	1451	1757	232	622	2334	67545437	67547163	2334	0	1482	-
chr15:36476165-36476362|ORR1D2	chr7	82.989	522	629	82	241	846	67645806	67646432	2198	2.7e-152	545	-
chr6:128232014-128232282|ORR1E	chr7	77.173	595	771	105	1521	2253	67941344	67942081	2269	2.32e-103	383	+
chr15:37099766-37100086|ORR1D2	chr7	86.333	1733	2145	255	170	2282	68268120	68270328	2321	0	1457.3	+
chr15:37154544-37154791|ORR1E	chr7	81.851	911	1113	129	979	2037	68316722	68317815	2248	0	869	+
chr15:37510213-37510539|ORR1E	chr7	82.309	656	797	107	478	1258	68664237	68665015	2327	0	660	-
chr15:37575108-37575473|ORR1D2	chr7	86.127	1322	1601	205	37	1601	68729331	68730934	2366	0	1274.9	+
chr15:37605737-37606063|ORR1E	chr7	83.219	1339	1609	149	1	1530	68763546	68765112	2327	0	1363	+
chr15:37679411-37679747|ORR1E	chr7	82.044	562	685	72	849	1497	68836561	68837230	2337	1.73e-149	536	+
chr15:37787341-37787687|ORR1E	chr7	80.627	1003	1244	148	216	1432	68959438	68960615	2347	0	876	+
chr15:38477043-38477375|ORR1D2	chr7	79.444	858	1080	142	1278	2331	69647133	69648158	2333	0	691	-
chr15:38528825-38529193|ORR1D2	chr7	83.389	497	596	69	25	613	69689303	69689875	2369	3.8e-146	525	-
chr15:38660168-38660405|ORR1D2	chr7	86.077	711	826	78	1253	2067	69832882	69833681	2238	0	854	+
chr15:40649368-40649679|ORR1E	chr7	79.553	1389	1746	235	1	1663	71672937	71674643	2312	0	1134	-
chr15:41575189-41575520|ORR1D2	chr7	83.071	633	762	99	1581	2332	72645204	72645945	2332	0	665	+
chr15:41644528-41644856|ORR1E	chr7	84.062	923	1098	150	1242	2329	72712715	72713797	2329	0	1035	-
chr15:41777589-41777910|ORR1E	chr7	81.649	832	1019	131	1311	2322	72878967	72879936	2322	0	795	-
chr15:46804166-46804510|ORR1D2	chr7	79.079	601	760	129	1599	2344	77968685	77969428	2345	2.95e-137	496	+
chr15:48774284-48774530|ORR1D2	chr7	85.437	1056	1236	143	1036	2247	80047745	80048967	2247	0	1251	+
chr15:51310204-51310536|ORR1E	chr7	83.701	1289	1540	169	844	2333	82571753	82573260	2333	0	1378	+
chr15:51589299-51589683|ORR1E	chr7	82.838	1226	1480	185	28	1453	82861779	82863243	2385	0	1262	-
chr15:53666943-53667324|ORR1D2	chr7	84.011	1240	1476	193	3	1468	84979214	84980656	2382	0	1378	+
chr15:54398820-54399187|ORR1E	chr7	86.026	1182	1374	156	12	1381	85727642	85728983	2368	0	1441	-
chr15:55514224-55514464|ORR1E	chr7	82.963	1671	1998	281	207	2239	86929924	86931887	2241	0	1745.15	+
chr15:56067338-56067624|ORR1E	chr7	82.301	1409	1712	242	482	2160	87504156	87505839	2287	0	1426	-
chr15:56922414-56922677|ORR1E	chr7	81.583	567	695	94	1577	2260	88384015	88384686	2264	1e-151	544	+
chr15:58069695-58069926|ORR1E	chr7	84.976	1561	1837	178	483	2232	89603476	89605301	2232	0	1773	-
chr15:58115497-58115609|ORR1D2	chr7	79.286	1256	1585	191	573	2107	89657760	89659313	2113	0	927.2	+
chr15:58150829-58151147|ORR1E	chr7	84.353	593	703	81	278	974	89695259	89695938	2319	0	662	+
chr15:58649851-58650204|ORR1D2	chr7	81.978	746	910	96	1448	2327	90202536	90203407	2354	0	710	-
chr15:59027239-59027594|ORR1D2	chr7	92.19	1256	1461	151	8	1675	90573611	90575225	2356	0	1438.3	+
chr15:59397327-59397661|ORR1D2	chr7	82.885	1201	1449	163	311	1738	90954264	90955648	2335	0	1223	+
chr15:59439338-59439673|ORR1E	chr7	83.303	1861	2234	257	1	2179	90990944	90993116	2336	0	1953	-
chr15:59614254-59614535|ORR1E	chr7	81.681	1546	1856	199	52	2282	91170629	91172906	2282	0	1526.65	+
chr15:59639084-59639341|ORR1E	chr7	76.585	1220	1593	206	174	1694	91196964	91198461	2258	0	721	-
chr15:59752311-59752604|ORR1E	chr7	85.188	1018	1195	150	1098	2275	91314642	91315826	2294	0	1201	-
chr15:59762357-59762677|ORR1E	chr7	82.995	981	1182	151	650	1809	91325820	91326973	2321	0	1024	+
chr15:60662291-60662605|ORR1E	chr7	84.064	422	502	73	1	502	92227461	92227955	2315	1.05e-131	477	+
chr15:60791264-60791397|ORR1D2	chr7	86.369	773	895	94	1250	2134	92358185	92359061	2134	0	952	-
chr15:61698865-61699212|ORR1D2	chr7	81.187	807	994	140	715	1667	93229761	93230748	2348	0	756	+
chr15:62630398-62630744|ORR1E	chr7	81.734	886	1084	153	442	1510	94300577	94301630	2347	0	863	+
chr15:63474633-63474714|ORR1E	chr7	85.934	391	455	47	1	452	95205679	95206119	2082	1.58e-129	470	+
chr15:63806599-63806698|ORR1E	chr7	85.465	294	344	39	931	1269	95608277	95608614	2100	7.81e-93	348	-
chr15:63959821-63960165|ORR1D2	chr7	84.296	1676	1966	208	154	2336	95662430	95664431	2345	0	1851.55	+
chr15:63982850-63983148|ORR1E	chr7	85.855	1311	1527	167	307	1810	95681577	95683077	2299	0	1578	-
chr15:66548106-66548439|ORR1E	chr7	86.385	1269	1469	148	10	1462	98298550	98299982	2334	0	1557	+
chr15:67055283-67055594|ORR1E	chr7	83.162	810	974	112	1	950	98800627	98801572	2312	0	843	-
chr15:67118389-67118504|ORR1E	chr7	83.431	1712	2052	254	117	2106	98859239	98861266	2116	0	1827	+
chr15:67235026-67235375|ORR1E	chr7	82.041	1608	1960	239	457	2350	98962609	98964521	2350	0	1565	-
chr15:67397301-67397600|ORR1E	chr7	80.647	1246	1545	209	15	1524	99131013	99132502	2300	0	1114	-
chr15:67733019-67733339|ORR1D2	chr7	80.454	1523	1893	249	1	1806	99499589	99501447	2321	0	1334	+
chr15:67767668-67767995|ORR1E	chr7	79.451	1245	1567	219	192	1694	99548751	99550278	2328	0	1014	-
chr15:67772530-67772864|ORR1D2	chr7	85.384	1735	2032	269	40	2056	99551924	99553942	2335	0	2082	+
chr15:67892915-67893284|ORR1E	chr7	85.688	1413	1649	189	1	1618	99677675	99679307	2370	0	1694	+
chr15:68066437-68066726|ORR1E	chr7	83.93	1771	2124	281	1	2279	99868260	99870486	2290	0	1805	+
chr15:68192421-68192712|ORR1E	chr7	84.823	1000	1207	137	219	2292	99989122	99991218	2292	0	966.15	+
chr15:68249913-68250222|ORR1E	chr7	82.341	1977	2401	281	4	2310	100045423	100047774	2310	0	1953	+
chr15:68324899-68325188|ORR1E	chr7	82.044	1919	2339	265	11	2287	100118318	100120563	2290	0	1849	-
chr15:68647992-68648295|ORR1E	chr7	87.876	1970	2276	218	1	2304	100505530	100507729	2304	0	2304.7	+
chr9:48373269-48373571|ORR1D2	chr7	88.836	374	421	44	1841	2260	100599137	100599555	2303	7.99e-143	514	-
chr15:69705774-69706141|ORR1E	chr7	80.996	1236	1526	199	397	1870	101602996	101604482	2368	0	1127	-
chr15:70850481-70850776|ORR1D2	chr7	83.491	971	1163	138	1155	2292	102849056	102850189	2296	0	1035	-
chr15:72971904-72972163|ORR1E	chr7	83.503	1068	1279	155	11	1268	104914455	104915698	2260	0	1142	+
chr15:73263863-73264131|ORR1E	chr7	84.593	1466	1733	177	511	2206	105180328	105182007	2269	0	1639	+
chr15:74020436-74020669|ORR1E	chr7	83.492	1677	2011	240	224	2234	105921788	105923831	2234	0	1689.1	+
chr15:74939416-74939622|ORR1D2	chr7	83.084	388	467	56	398	843	106922016	106922480	2207	1.73e-109	403	+
chr15:75520188-75520494|ORR1E	chr7	78.028	1488	1907	292	347	2194	107143883	107145721	2307	0	1083	-
chr15:75504020-75504390|ORR1D2	chr7	79.234	538	679	105	1701	2367	107226901	107227555	2371	1.42e-120	440	+
chr15:78425943-78426234|ORR1D2	chr7	80.781	807	999	125	414	1374	109975072	109976041	2292	0	719	+
chr15:80444816-80444985|ORR1D2	chr7	88.111	541	614	63	3	613	111988695	111989301	2170	0	721	-
chr15:83166877-83167051|ORR1E	chr7	79.88	1495	1819	221	8	2175	114317702	114319794	2175	7.44e-153	1394.6	+
chr15:83569586-83569939|ORR1D2	chr7	83.217	595	715	72	916	1615	114726126	114726807	2354	2.82e-172	612	-
chr15:84388931-84389169|ORR1E	chr7	81.746	309	378	64	1780	2153	115516932	115517308	2239	1.09e-81	311	-
chr15:84692604-84692947|ORR1D2	chr7	81.01	1203	1485	195	878	2314	115822759	115824204	2344	0	1099	-
chr15:85366219-85366559|ORR1E	chr7	82.558	1543	1869	200	2	1851	116469590	116471351	2341	0	1530	+
chr15:91587415-91587785|ORR1D2	chr7	80.687	1855	2299	318	78	2353	122741706	122743901	2371	0	1670	-
chr15:94565840-94566185|ORR1D2	chr7	83.025	719	866	120	4	864	125706814	125707657	2346	0	760	-
chr15:95057098-95057441|ORR1E	chr7	82.486	1865	2261	314	2	2228	126181364	126183576	2344	0	1906	+
chr15:96186008-96186227|ORR1E	chr7	81.096	1021	1259	174	22	1224	127329900	127331150	2220	0	948	+
chr15:96654799-96655130|ORR1E	chr7	78.675	926	1177	176	938	2086	127813373	127814502	2332	0	713	+
chr15:96655523-96655774|ORR1D2	chr7	78.675	926	1177	176	214	1362	127813373	127814502	2252	0	713	+
chr15:96736707-96737048|ORR1D2	chr7	79.885	1306	1623	228	1	1646	127903558	127905203	2342	7.74e-178	1101.05	+
chr15:97277507-97277752|ORR1E	chr7	82.818	1152	1391	189	887	2246	128425613	128426984	2246	0	1199	-
chr15:97280392-97280680|ORR1E	chr7	84.052	390	464	63	1829	2284	128430862	128431322	2289	1.77e-119	436	+
chr15:97663908-97664201|ORR1E	chr7	81.296	439	540	64	1687	2223	128796241	128796746	2294	1.8e-109	403	-
chr15:98969652-98969987|ORR1D2	chr7	81.429	570	700	81	1644	2336	130128694	130129351	2336	1.04e-146	527	-
chr15:99388337-99388532|ORR1E	chr7	83.603	724	866	107	786	1637	130522998	130523842	2196	0	780	-
chr15:99410494-99410627|ORR1D2	chr7	81.657	690	845	106	1318	2134	130543080	130543903	2134	0	656	-
chr15:100314901-100315189|ORR1E	chr7	87.629	425	485	37	1682	2166	131459846	131460307	2289	3.64e-151	542	-
chr15:100404168-100404465|ORR1E	chr7	81.66	846	1036	146	1	1003	131518012	131519036	2298	0	821	+
chr15:101407941-101408249|ORR1D2	chr7	81.097	1360	1677	191	687	2309	132524478	132526082	2309	0	1225	+
chr15:101486291-101486611|ORR1E	chr7	84.022	1972	2347	277	24	2318	132604336	132606636	2321	0	2167	+
chr15:101495503-101495842|ORR1E	chr7	79.362	1765	2224	320	16	2172	132614667	132616818	2340	0	1435	-
chr15:103549523-103549850|ORR1E	chr7	85.008	2030	2388	225	1	2328	134671823	134674137	2328	0	2303	-
chr9:6854174-6854527|ORR1E	chr8	84.708	565	667	87	826	1490	4092156	4092809	2354	0	652	+
chr9:7903283-7903544|ORR1E	chr8	77.608	967	1246	183	24	1251	5068729	5069896	2262	0	667	+
chr9:8182813-8183067|ORR1E	chr8	83.582	1064	1273	140	1	1252	5291889	5293113	2255	0	1129	-
chr9:8262507-8262846|ORR1D2	chr8	82.101	1766	2151	232	203	2285	5508209	5510274	2340	0	1698	+
chr9:9207538-9207872|ORR1E	chr8	77.127	1568	2033	323	311	2298	6352415	6354350	2335	0	1048	-
chr9:9391512-9391615|ORR1D2	chr8	78.961	897	1136	180	116	1236	6514754	6515845	2104	0	719	-
chr9:9502005-9502291|ORR1E	chr8	82.267	617	750	79	1345	2075	6600723	6601437	2287	2.13e-168	599	+
chr9:9503836-9504172|ORR1D2	chr8	80.735	1077	1334	203	760	2071	6601984	6603285	2337	0	990	-
chr9:10270599-10270804|ORR1E	chr8	80.873	1835	2269	307	11	2206	7282051	7284265	2206	0	1668	-
chr9:12875574-12875836|ORR1D2	chr8	82.727	819	990	136	283	1248	9820799	9821777	2263	0	848	+
chr9:13574924-13575278|ORR1E	chr8	83.277	1240	1489	178	597	2041	10451597	10453058	2355	0	1304	-
chr9:13608929-13609032|ORR1E	chr8	79.534	820	1031	141	1105	2104	10486338	10487329	2104	0	671	-
chr9:14006444-14006686|ORR1D2	chr8	82.786	1486	1795	202	523	2243	10863146	10864907	2243	0	1504	-
chr9:14568643-14568996|ORR1D2	chr8	83.072	530	638	64	6	628	11375293	11375901	2354	1.35e-150	540	-
chr9:14657995-14658296|ORR1E	chr8	80.492	883	1097	160	944	2007	11460561	11461636	2302	0	791	+
chr9:14698007-14698309|ORR1E	chr8	84.296	1235	1507	195	44	1703	11531362	11533054	2303	0	1145.7	+
chr9:16283179-16283468|ORR1E	chr8	86.999	803	923	89	1389	2283	13062817	13063736	2290	0	1011	-
chr9:20353728-20353968|ORR1E	chr8	84.6	857	1013	137	558	1563	18909137	18910137	2241	0	989	-
chr9:21525174-21525486|ORR1D2	chr8	82.556	1434	1737	215	207	1911	20077063	20078743	2313	0	1448	-
chr9:22077736-22078023|ORR1D2	chr8	78.673	332	422	52	442	838	20611542	20611950	2288	3.2e-62	246	+
chr9:22368132-22368199|ORR1E	chr8	82.271	1007	1224	134	650	1855	20896420	20897578	2068	0	981	+
chr9:22697958-22698315|ORR1D2	chr8	84.553	1992	2446	300	1	2352	21270833	21273294	2358	0	1767.95	+
chr9:22773105-22773465|ORR1D2	chr8	83.857	774	923	116	1249	2145	21328240	21329155	2361	0	848	+
chr9:22927713-22928100|ORR1D2	chr8	81.044	838	1034	132	700	1693	21452271	21453280	2388	0	765	-
chr9:22963554-22963861|ORR1E	chr8	86.957	1584	1886	197	1	2308	21484157	21486645	2308	0	1627.35	+
chr9:23669280-23669615|ORR1E	chr8	83.842	1292	1541	186	539	2036	22172589	22174109	2336	0	1408	+
chr9:24298256-24298567|ORR1E	chr8	83.095	1804	2171	274	164	2312	22811854	22813953	2312	0	1890	+
chr9:24490717-24491051|ORR1E	chr8	81.071	878	1083	105	140	1194	23009436	23010446	2335	0	773	-
chr9:24640610-24640957|ORR1D2	chr8	82.114	1286	1561	208	789	2340	23126680	23128381	2348	0	1233.1	+
chr9:25114723-25114994|ORR1E	chr8	81.829	716	875	68	2	838	23577748	23578569	2272	0	651	+
chr1:15850814-15850971|ORR1E	chr8	76.706	326	425	71	1417	1829	25378074	25378482	2158	1.1e-51	211	+
chr9:29782755-29783118|ORR1E	chr8	81.105	837	1032	135	1	1018	28187762	28188747	2364	0	771	+
chr9:31808757-31809080|ORR1E	chr8	82.621	599	725	90	621	1316	30226475	30227192	2324	3.6e-171	608	-
chr9:32155614-32155723|ORR1D2	chr8	84	294	350	49	541	887	30571769	30572114	2110	2.84e-87	329	-
chr9:32155734-32155879|ORR1D2	chr8	84	294	350	49	697	1043	30571769	30572114	2146	2.89e-87	329	-
chr9:32185532-32185697|ORR1E	chr8	78.956	484	613	81	1	609	30603955	30604523	2166	1.33e-100	374	-
chr9:32446265-32446605|ORR1E	chr8	82.054	1280	1537	187	562	2341	30855573	30857193	2341	0	1281.55	+
chr9:33122284-33122567|ORR1E	chr8	81.167	737	908	118	760	1648	31498821	31499694	2284	0	680	-
chr9:35278094-35278334|ORR1D2	chr8	80.33	780	971	136	2	935	33631634	33632586	2241	0	684	-
chr9:35323662-35323980|ORR1E	chr8	84.967	763	898	104	1333	2219	33675213	33676090	2319	0	881	+
chr9:35787026-35787365|ORR1E	chr8	82.672	1479	1789	268	1	1760	34138600	34140375	2340	0	1548	+
chr9:40424115-40424340|ORR1E	chr8	85.132	1294	1520	166	641	2139	40787748	40789228	2226	0	1500	+
chr9:40612332-40612563|ORR1E	chr8	80.392	1014	1239	166	1001	2221	40989096	40990331	2232	1.63e-159	937.65	+
chr9:41222676-41222877|ORR1E	chr8	81.513	1358	1666	263	1	1633	41597196	41598849	2202	0	1328	-
chr9:42208540-42208894|ORR1E	chr8	80.643	1104	1369	203	684	2020	42588208	42589546	2355	0	1003	-
chr9:42488089-42488374|ORR1E	chr8	83.886	708	844	113	648	1481	42873247	42874077	2286	0	784	-
chr9:42759109-42759369|ORR1E	chr8	86.331	960	1112	129	1165	2259	43145211	43146316	2261	0	1190	+
chr9:45340115-45340441|ORR1E	chr8	81.798	755	923	115	59	958	45647009	45647901	2327	0	725	-
chr9:45351073-45351335|ORR1E	chr8	84.466	435	515	49	123	624	45658519	45659015	2263	2.86e-132	479	-
chr9:46386228-46386581|ORR1E	chr8	80.446	1950	2424	300	1	2329	46687458	46689802	2354	0	1690	-
chr9:46931896-46932227|ORR1E	chr8	86.076	1632	1896	205	488	2332	47233869	47235756	2332	0	1984	-
chr9:48532312-48532530|ORR1D2	chr8	84.918	670	789	86	1001	1783	48879851	48880612	2219	0	767	+
chr9:48869235-48869581|ORR1D2	chr8	81.345	1439	1769	209	672	2347	49210926	49212666	2347	0	1327	-
chr9:50298279-50298633|ORR1E	chr8	84.92	1695	1996	207	411	2355	50649608	50651560	2355	0	1932	-
chr9:50363186-50363356|ORR1D2	chr8	89.192	751	842	62	1332	2171	50711938	50712752	2171	0	1024	-
chr9:50363409-50363606|ORR1D2	chr8	80.035	922	1152	149	92	1210	50713206	50714309	2198	0	778	-
chr9:51060833-51061186|ORR1E	chr8	83.942	575	685	89	1	675	51369414	51370087	2354	1.67e-179	636	-
chr9:51953010-51953317|ORR1D2	chr8	82.986	1595	1922	226	17	1917	52275902	52277743	2308	0	1644	+
chr9:51987365-51987419|ORR1D2	chr8	82.908	1300	1568	193	3	1529	52322356	52323889	2055	0	1341	-
chr9:51990676-51991044|ORR1E	chr8	84.398	449	532	54	10	519	52325433	52325957	2369	2.98e-137	496	-
chr9:52193840-52194253|ORR1E	chr8	83.984	624	743	71	1608	2344	52524886	52525586	2414	0	669	-
chr9:52263864-52264187|ORR1E	chr8	81.664	1826	2236	352	103	2319	52617038	52619234	2324	0	1805	+
chr9:53402382-53402675|ORR1E	chr8	83.251	1390	1747	193	10	2108	53795017	53796915	2294	0	1042.15	+
chr9:53741074-53741187|ORR1D2	chr8	80.628	616	764	112	615	1368	54128361	54129098	2114	3.34e-156	558	+
chr9:55102291-55102489|ORR1D2	chr8	82.228	310	377	40	1827	2178	55481845	55482219	2199	2.32e-78	300	-
chr9:56001918-56002281|ORR1E	chr8	76.933	587	763	134	1493	2237	56401148	56401886	2364	3.1e-107	396	+
chr9:55987160-55987470|ORR1E	chr8	80.23	978	1219	191	1109	2302	56383561	56384754	2311	0	870	+
chr9:56315170-56315491|ORR1D2	chr8	81.699	1125	1377	182	1	1356	56715337	56716664	2322	0	1083	+
chr9:57182149-57182513|ORR1E	chr8	83.168	504	606	74	1473	2069	57602490	57603076	2365	2.93e-147	529	-
chr9:58210293-58210549|ORR1D2	chr8	85.191	581	682	72	3	672	58619734	58620398	2257	0	673	+
chr9:58505142-58505382|ORR1E	chr8	85.82	926	1079	118	1178	2241	58919190	58920248	2241	0	1112	-
chr9:59280969-59281315|ORR1E	chr8	80.778	353	437	69	982	1417	59686534	59686956	2347	1.14e-86	327	+
chr9:60372422-60372810|ORR1E	chr8	83.083	1272	1531	157	875	2387	60825606	60827052	2389	0	1299	+
chr9:60512541-60512863|ORR1E	chr8	79.73	1062	1332	154	915	2202	60974519	60975778	2323	0	857	+
chr9:61150970-61151328|ORR1D2	chr8	86.334	1314	1522	123	862	2359	61626694	61628154	2359	0	1580	+
chr9:61427034-61427401|ORR1E	chr8	81.9	1086	1326	147	1069	2368	61913231	61914489	2368	0	1033	+
chr9:61483902-61484233|ORR1D2	chr8	80.109	1317	1644	181	509	2112	61967415	61968952	2332	0	1090	-
chr9:61850923-61851246|ORR1D2	chr8	83.84	1240	1479	149	301	1741	62333643	62335069	2324	0	1325	-
chr9:65232516-65232761|ORR1D2	chr8	90.893	519	571	43	2	570	65744399	65744962	2246	0	758	-
chr9:61882208-61882495|ORR1D2	chr8	88.221	704	798	75	126	915	62361617	62362403	2288	0	935	+
chr9:61983332-61983539|ORR1E	chr8	79.235	870	1098	127	1186	2208	62460197	62461268	2208	0	671	+
chr9:62954701-62955020|ORR1D2	chr8	84.259	637	756	84	190	941	63413598	63414322	2320	0	704	-
chr9:65087519-65087849|ORR1D2	chr8	81.072	484	597	52	148	725	65607044	65607598	2331	1.81e-114	420	+
chr9:66300695-66301039|ORR1E	chr8	82.783	1178	1423	153	541	1924	66856308	66857677	2345	0	1186	-
chr9:66682782-66683134|ORR1D2	chr8	82.49	815	988	116	991	1969	67243046	67243985	2353	0	813	+
chr9:70947236-70947634|ORR1E	chr8	79.822	1978	2478	307	1	2399	71648121	71650484	2399	0	1628	+
chr9:70949351-70949690|ORR1E	chr8	81.302	787	968	119	700	1648	71651180	71652104	2340	0	728	-
chr9:71596951-71597262|ORR1E	chr8	85.124	1805	2158	254	209	2311	72246281	72248610	2312	0	1842.05	+
chr9:71798374-71798464|ORR1E	chr8	83.2	1620	2000	262	32	2089	72442625	72444540	2091	0	1405.05	+
chr9:72014638-72014966|ORR1E	chr8	84.074	1911	2273	273	1	2233	72676388	72678611	2329	0	2109	+
chr9:72043618-72043943|ORR1E	chr8	82.051	928	1131	122	1	1113	72710628	72711695	2326	0	889	+
chr9:72082171-72082486|ORR1E	chr8	86.231	977	1133	112	1213	2316	72765595	72766712	2316	0	1188	-
chr9:72489738-72489927|ORR1E	chr8	78.616	1353	1709	225	1	1809	73210888	73212557	2190	0	1009.85	+
chr9:72542668-72542985|ORR1E	chr8	84.288	1217	1418	143	724	2318	73263964	73265475	2318	0	1378.45	+
chr9:73240164-73240494|ORR1E	chr8	84.561	1194	1412	167	7	1393	73984427	73985812	2331	0	1352	-
chr9:73325546-73325635|ORR1E	chr8	83.705	863	1031	116	926	1944	74084870	74085860	2090	0	926	+
chr9:74327687-74327879|ORR1E	chr8	81.749	972	1189	153	1011	2157	75060390	75061556	2193	0	935	-
chr9:75270373-75270716|ORR1D2	chr8	82.051	960	1170	106	1217	2344	76028908	76030015	2344	0	902	-
chr9:75477218-75477559|ORR1D2	chr8	80.638	354	439	42	329	746	76234993	76235409	2342	2.48e-78	300	-
chr9:78101011-78101305|ORR1D2	chr8	81.818	711	869	112	605	1461	78975711	78976545	2295	0	688	-
chr9:79952051-79952358|ORR1E	chr8	82.018	843	1044	146	1027	2034	80898680	80899785	2308	5.07e-105	724.85	+
chr9:80037670-80038038|ORR1D2	chr8	81.772	323	395	42	1992	2369	80976825	80977206	2369	1.94e-79	303	+
chr9:80081142-80081339|ORR1E	chr8	85.812	756	881	81	1085	1960	81001167	81002008	2198	0	894	-
chr9:80156867-80157172|ORR1E	chr8	80.009	1881	2351	311	1	2297	81078278	81080523	2306	0	1591	-
chr9:81141682-81141938|ORR1D2	chr8	80.72	762	944	134	496	1423	82067152	82068063	2257	0	691	+
chr9:83248340-83248669|ORR1D2	chr8	84.026	1173	1396	150	1	1361	84164264	84165621	2330	0	1275	-
chr9:83987245-83987639|ORR1E	chr8	80.111	1152	1438	174	972	2387	84888002	84889349	2395	0	968	-
chr9:85165660-85165968|ORR1E	chr8	83.995	614	731	97	229	948	86066007	86066728	2309	0	684	-
chr9:88490131-88490466|ORR1D2	chr8	78.659	1150	1462	193	926	2334	89443398	89444793	2336	0	861	+
chr9:88721990-88722080|ORR1E	chr8	84.34	447	530	56	832	1355	89725988	89726496	2091	9.44e-137	494	-
chr9:89209034-89209124|ORR1E	chr8	84.151	446	530	57	832	1355	89725988	89726496	2091	4.39e-135	488	-
chr9:88981700-88982015|ORR1E	chr8	83.532	771	923	109	1418	2315	89779702	89780606	2316	0	822	+
chr9:89758566-89758938|ORR1D2	chr8	82.407	1424	1728	216	1	1697	90300632	90302302	2373	0	1426	-
chr9:89852713-89853056|ORR1D2	chr8	82.328	1924	2337	295	2	2310	90393763	90396009	2344	0	1919	+
chr14:69120002-69120141|ORR1D2	chr8	79.623	422	530	69	1276	1780	90979371	90979886	2140	1.03e-91	344	+
chr9:90528134-90528428|ORR1E	chr8	80.763	466	577	88	1732	2293	91065924	91066492	2295	2.97e-117	429	-
chr9:91677045-91677371|ORR1E	chr8	82.007	1144	1395	170	3	1338	92254557	92255929	2327	0	1110	+
chr9:94021554-94021896|ORR1E	chr8	79.052	1902	2406	364	1	2343	94573028	94575356	2343	0	1522	+
chr9:95802083-95802282|ORR1E	chr8	81.648	1784	2185	274	3	2136	96367444	96369552	2200	0	1696	+
chr9:98511922-98512175|ORR1E	chr8	84.756	556	656	71	1609	2254	99106961	99107597	2254	7.44e-178	630	+
chr9:99183236-99183639|ORR1E	chr8	82.629	880	1065	129	630	1664	99744515	99745553	2404	0	891	-
chr9:99289479-99289846|ORR1D2	chr8	81.728	823	1007	103	287	1230	99853030	99854018	2368	0	765	+
chr9:100463801-100464144|ORR1E	chr8	85.128	498	585	58	820	1380	100987097	100987676	2344	4.76e-160	571	-
chr9:100540305-100540634|ORR1D2	chr8	81.803	499	610	54	917	1521	101072664	101073221	2330	3.84e-126	459	-
chr9:101552846-101553147|ORR1E	chr8	85.763	2006	2339	227	1	2299	102118067	102120339	2302	0	2377	-
chr9:101769167-101769521|ORR1E	chr8	80.565	713	885	102	538	1391	102358041	102358886	2355	6.06e-174	617	-
chr9:102397692-102397964|ORR1E	chr8	83.111	684	823	107	1042	1845	102986584	102987393	2273	0	721	+
chr9:102521457-102521762|ORR1E	chr8	85.115	406	477	62	1	471	103103596	103104069	2306	2.92e-132	479	-
chr9:102577609-102577841|ORR1E	chr8	83.358	556	667	77	1	643	103151805	103152461	2233	1.62e-164	586	+
chr9:103149190-103149489|ORR1E	chr8	80.342	376	468	66	602	1064	103731111	103731557	2300	8.63e-88	331	+
chr9:103397518-103397892|ORR1E	chr8	88.244	593	672	60	1721	2375	103976595	103977264	2375	0	785	+
chr9:103403385-103403611|ORR1E	chr8	82.207	1423	1731	216	140	1842	103980306	103981972	2227	0	1406	-
chr9:103652066-103652323|ORR1D2	chr8	81.264	720	886	113	1382	2258	104236786	104237627	2258	0	667	+
chr9:104270658-104271026|ORR1D2	chr8	82.769	1228	1465	178	1	2366	104883027	104885556	2369	0	1271.1	+
chr9:104339142-104339473|ORR1E	chr8	79.938	1554	1944	275	1	1911	104954683	104956544	2332	0	1323	+
chr9:105123181-105123405|ORR1E	chr8	83.512	1267	1527	217	116	1646	105729432	105731044	2225	0	1273	+
chr9:105803454-105803816|ORR1E	chr8	81.227	675	831	102	1107	1895	106431021	106431839	2363	4.7e-175	621	+
chr9:105887599-105887887|ORR1E	chr8	78.966	1115	1412	160	425	1778	106508956	106510288	2289	0	835	+
chr9:110965159-110965396|ORR1E	chr8	84.191	458	544	62	268	797	110949598	110950131	2238	1.3e-140	507	+
chr9:111459521-111459806|ORR1E	chr8	80.296	921	1147	140	1	1105	111422584	111423686	2286	0	787	-
chr9:111571736-111572095|ORR1E	chr8	85.925	989	1151	104	974	2077	111538872	111540011	2360	0	1175	+
chr9:111740096-111740414|ORR1E	chr8	80.104	1534	1915	229	1	1879	111699038	111700836	2319	0	1286	+
chr9:113727111-113727346|ORR1E	chr8	82.219	541	658	78	623	1271	113662359	113662986	2236	7.7e-148	531	-
chr9:115358484-115358906|ORR1D2	chr8	82.848	1516	1864	207	555	2406	115044036	115045751	2423	1.81e-144	1315.75	+
chr9:115361082-115361426|ORR1E	chr8	83.333	525	630	95	497	1117	115047665	115048293	2345	1.32e-160	573	-
chr9:115551116-115551466|ORR1E	chr8	81.339	802	986	100	1432	2351	115242540	115243507	2351	0	725	-
chr9:115602754-115603101|ORR1E	chr8	81.588	1901	2330	279	7	2284	115300003	115302234	2348	0	1788	-
chr9:115609929-115610231|ORR1E	chr8	81.237	788	970	124	103	1051	115307136	115308068	2303	0	730	+
chr9:115740091-115740399|ORR1E	chr8	80.977	630	778	86	1	729	115442505	115443269	2309	1.01e-156	560	+
chr9:115745687-115745976|ORR1E	chr8	80.063	763	953	132	160	1095	115449007	115449918	2290	0	654	-
chr9:115777064-115777443|ORR1E	chr8	81.809	787	962	125	818	1762	115489434	115490362	2380	0	761	-
chr9:115801918-115802255|ORR1E	chr8	83.706	1983	2369	305	3	2338	115507092	115509412	2338	0	2161	-
chr9:115806107-115806463|ORR1E	chr8	81.91	1956	2388	282	54	2354	115511096	115513420	2357	0	1879	+
chr9:116084073-116084254|ORR1E	chr8	83.273	687	825	80	84	890	115788697	115789481	2182	0	706	+
chr9:116111388-116111695|ORR1E	chr8	80.228	633	789	119	22	781	115816784	115817564	2308	3.65e-156	558	+
chr9:116181786-116182013|ORR1D2	chr8	80.079	1013	1265	177	2	1228	115889743	115890970	2228	0	870	+
chr9:116369242-116369574|ORR1D2	chr8	82.394	1521	1846	212	558	2327	116080361	116082169	2333	0	1504	+
chr9:116384106-116384484|ORR1E	chr8	79.937	1012	1266	120	327	1549	116095541	116096715	2379	0	808	-
chr9:116434250-116434592|ORR1E	chr8	78.381	736	939	112	2	935	116156430	116157282	2343	3.76e-146	525	+
chr9:116477305-116477663|ORR1E	chr8	77.999	1060	1359	212	403	1719	116210930	116212243	2359	0	773	-
chr9:118257060-118257324|ORR1E	chr8	88.291	558	632	65	1	625	117966660	117967289	2265	0	749	+
chr9:118387790-118388074|ORR1E	chr8	77.68	1239	1595	230	92	1647	118086320	118087827	2285	0	857	-
chr9:118662031-118662316|ORR1E	chr8	78.254	968	1237	170	1107	2286	118363351	118364545	2286	0	702	-
chr9:118718406-118718771|ORR1E	chr8	82.651	1453	1758	208	677	2361	118419989	118421722	2366	0	1467	-
chr9:118722951-118723303|ORR1D2	chr8	83.516	1986	2378	270	3	2332	118426195	118428498	2353	0	2108	+
chr9:118728304-118728571|ORR1E	chr8	81.319	666	819	109	962	1755	118433376	118434175	2268	3.48e-176	625	+
chr9:118759951-118760224|ORR1E	chr8	77.412	658	850	127	182	994	118470247	118471068	2274	2.92e-122	446	-
chr9:118811084-118811416|ORR1E	chr8	82.905	936	1129	178	1216	2333	118517724	118518848	2333	0	1002	+
chr9:118855659-118855927|ORR1D2	chr8	82.345	625	759	107	260	1004	118571126	118571871	2269	5.79e-179	634	-
chr9:120834213-120834547|ORR1E	chr8	83.09	1538	1851	217	1	1802	120539447	120541250	2335	0	1596	+
chr9:120915023-120915361|ORR1E	chr8	82.366	738	896	97	149	1029	120621778	120622627	2339	0	723	-
chr9:121059506-121059681|ORR1E	chr8	77.692	808	1040	119	902	1886	120762913	120763894	2176	7.49e-148	531	+
chr9:121162923-121163100|ORR1E	chr8	78.349	1702	2149	289	2	2125	120880592	120882643	2178	0	1278.7	+
chr9:121259053-121259377|ORR1E	chr8	83.478	1116	1369	189	565	2235	120950221	120951760	2325	7.74e-173	1015.55	+
chr9:121301073-121301326|ORR1D2	chr8	87.212	869	1024	116	627	1618	120987799	120988858	2254	3.56e-156	946.2	+
chr9:121585367-121585662|ORR1E	chr8	84.211	1917	2293	274	1	2294	121252490	121255065	2296	0	1953.2	+
chr9:121890985-121891049|ORR1D2	chr8	82.361	593	720	78	1069	1770	121554385	121555073	2065	6.96e-163	580	+
chr9:122214824-122215127|ORR1E	chr8	79.116	841	1063	117	1246	2288	121876370	121877347	2304	1.64e-179	636	-
chr9:122230630-122230867|ORR1E	chr8	79.543	836	1051	145	315	1323	121890252	121891274	2238	0	686	+
chr9:123595229-123595568|ORR1E	chr8	82.523	1521	1810	213	497	2340	123234782	123236531	2340	0	1586.5	+
chr9:123928949-123929080|ORR1E	chr8	82.304	1279	1554	190	115	1611	123509522	123511047	2132	0	1267	-
chr1:43811779-43812086|ORR1D2	chr9	84.59	1032	1220	144	1097	2286	671024	672229	2308	0	1171	+
chr17:57359878-57360149|ORR1E	chr9	82.934	554	668	77	1628	2270	2242652	2243307	2272	5.97e-159	568	-
chr17:57411899-57411993|ORR1D2	chr9	82.294	897	1090	124	1	1049	2323768	2324829	2095	0	880	-
chr17:51512394-51512674|ORR1E	chr9	82.841	1009	1218	157	647	1845	4426240	4427424	2281	0	1044	-
chr17:51937844-51938009|ORR1D2	chr9	83.182	1281	1540	157	656	2154	4863921	4865399	2166	0	1315	+
chr17:52012673-52013009|ORR1D2	chr9	83.45	2022	2423	243	2	2319	4951367	4953736	2337	0	2108	-
chr17:52268846-52269204|ORR1E	chr9	82.156	1372	1670	200	458	2057	5212581	5214222	2359	0	1343	-
chr17:52468359-52468700|ORR1E	chr9	81.836	1649	2015	283	1	1957	5393429	5395418	2342	0	1616	-
chr17:52693911-52694054|ORR1E	chr9	82.246	908	1104	152	1057	2144	5596473	5597548	2144	0	913	-
chr17:53046631-53046937|ORR1E	chr9	79.498	1299	1634	218	2	1538	5992480	5994093	2307	0	1053	+
chr17:55125867-55126148|ORR1E	chr9	81.827	1440	1778	232	1	1742	8781840	8783584	2282	0	1248.3	+
chr17:55407372-55407676|ORR1E	chr9	83.378	1866	2238	298	1	2183	9133230	9135448	2305	0	2004	+
chr17:50197839-50198206|ORR1E	chr9	78.321	1073	1370	188	1	1333	10794782	10796079	2368	0	784	+
chr17:50071622-50071948|ORR1D2	chr9	78.426	538	686	105	117	775	10923457	10924126	2327	1.41e-110	407	-
chr17:49781075-49781444|ORR1D2	chr9	80.022	741	926	141	538	1454	11197922	11198812	2370	0	645	-
chr17:49047240-49047575|ORR1E	chr9	82.379	1856	2253	290	105	2330	11954093	11956265	2336	0	1862	+
chr17:48963721-48963985|ORR1E	chr9	81.818	1038	1250	155	1003	2263	12035728	12037004	2265	0	1027.9	+
chr17:48509716-48509874|ORR1E	chr9	85.811	508	592	72	7	594	12487800	12488383	2159	5.55e-174	617	-
chr17:48170470-48170789|ORR1D2	chr9	82.065	787	959	135	245	1186	12815272	12816210	2320	0	784	-
chr17:45612867-45613130|ORR1D2	chr9	82.863	411	496	64	1394	1871	15388319	15388811	2264	3.79e-116	425	+
chr17:45613130-45613203|ORR1E	chr9	82.863	411	496	64	1467	1944	15388319	15388811	2074	3.46e-116	425	+
chr17:44620473-44620840|ORR1D2	chr9	79.313	1894	2388	343	10	2304	16357545	16359874	2368	0	1533	-
chr17:44174622-44174959|ORR1D2	chr9	80.325	841	1047	135	25	1058	16825079	16826067	2338	0	726	+
chr17:43982606-43982943|ORR1E	chr9	85.219	1476	1732	217	563	2269	17012436	17014153	2338	0	1744	-
chr17:43758653-43758990|ORR1D2	chr9	84.775	490	578	63	1166	1732	17215301	17215864	2338	1.33e-155	556	-
chr17:43261990-43262346|ORR1D2	chr9	79.978	731	914	154	927	1828	17719889	17720785	2357	0	647	-
chr17:43093789-43094047|ORR1D2	chr9	81.416	1196	1469	175	15	1432	17873311	17874732	2259	0	1110	+
chr17:42860366-42860663|ORR1E	chr9	81.812	1264	1545	195	1	1509	18099929	18101423	2298	0	1218	+
chr1:20356858-20357179|ORR1E	chr9	80.897	1118	1382	215	974	2321	22805187	22806553	2322	0	1044	+
chr1:21192293-21192586|ORR1E	chr9	83.854	483	576	82	1	568	23606179	23606751	2294	4.72e-150	538	-
chr1:21227870-21228222|ORR1E	chr9	84.775	1730	2141	282	125	2295	23730238	23732401	2353	0	1480.1	+
chr1:21618761-21619097|ORR1E	chr9	80.273	940	1171	127	1190	2337	24052953	24054042	2337	0	787	-
chr1:21687726-21688079|ORR1E	chr9	81.499	1185	1454	227	1	1439	24118453	24119879	2354	0	1157	-
chr1:21889130-21889490|ORR1D2	chr9	80.433	966	1201	164	393	1571	24312187	24313338	2361	0	850	-
chr1:22099615-22099944|ORR1E	chr9	81.156	1615	1990	253	403	2330	24509994	24511923	2330	0	1485	-
chr1:23230854-23231181|ORR1D2	chr9	82.855	1184	1429	163	2	1396	25684041	25685421	2328	0	1206	-
chr1:23720359-23720717|ORR1D2	chr9	81.193	1690	2099	331	77	2130	26132749	26134912	2359	0	1463	+
chr1:23840369-23840669|ORR1D2	chr9	81.131	1234	1521	172	847	2289	26243052	26244535	2301	0	1112	-
chr1:23902893-23903220|ORR1E	chr9	74.877	1523	2034	271	102	2070	26317593	26319451	2328	0	704	-
chr1:23923758-23924031|ORR1D2	chr9	79.605	1128	1417	198	822	2192	26342615	26343986	2274	0	931	-
chr1:24692111-24692180|ORR1E	chr9	81.818	603	737	72	1283	2007	27111686	27112372	2070	2.53e-157	562	-
chr1:24747523-24747942|ORR1D2	chr9	82.246	1084	1318	158	6	1270	27167836	27169130	2420	0	1068	-
chr1:25599867-25600228|ORR1E	chr9	81.147	1472	1814	278	1	1766	27924539	27926336	2362	0	1397	-
chr1:30851921-30852251|ORR1E	chr9	81.062	1146	1401	187	507	2058	33121537	33123135	2331	0	1055.45	+
chr1:31242996-31243229|ORR1D2	chr9	82.977	1048	1263	160	990	2234	33531520	33532745	2234	0	1090	+
chr1:31377326-31377670|ORR1E	chr9	85.246	884	1037	129	1	1023	33651694	33652720	2345	0	1046	-
chr1:33367132-33367463|ORR1D2	chr9	84.542	711	841	110	1358	2188	35619900	35620730	2332	0	815	+
chr1:33971716-33972054|ORR1E	chr9	80.823	805	996	129	933	1912	36194643	36195592	2339	0	725	-
chr1:35332529-35332900|ORR1E	chr9	77.876	792	1017	144	3	979	37489447	37490422	2372	1.35e-155	556	+
chr1:35765732-35766087|ORR1D2	chr9	80.282	1083	1349	168	385	1705	37965134	37966412	2356	0	928	+
chr1:35783007-35783298|ORR1E	chr9	80	1316	1640	200	704	2292	37983329	37984946	2292	0	1064	+
chr1:36138235-36138528|ORR1D2	chr9	79.478	457	575	75	1730	2291	38354207	38354751	2294	6.56e-99	368	+
chr1:36217155-36217422|ORR1E	chr9	84.842	755	912	119	1	1434	38443218	38444687	2268	8.15e-118	741.95	+
chr1:36225987-36226159|ORR1D2	chr9	81.561	606	743	112	486	1219	38450188	38450914	2173	1.22e-165	590	-
chr1:36281836-36281947|ORR1E	chr9	78.958	773	979	127	670	1622	38509373	38510298	2112	9.14e-167	593	+
chr1:36282244-36282601|ORR1E	chr9	78.958	773	979	127	1145	2097	38509373	38510298	2358	1.02e-166	593	-
chr1:36456965-36457234|ORR1E	chr9	83.721	612	731	97	271	994	38698814	38699529	2270	0	671	-
chr1:36604900-36604960|ORR1E	chr9	79.18	1004	1268	166	90	1309	38846085	38847302	2061	0	789	+
chr1:39024141-39024365|ORR1E	chr9	80.327	1591	1952	246	37	1827	41277848	41279732	2225	0	1424.05	+
chr1:39102624-39102909|ORR1E	chr9	79.78	1598	2003	265	330	2286	41364365	41366273	2286	0	1327	+
chr1:39105332-39105640|ORR1E	chr9	85.61	1524	1827	208	465	2298	41366910	41368756	2309	0	1527.6	+
chr1:39949184-39949427|ORR1D2	chr9	79.67	917	1151	142	138	1249	42249930	42251027	2244	0	745	-
chr1:40052215-40052557|ORR1D2	chr9	78.734	1144	1453	204	1	1432	42349198	42350566	2343	0	874	+
chr1:40095164-40095490|ORR1E	chr9	82.759	1272	1537	188	38	1549	42394047	42395531	2327	0	1299	-
chr1:40290754-40290937|ORR1E	chr9	81.051	941	1161	165	3	1144	42561939	42563063	2184	0	874	+
chr1:40295061-40295225|ORR1E	chr9	78.898	673	853	140	15	859	42567226	42568046	2165	3.44e-151	542	-
chr1:40295612-40295819|ORR1E	chr9	79.06	925	1170	186	299	1453	42567226	42568351	2208	0	749	-
chr1:43110470-43110811|ORR1D2	chr9	84.856	1031	1215	146	1153	2339	45375749	45376953	2342	0	1190	-
chr1:43433847-43434175|ORR1E	chr9	85.086	987	1160	127	1	1143	45701975	45703105	2329	0	1142	-
chr1:52679127-52679508|ORR1E	chr9	80.99	622	768	103	1627	2382	48822306	48823042	2382	1.74e-159	569	-
chr1:47219294-47219600|ORR1E	chr9	85.852	2045	2382	224	3	2307	54507734	54510079	2307	0	2427	-
chr1:46894512-46894726|ORR1D2	chr9	81.982	1274	1554	183	708	2210	54867194	54868701	2215	0	1229	-
chr1:46873908-46874189|ORR1E	chr9	84.065	670	797	103	5	786	54889174	54889961	2282	0	747	+
chr1:53726043-53726382|ORR1D2	chr9	81.457	1252	1537	203	831	2340	55284469	55285950	2340	0	1184	-
chr1:53741795-53742059|ORR1E	chr9	83.016	1525	1837	207	1	1758	55301281	55303091	2265	0	1567	+
chr1:54527303-54527659|ORR1E	chr9	80	897	1108	162	679	2354	56009624	56011181	2357	5e-130	791.35	+
chr1:54870755-54871059|ORR1E	chr9	84.248	1075	1276	153	560	1818	56364102	56365346	2305	0	1199	-
chr1:55029002-55029159|ORR1D2	chr9	82.294	739	898	102	1289	2155	56533684	56534555	2158	0	725	+
chr1:55473746-55474059|ORR1E	chr9	82.618	770	932	113	1416	2314	56972893	56973808	2314	0	778	-
chr1:55512242-55512426|ORR1E	chr9	84.574	466	551	46	72	602	57002324	57002855	2185	9.8e-142	510	-
chr1:56086761-56087094|ORR1E	chr9	82.301	1116	1356	194	9	1336	57575217	57576554	2334	0	1133	-
chr1:57430669-57430896|ORR1D2	chr9	81.935	703	858	101	1390	2228	59002333	59003155	2228	0	676	-
chr1:57906652-57907000|ORR1E	chr9	85.151	2030	2384	243	1	2349	59453165	59455472	2349	0	2338	-
chr1:58484725-58485010|ORR1D2	chr9	83.244	467	561	65	139	682	60017798	60018346	2286	4.81e-135	488	+
chr1:58995354-58995662|ORR1D2	chr9	86.635	1102	1272	132	1054	2309	60432270	60433519	2309	0	1373	-
chr1:59943856-59944150|ORR1E	chr9	83.975	1331	1585	175	261	1821	61371367	61372896	2295	0	1447	-
chr1:60658359-60658653|ORR1E	chr9	84.196	895	1063	123	996	2035	62098825	62099865	2295	0	990	-
chr1:61084699-61085051|ORR1E	chr9	83.878	1566	1867	224	72	1911	62495419	62497235	2353	0	1709	-
chr1:61873735-61874041|ORR1E	chr9	85.043	489	575	75	1495	2068	63287379	63287943	2307	3.62e-161	575	-
chr1:62028762-62029148|ORR1E	chr9	83.958	1120	1334	179	1	1311	63441577	63442898	2387	0	1245	-
chr1:63044397-63044690|ORR1D2	chr9	82.086	362	441	53	721	1159	64440542	64440958	2294	1.84e-94	353	-
chr1:63458184-63458451|ORR1E	chr9	82.843	1632	1970	247	352	2268	64874063	64875994	2268	0	1681	+
chr1:64840290-64840616|ORR1D2	chr9	87.837	2087	2376	206	1	2327	66213465	66215806	2327	0	2710	+
chr1:67955615-67955743|ORR1D2	chr9	82.034	1105	1347	188	788	2096	69455001	69456331	2129	0	1098	+
chr1:71000633-71000882|ORR1E	chr9	81.111	1563	1927	279	392	2250	72596057	72597966	2250	0	1463	-
chr1:71798705-71799071|ORR1E	chr9	81.698	1607	1967	236	459	2367	73409589	73411489	2367	0	1524	+
chr1:72134556-72134772|ORR1D2	chr9	81.497	392	481	55	289	739	73757845	73758321	2217	8.2e-98	364	+
chr1:72345188-72345508|ORR1E	chr9	85.199	708	831	98	1222	2034	73991640	73992463	2321	0	830	-
chr1:74072779-74072959|ORR1D2	chr9	80.457	1285	1580	192	452	2181	75650184	75651719	2181	0	1129.55	+
chr1:77173936-77174242|ORR1E	chr9	90.227	914	1013	83	1046	2056	78606011	78607009	2307	0	1308	+
chr1:79150043-79150373|ORR1E	chr9	84.906	450	530	76	933	1461	80532626	80533152	2331	2.23e-148	532	-
chr1:79948065-79948389|ORR1D2	chr9	83.871	1170	1395	181	961	2325	81287110	81288490	2325	0	1290	-
chr1:79998218-79998536|ORR1E	chr9	80.723	1055	1276	150	812	2086	81330521	81331818	2319	0	1013.65	+
chr1:80045121-80045235|ORR1E	chr9	83.485	915	1096	133	191	1259	81377403	81378477	2115	0	977	+
chr1:80153381-80153712|ORR1D2	chr9	80.527	1344	1669	235	1	1627	81472143	81473763	2332	0	1199	-
chr1:80454110-80454330|ORR1E	chr9	84.337	1260	1494	177	7	1474	81771963	81773425	2221	0	1410	-
chr1:80703358-80703720|ORR1E	chr9	83.535	1999	2393	276	1	2326	82039426	82041767	2363	0	2128	+
chr1:81303359-81303690|ORR1D2	chr9	78.333	1710	2183	324	30	2143	82619333	82621435	2332	0	1273	-
chr1:82141710-82142039|ORR1E	chr9	82.772	1989	2403	299	2	2330	83461225	83463586	2330	0	2037	-
chr1:82545243-82545583|ORR1E	chr9	82.971	1754	2114	279	268	2341	83841219	83843291	2341	0	1834	-
chr1:85239478-85239585|ORR1E	chr9	86.614	330	381	45	875	1253	86192273	86192649	2108	2.12e-113	416	+
chr1:84986093-84986456|ORR1E	chr9	84.016	1046	1245	153	483	1713	86194257	86195469	2364	0	1155	+
chr1:85121286-85121650|ORR1E	chr9	83.601	1040	1244	155	483	1708	86194257	86195469	2365	0	1122	+
chr1:85452777-85453141|ORR1E	chr9	83.427	1037	1243	159	483	1708	86194257	86195469	2365	0	1110	+
chr1:85572745-85573109|ORR1E	chr9	84.071	1045	1243	151	483	1708	86194257	86195469	2365	0	1155	+
chr1:86335580-86335981|ORR1D2	chr9	78.336	546	697	74	1248	1917	86981045	86981691	2402	3.17e-102	379	+
chr1:88217536-88217881|ORR1E	chr9	87.259	815	934	87	329	1255	88807052	88807960	2346	0	1037	-
chr1:88352623-88352914|ORR1E	chr9	82.077	1786	2176	279	168	2292	88951577	88953692	2292	0	1755	-
chr1:88495414-88495801|ORR1E	chr9	82.622	1122	1358	176	595	1937	89089257	89090569	2388	0	1146	-
chr1:89042985-89043310|ORR1D2	chr9	85.427	721	844	103	1488	2326	89630980	89631808	2326	0	859	+
chr1:89300053-89300345|ORR1E	chr9	76.031	387	509	81	1788	2290	89883861	89884334	2293	4.18e-56	226	+
chr1:89402365-89402634|ORR1E	chr9	79.847	1387	1682	196	565	2269	89984640	89986344	2270	0	1311	+
chr1:89742389-89742709|ORR1E	chr9	81.241	1152	1418	190	530	1923	90323735	90325100	2321	0	1075	-
chr1:90471943-90472316|ORR1E	chr9	85.008	1865	2201	232	12	2374	91071380	91073920	2374	0	2000.7	+
chr1:90643544-90643753|ORR1E	chr9	80.159	1616	2016	256	79	2074	91246914	91248805	2210	0	1375	+
chr1:92011944-92012095|ORR1E	chr9	86.467	984	1138	117	1036	2152	92586150	92587271	2152	0	1214	+
chr1:92158436-92158795|ORR1D2	chr9	82.156	1151	1401	177	975	2357	92728378	92729723	2360	0	1134	+
chr1:92190454-92190778|ORR1E	chr9	83.611	1255	1501	179	1	1443	92759458	92760949	2325	0	1347	-
chr1:92306160-92306494|ORR1E	chr9	82.152	1275	1552	180	428	1946	92875872	92877359	2335	0	1242	-
chr1:92379011-92379366|ORR1E	chr9	82.973	960	1157	124	530	1648	92952880	92954001	2356	0	977	-
chr1:93405011-93405182|ORR1D2	chr9	76.354	884	1083	112	995	2172	93947071	93948346	2172	1.27e-135	776.15	+
chr1:95397302-95397661|ORR1D2	chr9	86.965	447	514	50	1863	2360	95824460	95824972	2360	2.89e-157	562	+
chr1:95572658-95572978|ORR1D2	chr9	81.726	1364	1669	219	1	1644	95966878	95968485	2321	0	1314	+
chr1:97568997-97569330|ORR1E	chr9	86.434	669	774	76	126	886	98513608	98514365	2334	0	821	-
chr17:59189702-59190036|ORR1E	chr9	83.717	545	651	85	3	636	98912179	98912825	2335	2.81e-167	595	+
chr17:59923496-59923844|ORR1D2	chr9	82.598	1946	2356	318	2	2307	99691236	99693549	2349	0	1995	+
chr17:61015101-61015434|ORR1D2	chr9	82.472	367	445	74	1053	1497	100761151	100761591	2334	1.84e-104	387	-
chr17:62139339-62139695|ORR1D2	chr9	80.753	751	930	155	962	1877	101853595	101854514	2357	0	704	+
chr17:63104039-63104336|ORR1D2	chr9	82.391	641	778	109	218	985	102820871	102821630	2298	0	652	-
chr17:64821334-64821626|ORR1E	chr9	83.718	1576	1912	254	315	2217	104474736	104476611	2293	0	1515.25	+
chr17:67381815-67382051|ORR1E	chr9	82.494	1310	1588	187	169	1697	107369527	107371082	2237	0	1308	+
chr17:68891111-68891514|ORR1E	chr9	85.128	1439	1755	229	662	2404	108860481	108862184	2404	0	1339.5	+
chr17:69779174-69779411|ORR1E	chr9	81.01	1813	2238	329	25	2238	109687328	109689493	2238	0	1690	-
chr17:94471514-94471695|ORR1E	chr9	84.879	1581	1908	268	4	1860	111708608	111710484	2182	0	1575.1	+
chrX:20185528-20185878|ORR1D2	chrX	87.08	1011	1161	110	3	1127	2309703	2310859	2351	0	1277	+
chrX:20168453-20168850|ORR1E	chrX	87.258	541	620	65	898	1511	2320403	2321014	2398	0	695	-
chrX:18813504-18813861|ORR1E	chrX	86.53	970	1121	133	78	1194	3810391	3811497	2358	0	1218	-
chrX:18239574-18239861|ORR1D2	chrX	81.118	1001	1234	130	1088	2266	4390091	4391276	2288	0	893	+
chrX:15106178-15106549|ORR1D2	chrX	80.97	1319	1629	252	741	2340	7717897	7719496	2372	0	1238	-
chrX:15102896-15103209|ORR1D2	chrX	82.598	1030	1247	168	1	1230	7728326	7729540	2314	0	1055	+
chrX:15036234-15036588|ORR1D2	chrX	84.723	1270	1499	166	3	1477	7794626	7796085	2355	0	1441	+
chrX:13798856-13798994|ORR1E	chrX	86.694	645	744	78	784	1511	8954472	8955210	2139	0	806	-
chrX:12886428-12886697|ORR1E	chrX	83.552	1275	1526	181	1	1510	9906397	9907868	2270	0	1363	+
chrX:11647017-11647380|ORR1D2	chrX	83.811	1170	1396	153	993	2353	11130357	11131714	2364	0	1258	+
chrX:10902709-10902902|ORR1E	chrX	83.719	977	1167	147	3	1149	11856846	11857989	2194	0	1062	+
chrX:10347327-10347658|ORR1E	chrX	83.353	721	865	104	77	923	12421884	12422726	2332	0	763	-
chrX:9064334-9064641|ORR1D2	chrX	82.184	715	870	133	1446	2305	13802079	13802936	2308	0	728	+
chrX:8453067-8453306|ORR1E	chrX	81.341	1456	1790	238	8	1755	13929092	13930827	2240	0	1367	+
chrX:8582129-8582346|ORR1E	chrX	80.651	1413	1752	245	3	1711	13929099	13930799	2218	0	1271	+
chrX:7556318-7556664|ORR1D2	chrX	83.717	545	651	78	473	1112	14952413	14953046	2347	1.32e-165	590	-
chrX:153273546-153273886|ORR1E	chrX	82.805	1595	1909	219	478	2338	18079926	18081809	2341	0	1614.05	+
chrX:152092540-152092877|ORR1D2	chrX	84.978	1533	1804	191	578	2332	21182777	21184549	2338	0	1757	-
chrX:128914471-128914810|ORR1D2	chrX	82.1	477	581	80	521	1095	22567642	22568204	2340	3.83e-131	475	-
chrX:168726506-168726706|ORR1E	chrX	84.076	792	942	111	1289	2201	25578140	25579071	2201	0	872	-
chrX:168338211-168338575|ORR1D2	chrX	82.678	1241	1501	189	1	1489	25931547	25932988	2365	0	1266	+
chrX:167359670-167360012|ORR1E	chrX	83.638	1099	1314	153	240	1522	26997622	26998904	2343	0	1179	+
chrX:166667935-166668043|ORR1E	chrX	83.789	1345	1580	175	3	1629	27794820	27796289	2109	0	1482	+
chrX:166304417-166304756|ORR1E	chrX	82.168	2009	2445	261	1	2339	28136115	28138490	2340	0	1938	-
chrX:165156406-165156516|ORR1E	chrX	83.688	1180	1410	175	735	2106	29212472	29213864	2111	0	1279	-
chrX:163743913-163744258|ORR1D2	chrX	84.037	1453	1729	188	16	1679	30758823	30760528	2346	0	1583	+
chrX:162501005-162501336|ORR1D2	chrX	81.784	1293	1581	189	796	2309	32212929	32214477	2332	0	1232	-
chrX:158183458-158183810|ORR1E	chrX	81.572	1744	2138	264	1	2090	36809052	36811107	2353	0	1646	+
chrX:157648264-157648502|ORR1E	chrX	84.981	1098	1295	137	1	1842	37365949	37367695	2239	0	1183.7	+
chrX:77003921-77004332|ORR1D2	chrX	85.992	2075	2422	253	35	2400	41042089	41044575	2412	0	2339.85	+
chrX:85789262-85789549|ORR1D2	chrX	85.988	448	521	66	1772	2288	50249841	50250358	2288	6.05e-154	551	-
chrX:85868077-85868296|ORR1D2	chrX	84.354	771	914	105	2	901	50401382	50402271	2220	0	861	-
chrX:92418004-92418248|ORR1D2	chrX	84.049	1703	2011	240	289	2245	57180039	57182075	2245	0	1846.8	+
chrX:92423737-92424117|ORR1D2	chrX	89.542	1734	2011	166	41	2381	57185403	57187902	2381	0	1973.15	+
chrX:94434837-94435306|ORR1D2	chrX	84.24	1053	1250	139	9	1252	59285575	59286772	2470	0	1164	-
chrX:95436102-95436401|ORR1D2	chrX	85.872	857	998	126	1	986	60306350	60307344	2300	0	1048	+
chrX:95525148-95525392|ORR1D2	chrX	87.593	939	1072	116	868	1934	60384405	60385464	2245	0	1227	+
chrX:95655936-95656208|ORR1D2	chrX	83.99	1920	2286	258	19	2265	60542927	60545143	2273	0	2095	-
chrX:95709430-95709776|ORR1D2	chrX	85.539	1745	2040	234	324	2344	60612714	60614711	2347	0	2076	+
chrX:96178521-96178859|ORR1E	chrX	85.464	682	798	66	1	771	61075411	61076185	2339	0	785	-
chrX:99382072-99382422|ORR1E	chrX	80.238	1754	2186	307	10	2151	64495511	64497615	2351	0	1528	-
chrX:99664224-99664508|ORR1E	chrX	86.015	1999	2324	252	4	2285	64776585	64778877	2285	0	2423	-
chrX:99990088-99990442|ORR1E	chrX	87.308	1025	1174	123	2	1164	65090636	65091794	2355	0	1319	+
chrX:101917728-101918091|ORR1D2	chrX	80.866	1568	1939	196	463	2364	67030726	67032526	2364	0	1363	-
chrX:103572206-103572449|ORR1E	chrX	85.244	1190	1396	152	881	2244	68590742	68592115	2244	0	1387	+
chrX:104474320-104474644|ORR1E	chrX	85.185	1419	1665	189	184	1983	69506314	69508056	2325	0	1577.95	+
chrX:106741244-106741457|ORR1E	chrX	84.697	1605	1895	228	1	1867	71838438	71840298	2214	0	1836	-
chrX:107160818-107161167|ORR1D2	chrX	82.468	1778	2156	283	164	2290	72266362	72268451	2350	0	1799	+
chrX:108663064-108663454|ORR1D2	chrX	83.988	1867	2160	242	1	2391	73693323	73695671	2391	0	2204	+
chrX:112219976-112220301|ORR1E	chrX	87.213	989	1134	118	677	1796	77283921	77285041	2326	0	1266	-
chrX:113003554-113003932|ORR1D2	chrX	85.051	1246	1465	156	939	2377	78148053	78149480	2379	0	1434	-
chrX:114742185-114742339|ORR1D2	chrX	82.782	1726	2085	259	131	2152	79923710	79925757	2155	0	1770	-
chrX:115681233-115681317|ORR1D2	chrX	81.471	598	734	105	1086	1799	80890458	80891180	2085	1.18e-160	573	-
chrX:129766150-129766480|ORR1D2	chrX	85.407	2025	2371	255	1	2331	92408521	92410840	2331	0	2377	-
chrX:130473545-130473874|ORR1E	chrX	82.929	1161	1400	189	442	1814	93243592	93244968	2330	0	1216	-
chrX:130638558-130638902|ORR1D2	chrX	84.345	1320	1565	175	699	2220	93438611	93440148	2345	0	1469	+
chrX:130719000-130719275|ORR1D2	chrX	85.151	929	1091	132	107	1183	93521723	93522797	2276	0	1090	-
chrX:130719507-130719761|ORR1D2	chrX	83.704	1392	1663	193	587	2213	93521723	93523343	2255	0	1498	+
chrX:131084529-131084881|ORR1D2	chrX	91.625	733	800	67	361	1160	93955479	93956278	2353	0	1107	-
chrX:131370370-131370638|ORR1E	chrX	81.991	1541	1800	185	185	2269	94251045	94253247	2269	0	1730.9	+
chrX:132312417-132312748|ORR1D2	chrX	79.386	982	1237	193	1137	2330	95358416	95359633	2332	0	815	+
chrX:139111452-139111802|ORR1D2	chrX	83.574	1562	1869	210	516	2351	102697079	102698883	2351	0	1661	+
chrX:142396085-142396429|ORR1E	chrX	82.794	1227	1482	163	691	2128	106010868	106012301	2345	0	1240	+
chrX:142526502-142526766|ORR1E	chrX	82.449	653	792	88	1	770	106137153	106137915	2265	0	645	-
chrX:142664954-142665333|ORR1E	chrX	84.664	2015	2380	260	1	2353	106267822	106270123	2380	0	2276	-
chrX:143305404-143305743|ORR1E	chrX	84.801	2003	2362	266	3	2340	106907991	106910283	2340	0	2287	+
chrX:144606186-144606504|ORR1D2	chrX	80.732	662	820	100	1	788	108143881	108144674	2319	1.68e-164	586	+
chrX:146513351-146513550|ORR1D2	chrX	79.826	827	1036	167	176	1196	110089428	110090436	2200	0	717	+
chrX:23718306-23718638|ORR1D2	chrX	83.662	1901	2286	237	38	2333	114500259	114502482	2333	0	1855.35	+
chrX:41533504-41533815|ORR1E	chrX	86.172	1614	1873	182	1	1832	120362949	120364785	2312	0	1953	-
chrX:44030620-44030928|ORR1E	chrX	84.82	1246	1469	160	3	1443	122889107	122890540	2309	0	1419	+
chrX:48046286-48046646|ORR1E	chrX	86.38	1909	2210	241	1	2187	127224205	127226377	2361	0	2359	-
chrX:48680618-48680980|ORR1E	chrX	83.507	1362	1631	186	571	2164	127870052	127871636	2363	0	1445	-
chrX:51295244-51295426|ORR1E	chrX	85.693	1049	1232	122	991	2177	130820493	130821796	2183	0	1145.7	+
chrX:58819025-58819392|ORR1E	chrX	83.918	1482	1766	180	648	2368	136995150	136996856	2368	0	1592	-
chrX:59311509-59311870|ORR1D2	chrX	81.355	1789	2199	295	229	2362	137512817	137514965	2362	0	1683	+
chrX:59524300-59524677|ORR1E	chrX	84.606	1363	1611	211	778	2369	137733862	137735454	2378	0	1567	+
chrX:60021048-60021373|ORR1D2	chrX	81.51	842	1033	112	1314	2326	138377129	138378102	2326	0	776	-
chrX:61692550-61692886|ORR1E	chrX	83.607	1351	1609	195	744	2320	140057981	140059597	2337	0	1409.8	+
chrX:62043749-62043996|ORR1D2	chrX	84.32	285	338	45	1779	2109	140349610	140349946	2248	1.41e-85	324	-
chrX:64016957-64017287|ORR1D2	chrX	82.928	1433	1728	219	645	2323	142435581	142437281	2331	0	1487	-
chrX:65178551-65178662|ORR1E	chrX	80.779	311	385	42	1	375	143661844	143662206	2112	4.87e-70	272	+
chrX:66551722-66552054|ORR1E	chrX	85.342	1211	1419	171	933	2330	145103609	145105011	2333	0	1434	+
chrX:68977900-68978249|ORR1D2	chrX	86.304	1651	1913	199	3	1893	147505395	147507266	2350	0	2023	-
